[Licensing::Module] Trying to connect to existing licensing client channel...
Built from '6000.2/respin/6000.2.7f1-2eb0c79396db' branch; Version is '6000.2.7f2 (2b518236b676) revision 2838914'; Using compiler version '194234433'; Build Type 'Release'
[Licensing::IpcConnector] Successfully connected to: "LicenseClient-abc1" at "2025-12-29T06:42:37.4491853Z"
OS: 'Windows 11  (10.0.26100) 64bit Professional' Language: 'en' Physical Memory: 32559 MB
BatchMode: 1, IsHumanControllingUs: 0, StartBugReporterOnCrash: 0, Is64bit: 1
Date: 2025-12-29T06:42:37Z

COMMAND LINE ARGUMENTS:
C:\Program Files\Unity\Hub\Editor\6000.2.7f2\Editor\Unity.exe
-adb2
-batchMode
-noUpm
-name
AssetImportWorker0
-projectPath
C:/Users/abc1/Unity Tasks/Unity_CR_VR/exportedVR12
-logFile
Logs/AssetImportWorker0.log
-srvPort
54683
-licensingIpc
LicenseClient-abc1
-job-worker-count
5
-background-job-worker-count
8
-gc-helper-count
1
-name
AssetImport
Successfully changed project path to: C:/Users/abc1/Unity Tasks/Unity_CR_VR/exportedVR12
C:/Users/abc1/Unity Tasks/Unity_CR_VR/exportedVR12
[UnityMemory] Configuration Parameters - Can be set up in boot.config
    "memorysetup-allocator-temp-initial-block-size-main=262144"
    "memorysetup-allocator-temp-initial-block-size-worker=262144"
    "memorysetup-bucket-allocator-granularity=16"
    "memorysetup-bucket-allocator-bucket-count=8"
    "memorysetup-bucket-allocator-block-size=33554432"
    "memorysetup-bucket-allocator-block-count=8"
    "memorysetup-main-allocator-block-size=16777216"
    "memorysetup-thread-allocator-block-size=16777216"
    "memorysetup-gfx-main-allocator-block-size=16777216"
    "memorysetup-gfx-thread-allocator-block-size=16777216"
    "memorysetup-cache-allocator-block-size=4194304"
    "memorysetup-typetree-allocator-block-size=2097152"
    "memorysetup-profiler-bucket-allocator-granularity=16"
    "memorysetup-profiler-bucket-allocator-bucket-count=8"
    "memorysetup-profiler-bucket-allocator-block-size=33554432"
    "memorysetup-profiler-bucket-allocator-block-count=8"
    "memorysetup-profiler-allocator-block-size=16777216"
    "memorysetup-profiler-editor-allocator-block-size=1048576"
    "memorysetup-temp-allocator-size-main=16777216"
    "memorysetup-job-temp-allocator-block-size=2097152"
    "memorysetup-job-temp-allocator-block-size-background=1048576"
    "memorysetup-job-temp-allocator-reduction-small-platforms=262144"
    "memorysetup-temp-allocator-size-background-worker=32768"
    "memorysetup-temp-allocator-size-job-worker=262144"
    "memorysetup-temp-allocator-size-preload-manager=33554432"
    "memorysetup-temp-allocator-size-nav-mesh-worker=65536"
    "memorysetup-temp-allocator-size-audio-worker=65536"
    "memorysetup-temp-allocator-size-cloud-worker=32768"
    "memorysetup-temp-allocator-size-gi-baking-worker=262144"
    "memorysetup-temp-allocator-size-gi-baking-worker=262144"
    "memorysetup-temp-allocator-size-gi-baking-worker=262144"
    "memorysetup-temp-allocator-size-gi-baking-worker=262144"
    "memorysetup-temp-allocator-size-gi-baking-worker=262144"
    "memorysetup-temp-allocator-size-gfx=262144"
Player connection [15856]  Target information:

Player connection [15856]  * "[IP] 192.168.0.75 [Port] 0 [Flags] 2 [Guid] 1197497233 [EditorId] 1197497233 [Version] 1048832 [Id] WindowsEditor(7,DESKTOP-9UCPBNO) [Debug] 1 [PackageName] WindowsEditor [ProjectName] Editor" 

Player connection [15856] Host joined multi-casting on [225.0.0.222:54997]...
Player connection [15856] Host joined alternative multi-casting on [225.0.0.222:34997]...
JobSystem: Creating JobQueue using job-worker-count value 5
Input System module state changed to: Initialized.
[Physics::Module] Initialized fallback backend.
[Physics::Module] Id: 0xdecafbad
[Licensing::Client] Code 10 while verifying Licensing Client signature (process Id: 13616, path: "C:/Program Files/Unity Hub/UnityLicensingClient_V1/Unity.Licensing.Client.exe")
[Licensing::Module] LicensingClient has failed validation; ignoring
[Licensing::Client] Handshaking with LicensingClient:
  Version:                 1.17.4+4293ba1
  Session Id:              fba0f5c96d0b4c248d3d7e7fcd4bb397
  Correlation Id:          afcf65bb5779f46ac61ee5fd4eaba5e3
  External correlation Id: 7809428679560752873
  Machine Id:              tmj5A/zUPt3OrNZpACSEaq6TOxQ=
[Licensing::Module] Successfully connected to LicensingClient on channel: "LicenseClient-abc1" (connect: 0.00s, validation: 0.00s, handshake: 0.03s)
[Licensing::IpcConnector] Successfully connected to: "LicenseClient-abc1-notifications" at "2025-12-29T06:42:37.4841278Z"
[Licensing::Module] Licensing Background thread has ended after 0.04s
Library Redirect Path: Library/
[Physics::Module] Selected backend.
[Physics::Module] Name: PhysX
[Physics::Module] Id: 0xf2b8ea05
[Physics::Module] SDK Version: 4.1.2
[Physics::Module] Integration Version: 1.0.0
[Physics::Module] Threading Mode: Multi-Threaded
Refreshing native plugins compatible for Editor in 21.08 ms, found 17 plugins.
Unity memory allocator detected: MetaXRAudio native memory allocations will be tracked.
Preloading 2 native plugins for Editor in 1.95 ms.
Initialize engine version: 6000.2.7f2 (2b518236b676)
[Subsystems] Discovering subsystems at path C:/Program Files/Unity/Hub/Editor/6000.2.7f2/Editor/Data/Resources/UnitySubsystems
[Subsystems] Discovering subsystems at path C:/Users/abc1/Unity Tasks/Unity_CR_VR/exportedVR12/Assets
GfxDevice: creating device client; kGfxThreadingModeNonThreaded
Direct3D:
    Version:  Direct3D 11.0 [level 11.0]
    Renderer: NVIDIA GeForce GT 610 (ID=0x104a)
    Vendor:   NVIDIA
    VRAM:     2000 MB
    Driver:   23.21.13.8813
Shader Hidden/ProbeVolume/VoxelizeScene is not supported: GPU does not support conservative rasterization
Shader 'Meta/MRUK/Scene/HighlightsAndShadows': fallback shader 'Off' not found
Shader 'Oculus/OVRMRCameraFrameLit': fallback shader 'Alpha-Diffuse' not found
Initialize mono
Mono path[0] = 'C:/Program Files/Unity/Hub/Editor/6000.2.7f2/Editor/Data/Managed'
Mono path[1] = 'C:/Program Files/Unity/Hub/Editor/6000.2.7f2/Editor/Data/MonoBleedingEdge/lib/mono/unityjit-win32'
Mono config path = 'C:/Program Files/Unity/Hub/Editor/6000.2.7f2/Editor/Data/MonoBleedingEdge/etc'
Using monoOptions --debugger-agent=transport=dt_socket,embedding=1,server=y,suspend=n,address=127.0.0.1:56572
Begin MonoManager ReloadAssembly
Registering precompiled unity dll's ...
Register platform support module: C:/Program Files/Unity/Hub/Editor/6000.2.7f2/Editor/Data/PlaybackEngines/WindowsStandaloneSupport/UnityEditor.WindowsStandalone.Extensions.dll
[Licensing::Client] Successfully resolved entitlement details
[Licensing::Module] License group:
  Id: 13469868281614-UnityPersXXXX
  Product: Unity Personal
  Type: Assigned
  Expiration: Unlimited
Register platform support module: C:/Program Files/Unity/Hub/Editor/6000.2.7f2/Editor/Data/PlaybackEngines/AndroidPlayer/UnityEditor.Android.Extensions.dll
Registered in 0.003696 seconds.
- Loaded All Assemblies, in  0.353 seconds
Native extension for Android target not found
Android Extension - Scanning For ADB Devices 2258 ms
Native extension for WindowsStandalone target not found
Mono: successfully reloaded assembly
- Finished resetting the current domain, in  2.649 seconds
Domain Reload Profiling: 3001ms
	BeginReloadAssembly (117ms)
		ExecutionOrderSort (0ms)
		DisableScriptedObjects (0ms)
		BackupInstance (0ms)
		ReleaseScriptingObjects (0ms)
		CreateAndSetChildDomain (1ms)
	RebuildCommonClasses (35ms)
	RebuildNativeTypeToScriptingClass (11ms)
	initialDomainReloadingComplete (46ms)
	LoadAllAssembliesAndSetupDomain (142ms)
		LoadAssemblies (115ms)
		RebuildTransferFunctionScriptingTraits (0ms)
		AnalyzeDomain (139ms)
			TypeCache.Refresh (137ms)
				TypeCache.ScanAssembly (126ms)
			BuildScriptInfoCaches (0ms)
			ResolveRequiredComponents (0ms)
	FinalizeReload (2649ms)
		ReleaseScriptCaches (0ms)
		RebuildScriptCaches (0ms)
		SetupLoadedEditorAssemblies (2596ms)
			LogAssemblyErrors (0ms)
			InitializePlatformSupportModulesInManaged (2347ms)
			SetLoadedEditorAssemblies (5ms)
			BeforeProcessingInitializeOnLoad (62ms)
			ProcessInitializeOnLoadAttributes (117ms)
			ProcessInitializeOnLoadMethodAttributes (65ms)
			AfterProcessingInitializeOnLoad (0ms)
			EditorAssembliesLoaded (0ms)
		ExecutionOrderSort2 (0ms)
		AwakeInstancesAfterBackupRestoration (0ms)
========================================================================
Worker process is ready to serve import requests
Import Worker Mode flag is 0x00
Begin MonoManager ReloadAssembly
[Licensing::Client] Successfully resolved entitlement details
Symbol file LoadedFromMemory is not a mono symbol file
- Loaded All Assemblies, in  1.063 seconds
Script 'CharacterController' has the same name as built-in Unity component.
AddComponent and GetComponent will not work with this script.
'Packages/com.meta.xr.sdk.core/Editor/BuildingBlocks/BlocksWindow.cs' contains partial class of Unity.Object, exactly 1 of the partial classes needs to be in a file with the same filename. This is to know the one that can be referenced from ie. GameObjects
'Packages/com.meta.xr.sdk.core/Editor/BuildingBlocks/BlocksWindowDetailsExtension.cs' contains partial class of Unity.Object, exactly 1 of the partial classes needs to be in a file with the same filename. This is to know the one that can be referenced from ie. GameObjects
'Packages/com.meta.xr.sdk.core/Editor/BuildingBlocks/BlocksWindowCollectionsPageExtension.cs' contains partial class of Unity.Object, exactly 1 of the partial classes needs to be in a file with the same filename. This is to know the one that can be referenced from ie. GameObjects
Refreshing native plugins compatible for Editor in 13.35 ms, found 17 plugins.
Native extension for Android target not found
Native extension for WindowsStandalone target not found
✔ Editor Prefs cleaned.
UnityEngine.Debug:ExtractStackTraceNoAlloc (byte*,int,string)
UnityEngine.StackTraceUtility:ExtractStackTrace ()
UnityEngine.DebugLogHandler:Internal_Log (UnityEngine.LogType,UnityEngine.LogOption,string,UnityEngine.Object)
UnityEngine.DebugLogHandler:LogFormat (UnityEngine.LogType,UnityEngine.Object,string,object[])
UnityEngine.Logger:Log (UnityEngine.LogType,object)
UnityEngine.Debug:Log (object)
ClearUnityEditorPrefs:.cctor () (at Assets/Editor/ClearMetaGuidePrefs.cs:11)
System.Runtime.CompilerServices.RuntimeHelpers:RunClassConstructor (System.RuntimeTypeHandle)
UnityEditor.EditorAssemblies:ProcessInitializeOnLoadAttributes (System.Type[])

(Filename: Assets/Editor/ClearMetaGuidePrefs.cs Line: 11)

Package Manager log level set to [2]
[Package Manager] Failed to launch server process. Reason: Unity was launched with the -noUpm command-line argument
[Package Manager] Unable to send message (not connected to server process).
[Package Manager] Cannot connect to Unity Package Manager local server
Refreshing native plugins compatible for Editor in 15.89 ms, found 17 plugins.
[Package Manager] Failed to launch server process. Reason: Unity was launched with the -noUpm command-line argument
[Package Manager] Unable to send message (not connected to server process).
[Package Manager] Cannot connect to Unity Package Manager local server
[Package Manager] Failed to launch server process. Reason: Unity was launched with the -noUpm command-line argument
[Package Manager] Unable to send message (not connected to server process).
[Package Manager] Cannot connect to Unity Package Manager local server
Mono: successfully reloaded assembly
[Package Manager] Failed to launch server process. Reason: Unity was launched with the -noUpm command-line argument
[Package Manager] Unable to send message (not connected to server process).
[Package Manager] Cannot connect to Unity Package Manager local server
[Package Manager] Failed to launch server process. Reason: Unity was launched with the -noUpm command-line argument
[Package Manager] Unable to send message (not connected to server process).
[Package Manager] Cannot connect to Unity Package Manager local server
- Finished resetting the current domain, in  1.457 seconds
Domain Reload Profiling: 2515ms
	BeginReloadAssembly (178ms)
		ExecutionOrderSort (0ms)
		DisableScriptedObjects (6ms)
		BackupInstance (0ms)
		ReleaseScriptingObjects (0ms)
		CreateAndSetChildDomain (35ms)
	RebuildCommonClasses (36ms)
	RebuildNativeTypeToScriptingClass (12ms)
	initialDomainReloadingComplete (38ms)
	LoadAllAssembliesAndSetupDomain (793ms)
		LoadAssemblies (429ms)
		RebuildTransferFunctionScriptingTraits (0ms)
		AnalyzeDomain (457ms)
			TypeCache.Refresh (317ms)
				TypeCache.ScanAssembly (292ms)
			BuildScriptInfoCaches (112ms)
			ResolveRequiredComponents (24ms)
	FinalizeReload (1457ms)
		ReleaseScriptCaches (0ms)
		RebuildScriptCaches (0ms)
		SetupLoadedEditorAssemblies (1234ms)
			LogAssemblyErrors (0ms)
			InitializePlatformSupportModulesInManaged (10ms)
			SetLoadedEditorAssemblies (5ms)
			BeforeProcessingInitializeOnLoad (184ms)
			ProcessInitializeOnLoadAttributes (860ms)
			ProcessInitializeOnLoadMethodAttributes (170ms)
			AfterProcessingInitializeOnLoad (4ms)
			EditorAssembliesLoaded (0ms)
		ExecutionOrderSort2 (0ms)
		AwakeInstancesAfterBackupRestoration (6ms)
Shader 'Oculus/OVRMRCameraFrameLit': fallback shader 'Alpha-Diffuse' not found
Shader 'Meta/MRUK/Scene/HighlightsAndShadows': fallback shader 'Off' not found
Shader Hidden/ProbeVolume/VoxelizeScene is not supported: GPU does not support conservative rasterization
Launched and connected shader compiler UnityShaderCompiler.exe after 0.01 seconds
D3D shader create error for vertex shader [0x80070057]
D3D shader create error for vertex shader [0x80070057]
D3D shader create error for vertex shader [0x80070057]
Refreshing native plugins compatible for Editor in 11.15 ms, found 17 plugins.
Preloading 2 native plugins for Editor in 0.11 ms.
Unloading 16 Unused Serialized files (Serialized files now loaded: 0)
Unloading 9820 unused Assets / (6.7 MB). Loaded Objects now: 10586.
Memory consumption went from 175.6 MB to 168.8 MB.
Total: 16.487700 ms (FindLiveObjects: 0.898600 ms CreateObjectMapping: 0.668100 ms MarkObjects: 11.454300 ms  DeleteObjects: 3.465400 ms)

========================================================================
Received Import Request.
  Time since last request: 9248.444024 seconds.
  path: Assets/Readme.asset
  artifactKey: Guid(8105016687592461f977c054a80ce2f2) Importer(815301076,1909f56bfc062723c751e8b465ee728b)
Start importing Assets/Readme.asset using Guid(8105016687592461f977c054a80ce2f2) Importer(815301076,1909f56bfc062723c751e8b465ee728b) (PreviewImporter) -> (artifact id: '7564957e633b305f4e69560a9de8e20a') in 0.0059273 seconds
Number of updated asset objects reloaded before import = 0Number of asset objects unloaded after import = 1

========================================================================
Received Import Request.
  Time since last request: 56.187334 seconds.
  path: Assets/Samples
  artifactKey: Guid(b1a9bac0e3ddf77408be600658748909) Importer(815301076,1909f56bfc062723c751e8b465ee728b)
Start importing Assets/Samples using Guid(b1a9bac0e3ddf77408be600658748909) Importer(815301076,1909f56bfc062723c751e8b465ee728b) (PreviewImporter) -> (artifact id: 'dbf59836c9d91ca70ba0198ccf5c28bd') in 0.0006048 seconds
Number of updated asset objects reloaded before import = 0Number of asset objects unloaded after import = 0

========================================================================
Received Import Request.
  Time since last request: 0.175932 seconds.
  path: Assets/resources
  artifactKey: Guid(845a351765ff8964b9b2aaf4dcd8093a) Importer(815301076,1909f56bfc062723c751e8b465ee728b)
Start importing Assets/resources using Guid(845a351765ff8964b9b2aaf4dcd8093a) Importer(815301076,1909f56bfc062723c751e8b465ee728b) (PreviewImporter) -> (artifact id: '1324a68a6a1a73b8f82a38836e241c92') in 0.0005598 seconds
Number of updated asset objects reloaded before import = 0Number of asset objects unloaded after import = 0

========================================================================
Received Import Request.
  Time since last request: 0.037193 seconds.
  path: Assets/resources/ArcherData.asset
  artifactKey: Guid(99d985cbfec822741b26845a2ea50c48) Importer(815301076,1909f56bfc062723c751e8b465ee728b)
Start importing Assets/resources/ArcherData.asset using Guid(99d985cbfec822741b26845a2ea50c48) Importer(815301076,1909f56bfc062723c751e8b465ee728b) (PreviewImporter) -> (artifact id: 'f01d14f36f95ceda1fe7ff97ff7815e7') in 0.0265755 seconds
Number of updated asset objects reloaded before import = 0Number of asset objects unloaded after import = 29

========================================================================
Received Import Request.
  Time since last request: 0.000020 seconds.
  path: Assets/resources/OVROverlayCanvasSettings.asset
  artifactKey: Guid(0a47cc2cf324b694a83f54e320bcc5bd) Importer(815301076,1909f56bfc062723c751e8b465ee728b)
Start importing Assets/resources/OVROverlayCanvasSettings.asset using Guid(0a47cc2cf324b694a83f54e320bcc5bd) Importer(815301076,1909f56bfc062723c751e8b465ee728b) (PreviewImporter) -> (artifact id: '27db2ca3348b3842d93c25a845165f89') in 0.0021388 seconds
Number of updated asset objects reloaded before import = 0Number of asset objects unloaded after import = 1

========================================================================
Received Import Request.
  Time since last request: 0.000026 seconds.
  path: Assets/resources/OculusRuntimeSettings.asset
  artifactKey: Guid(b89b7c864e546204a8d29c692b930278) Importer(815301076,1909f56bfc062723c751e8b465ee728b)
Start importing Assets/resources/OculusRuntimeSettings.asset using Guid(b89b7c864e546204a8d29c692b930278) Importer(815301076,1909f56bfc062723c751e8b465ee728b) (PreviewImporter) -> (artifact id: '86b3d5050f94b2ebc739e18fc8e8b4d0') in 0.0014207 seconds
Number of updated asset objects reloaded before import = 0Number of asset objects unloaded after import = 1

========================================================================
Received Import Request.
  Time since last request: 0.000016 seconds.
  path: Assets/resources/KnightData.asset
  artifactKey: Guid(dab877f6361eac34aa7f23827b887577) Importer(815301076,1909f56bfc062723c751e8b465ee728b)
Start importing Assets/resources/KnightData.asset using Guid(dab877f6361eac34aa7f23827b887577) Importer(815301076,1909f56bfc062723c751e8b465ee728b) (PreviewImporter) -> (artifact id: 'e2018269bf684da7bbefea0c5c2e6b3a') in 0.0020677 seconds
Number of updated asset objects reloaded before import = 0Number of asset objects unloaded after import = 28

========================================================================
Received Import Request.
  Time since last request: 0.000017 seconds.
  path: Assets/resources/InputActions.asset
  artifactKey: Guid(7d4bc51504231b042863a2160254e2e7) Importer(815301076,1909f56bfc062723c751e8b465ee728b)
Start importing Assets/resources/InputActions.asset using Guid(7d4bc51504231b042863a2160254e2e7) Importer(815301076,1909f56bfc062723c751e8b465ee728b) (PreviewImporter) -> (artifact id: '4f80967f209cafd1839aba12a7d546a1') in 0.001628 seconds
Number of updated asset objects reloaded before import = 0Number of asset objects unloaded after import = 1

========================================================================
Received Import Request.
  Time since last request: 0.000016 seconds.
  path: Assets/resources/MetaXRAcousticMaterialMapping.asset
  artifactKey: Guid(7779293cd9d29294c849ecf025a84812) Importer(815301076,1909f56bfc062723c751e8b465ee728b)
Start importing Assets/resources/MetaXRAcousticMaterialMapping.asset using Guid(7779293cd9d29294c849ecf025a84812) Importer(815301076,1909f56bfc062723c751e8b465ee728b) (PreviewImporter) -> (artifact id: 'fee585f3ebc71f93166dca593a8d6901') in 0.0043602 seconds
Number of updated asset objects reloaded before import = 0Number of asset objects unloaded after import = 1

========================================================================
Received Import Request.
  Time since last request: 1.561515 seconds.
  path: Assets/resources/Scenes
  artifactKey: Guid(3ded55f9575cf1c448a407ff44ed0a53) Importer(815301076,1909f56bfc062723c751e8b465ee728b)
Start importing Assets/resources/Scenes using Guid(3ded55f9575cf1c448a407ff44ed0a53) Importer(815301076,1909f56bfc062723c751e8b465ee728b) (PreviewImporter) -> (artifact id: 'dab9ebbfa64f851e08c755599aef3809') in 0.0005806 seconds
Number of updated asset objects reloaded before import = 0Number of asset objects unloaded after import = 0

========================================================================
Received Import Request.
  Time since last request: 45.686599 seconds.
  path: Assets/Editor/ClearMetaGuidePrefs.cs
  artifactKey: Guid(5a28374c3274f4242b01e55bfe9fa70f) Importer(2089858483,192608db42251d675da83286b1cce702)
Start importing Assets/Editor/ClearMetaGuidePrefs.cs using Guid(5a28374c3274f4242b01e55bfe9fa70f) Importer(2089858483,192608db42251d675da83286b1cce702) (ScriptedImporter) -> (artifact id: '591ee4385d26d2a2db292f22758ba3c3') in 0.224481 seconds
Number of updated asset objects reloaded before import = 0Number of asset objects unloaded after import = 0

========================================================================
Received Import Request.
  Time since last request: 0.000016 seconds.
  path: Assets/resources/OVRPlatformToolSettings.asset
  artifactKey: Guid(2fb08e897fa5e04429d0dcc596b19d7c) Importer(2089858483,192608db42251d675da83286b1cce702)
Start importing Assets/resources/OVRPlatformToolSettings.asset using Guid(2fb08e897fa5e04429d0dcc596b19d7c) Importer(2089858483,192608db42251d675da83286b1cce702) (ScriptedImporter) -> (artifact id: 'd2813dc4f1bfce208322c5ed8bc1d588') in 0.0245114 seconds
Number of updated asset objects reloaded before import = 0Number of asset objects unloaded after import = 1

========================================================================
Received Import Request.
  Time since last request: 0.000027 seconds.
  path: Assets/resources/Prefab/SessionManager.prefab
  artifactKey: Guid(02dc21c6400aa0447912e993c20e57ff) Importer(2089858483,192608db42251d675da83286b1cce702)
Start importing Assets/resources/Prefab/SessionManager.prefab using Guid(02dc21c6400aa0447912e993c20e57ff) Importer(2089858483,192608db42251d675da83286b1cce702) (ScriptedImporter) -> (artifact id: '469600b68f27a69d4c9f92353944440d') in 0.1193783 seconds
Number of updated asset objects reloaded before import = 0Number of asset objects unloaded after import = 5

========================================================================
Received Import Request.
  Time since last request: 0.000014 seconds.
  path: Assets/TextMesh Pro/Shaders/TMP_SDF-Mobile.shader
  artifactKey: Guid(fe393ace9b354375a9cb14cdbbc28be4) Importer(2089858483,192608db42251d675da83286b1cce702)
Start importing Assets/TextMesh Pro/Shaders/TMP_SDF-Mobile.shader using Guid(fe393ace9b354375a9cb14cdbbc28be4) Importer(2089858483,192608db42251d675da83286b1cce702) (ScriptedImporter) -> (artifact id: '6bbb74ac5d2528e209c195afa0e97d25') in 0.0087111 seconds
Number of updated asset objects reloaded before import = 0Number of asset objects unloaded after import = 1

========================================================================
Received Import Request.
  Time since last request: 0.000016 seconds.
  path: Assets/TextMesh Pro/Resources/TMP Settings.asset
  artifactKey: Guid(3f5b5dff67a942289a9defa416b206f3) Importer(2089858483,192608db42251d675da83286b1cce702)
Start importing Assets/TextMesh Pro/Resources/TMP Settings.asset using Guid(3f5b5dff67a942289a9defa416b206f3) Importer(2089858483,192608db42251d675da83286b1cce702) (ScriptedImporter) -> (artifact id: 'd61eac618258aa4ba3e05f7c8fee7dea') in 0.0249821 seconds
Number of updated asset objects reloaded before import = 0Number of asset objects unloaded after import = 15

========================================================================
Received Import Request.
  Time since last request: 0.000016 seconds.
  path: Assets/resources/InputActions.asset
  artifactKey: Guid(7d4bc51504231b042863a2160254e2e7) Importer(2089858483,192608db42251d675da83286b1cce702)
Start importing Assets/resources/InputActions.asset using Guid(7d4bc51504231b042863a2160254e2e7) Importer(2089858483,192608db42251d675da83286b1cce702) (ScriptedImporter) -> (artifact id: 'e3fc48c1482284350f453f1274f8628a') in 0.0041601 seconds
Number of updated asset objects reloaded before import = 0Number of asset objects unloaded after import = 1

========================================================================
Received Import Request.
  Time since last request: 0.000022 seconds.
  path: Assets/resources/Prefab/_AppSystems.prefab
  artifactKey: Guid(b6875bbd65c3c39478511e3a707d6d04) Importer(2089858483,192608db42251d675da83286b1cce702)
Start importing Assets/resources/Prefab/_AppSystems.prefab using Guid(b6875bbd65c3c39478511e3a707d6d04) Importer(2089858483,192608db42251d675da83286b1cce702) (ScriptedImporter) -> (artifact id: 'd9979fff0596287da6992938e1748569') in 0.0090686 seconds
Number of updated asset objects reloaded before import = 0Number of asset objects unloaded after import = 19

========================================================================
Received Import Request.
  Time since last request: 0.000015 seconds.
  path: Assets/resources/OculusRuntimeSettings.asset
  artifactKey: Guid(b89b7c864e546204a8d29c692b930278) Importer(2089858483,192608db42251d675da83286b1cce702)
Start importing Assets/resources/OculusRuntimeSettings.asset using Guid(b89b7c864e546204a8d29c692b930278) Importer(2089858483,192608db42251d675da83286b1cce702) (ScriptedImporter) -> (artifact id: '836e2adf9ded815743dcd15f0e6cd126') in 0.0072889 seconds
Number of updated asset objects reloaded before import = 0Number of asset objects unloaded after import = 1

========================================================================
Received Import Request.
  Time since last request: 0.000014 seconds.
  path: Assets/resources/OVROverlayCanvasSettings.asset
  artifactKey: Guid(0a47cc2cf324b694a83f54e320bcc5bd) Importer(2089858483,192608db42251d675da83286b1cce702)
Start importing Assets/resources/OVROverlayCanvasSettings.asset using Guid(0a47cc2cf324b694a83f54e320bcc5bd) Importer(2089858483,192608db42251d675da83286b1cce702) (ScriptedImporter) -> (artifact id: '679ad65b7765e088162ed7f3a396e96b') in 0.0058891 seconds
Number of updated asset objects reloaded before import = 0Number of asset objects unloaded after import = 1

========================================================================
Received Import Request.
  Time since last request: 0.000017 seconds.
  path: Assets/_Tanks/Tanks!_Third-PartyNotice.txt
  artifactKey: Guid(0540cebe69e29f944a689b66e3d41275) Importer(2089858483,192608db42251d675da83286b1cce702)
Start importing Assets/_Tanks/Tanks!_Third-PartyNotice.txt using Guid(0540cebe69e29f944a689b66e3d41275) Importer(2089858483,192608db42251d675da83286b1cce702) (ScriptedImporter) -> (artifact id: '4d65d7e27340118f99401cc1eb0ceb9e') in 0.0039626 seconds
Number of updated asset objects reloaded before import = 0Number of asset objects unloaded after import = 1

========================================================================
Received Import Request.
  Time since last request: 0.000015 seconds.
  path: Assets/TextMesh Pro/Shaders/TMP_Bitmap-Mobile.shader
  artifactKey: Guid(1e3b057af24249748ff873be7fafee47) Importer(2089858483,192608db42251d675da83286b1cce702)
Start importing Assets/TextMesh Pro/Shaders/TMP_Bitmap-Mobile.shader using Guid(1e3b057af24249748ff873be7fafee47) Importer(2089858483,192608db42251d675da83286b1cce702) (ScriptedImporter) -> (artifact id: '1d91fdad17b16c08d8f27705c41940eb') in 0.0050269 seconds
Number of updated asset objects reloaded before import = 0Number of asset objects unloaded after import = 1

========================================================================
Received Import Request.
  Time since last request: 0.000015 seconds.
  path: Assets/Oculus/OculusProjectConfig.asset
  artifactKey: Guid(7f5ff36ab83c4fc4f9278f9a93d6d8c8) Importer(2089858483,192608db42251d675da83286b1cce702)
Start importing Assets/Oculus/OculusProjectConfig.asset using Guid(7f5ff36ab83c4fc4f9278f9a93d6d8c8) Importer(2089858483,192608db42251d675da83286b1cce702) (ScriptedImporter) -> (artifact id: '4ecb77596c2e2f0a1025b4ec170ec178') in 0.0556054 seconds
Number of updated asset objects reloaded before import = 0Number of asset objects unloaded after import = 1

========================================================================
Received Import Request.
  Time since last request: 0.000024 seconds.
  path: Assets/Settings/Mobile_Renderer.asset
  artifactKey: Guid(65bc7dbf4170f435aa868c779acfb082) Importer(2089858483,192608db42251d675da83286b1cce702)
Start importing Assets/Settings/Mobile_Renderer.asset using Guid(65bc7dbf4170f435aa868c779acfb082) Importer(2089858483,192608db42251d675da83286b1cce702) (ScriptedImporter) -> (artifact id: '07ae793c447f461e0d9b96f10867721f') in 0.0351959 seconds
Number of updated asset objects reloaded before import = 0Number of asset objects unloaded after import = 2

========================================================================
Received Import Request.
  Time since last request: 0.000014 seconds.
  path: Assets/resources/Scenes/Result.unity
  artifactKey: Guid(963e9cf3ef889944b86f12f713991165) Importer(2089858483,192608db42251d675da83286b1cce702)
Start importing Assets/resources/Scenes/Result.unity using Guid(963e9cf3ef889944b86f12f713991165) Importer(2089858483,192608db42251d675da83286b1cce702) (ScriptedImporter) -> (artifact id: 'cd5b3ba3b37932fa9f645713b23e4d77') in 0.0135555 seconds
Number of updated asset objects reloaded before import = 0Number of asset objects unloaded after import = 1

========================================================================
Received Import Request.
  Time since last request: 0.000021 seconds.
  path: Assets/Settings/PC_Renderer.asset
  artifactKey: Guid(f288ae1f4751b564a96ac7587541f7a2) Importer(2089858483,192608db42251d675da83286b1cce702)
Start importing Assets/Settings/PC_Renderer.asset using Guid(f288ae1f4751b564a96ac7587541f7a2) Importer(2089858483,192608db42251d675da83286b1cce702) (ScriptedImporter) -> (artifact id: 'a301ffae22856059a7fb33451b242fc8') in 0.0129899 seconds
Number of updated asset objects reloaded before import = 0Number of asset objects unloaded after import = 1

========================================================================
Received Import Request.
  Time since last request: 0.000014 seconds.
  path: Assets/Castle imported/Models/Road/CS_Road_Turn.fbx
  artifactKey: Guid(5101aa72917777a4eb95779d71aa1926) Importer(2089858483,192608db42251d675da83286b1cce702)
Start importing Assets/Castle imported/Models/Road/CS_Road_Turn.fbx using Guid(5101aa72917777a4eb95779d71aa1926) Importer(2089858483,192608db42251d675da83286b1cce702) (ScriptedImporter) -> (artifact id: '17866e3bdbbe62250d9cdaefe49e6ef7') in 0.0792925 seconds
Number of updated asset objects reloaded before import = 0Number of asset objects unloaded after import = 9

========================================================================
Received Import Request.
  Time since last request: 0.000019 seconds.
  path: Assets/Castle imported/Models/Road/CS_Road_square.fbx
  artifactKey: Guid(86ec0b33e76f0e34f9d8e6e11f9d0578) Importer(2089858483,192608db42251d675da83286b1cce702)
Start importing Assets/Castle imported/Models/Road/CS_Road_square.fbx using Guid(86ec0b33e76f0e34f9d8e6e11f9d0578) Importer(2089858483,192608db42251d675da83286b1cce702) (ScriptedImporter) -> (artifact id: '559fb1723f949c3b3500bbb587b2f153') in 0.0117506 seconds
Number of updated asset objects reloaded before import = 0Number of asset objects unloaded after import = 9

========================================================================
Received Import Request.
  Time since last request: 0.000032 seconds.
  path: Assets/Castle imported/Models/Objects/CS_Tree.fbx
  artifactKey: Guid(aab4b27bf03ada84f97b7543325de304) Importer(2089858483,192608db42251d675da83286b1cce702)
Start importing Assets/Castle imported/Models/Objects/CS_Tree.fbx using Guid(aab4b27bf03ada84f97b7543325de304) Importer(2089858483,192608db42251d675da83286b1cce702) (ScriptedImporter) -> (artifact id: 'b18d23fce05d020095d447b73f2fb3d9') in 0.0127359 seconds
Number of updated asset objects reloaded before import = 0Number of asset objects unloaded after import = 9

========================================================================
Received Import Request.
  Time since last request: 0.000016 seconds.
  path: Assets/Castle imported/Prefab/Objects/CS_Barricade Variant.prefab
  artifactKey: Guid(bbdc0bddc0a378d46a8f67ea93e800ee) Importer(2089858483,192608db42251d675da83286b1cce702)
Start importing Assets/Castle imported/Prefab/Objects/CS_Barricade Variant.prefab using Guid(bbdc0bddc0a378d46a8f67ea93e800ee) Importer(2089858483,192608db42251d675da83286b1cce702) (ScriptedImporter) -> (artifact id: '5d1708d79922922facecc4fa77c641a0') in 0.0126954 seconds
Number of updated asset objects reloaded before import = 0Number of asset objects unloaded after import = 14

========================================================================
Received Import Request.
  Time since last request: 0.000016 seconds.
  path: Assets/LowlyPoly/Stylized Grass Texture/Textures/Vol_42_1_Height.png
  artifactKey: Guid(c24c005cb31b0514a85361709b63fa93) Importer(2089858483,192608db42251d675da83286b1cce702)
Start importing Assets/LowlyPoly/Stylized Grass Texture/Textures/Vol_42_1_Height.png using Guid(c24c005cb31b0514a85361709b63fa93) Importer(2089858483,192608db42251d675da83286b1cce702) (ScriptedImporter)[Licensing::Client] Successfully resolved entitlement details
 -> (artifact id: '9a0a010d865ea0f526edf8278713aa1a') in 0.1000926 seconds
Number of updated asset objects reloaded before import = 0Number of asset objects unloaded after import = 1

========================================================================
Received Import Request.
  Time since last request: 0.000015 seconds.
  path: Assets/Castle imported/Prefab/RoadConstructor/CS_Road_curve Variant.prefab
  artifactKey: Guid(ac9f63fdc33b35f4d9596457f0b84cfa) Importer(2089858483,192608db42251d675da83286b1cce702)
Start importing Assets/Castle imported/Prefab/RoadConstructor/CS_Road_curve Variant.prefab using Guid(ac9f63fdc33b35f4d9596457f0b84cfa) Importer(2089858483,192608db42251d675da83286b1cce702) (ScriptedImporter) -> (artifact id: '0bb7e879cf0c7e361dc175ee6750b4bd') in 0.007523 seconds
Number of updated asset objects reloaded before import = 0Number of asset objects unloaded after import = 14

========================================================================
Received Import Request.
  Time since last request: 0.000022 seconds.
  path: Assets/Castle imported/Texture/Materials/PixelTeture.mat
  artifactKey: Guid(e849c180e89e4c347b4a24b48cf90b02) Importer(2089858483,192608db42251d675da83286b1cce702)
Start importing Assets/Castle imported/Texture/Materials/PixelTeture.mat using Guid(e849c180e89e4c347b4a24b48cf90b02) Importer(2089858483,192608db42251d675da83286b1cce702) (ScriptedImporter) -> (artifact id: '721cf8f8e32261be19101f9619cd6911') in 0.0051626 seconds
Number of updated asset objects reloaded before import = 0Number of asset objects unloaded after import = 2

========================================================================
Received Import Request.
  Time since last request: 0.000017 seconds.
  path: Assets/Settings/DefaultVolumeProfile.asset
  artifactKey: Guid(ab09877e2e707104187f6f83e2f62510) Importer(2089858483,192608db42251d675da83286b1cce702)
Start importing Assets/Settings/DefaultVolumeProfile.asset using Guid(ab09877e2e707104187f6f83e2f62510) Importer(2089858483,192608db42251d675da83286b1cce702) (ScriptedImporter) -> (artifact id: '8a412c2eb9aee5c5bb237701ce6f8c23') in 0.0053127 seconds
Number of updated asset objects reloaded before import = 0Number of asset objects unloaded after import = 0

========================================================================
Received Import Request.
  Time since last request: 0.000017 seconds.
  path: Assets/resources/Material/Bridge.mat
  artifactKey: Guid(56e5c6a77881fd242b998f2cc79e2741) Importer(2089858483,192608db42251d675da83286b1cce702)
Start importing Assets/resources/Material/Bridge.mat using Guid(56e5c6a77881fd242b998f2cc79e2741) Importer(2089858483,192608db42251d675da83286b1cce702) (ScriptedImporter) -> (artifact id: '203efb2dc359b7186402a0394506f33c') in 0.0046665 seconds
Number of updated asset objects reloaded before import = 0Number of asset objects unloaded after import = 1

========================================================================
Received Import Request.
  Time since last request: 0.000020 seconds.
  path: Assets/Settings/UniversalRenderPipelineGlobalSettings.asset
  artifactKey: Guid(18dc0cd2c080841dea60987a38ce93fa) Importer(2089858483,192608db42251d675da83286b1cce702)
Start importing Assets/Settings/UniversalRenderPipelineGlobalSettings.asset using Guid(18dc0cd2c080841dea60987a38ce93fa) Importer(2089858483,192608db42251d675da83286b1cce702) (ScriptedImporter) -> (artifact id: '673cccdbb1fc8b6df0ee74e7ec271878') in 0.0623319 seconds
Number of updated asset objects reloaded before import = 0Number of asset objects unloaded after import = 0

========================================================================
Received Import Request.
  Time since last request: 0.000016 seconds.
  path: Assets/TextMesh Pro/Shaders/TMPro_Mobile.cginc
  artifactKey: Guid(c334973cef89a9840b0b0c507e0377ab) Importer(2089858483,192608db42251d675da83286b1cce702)
Start importing Assets/TextMesh Pro/Shaders/TMPro_Mobile.cginc using Guid(c334973cef89a9840b0b0c507e0377ab) Importer(2089858483,192608db42251d675da83286b1cce702) (ScriptedImporter) -> (artifact id: 'c1c341bae3582bcc20261347ff49214e') in 0.0035922 seconds
Number of updated asset objects reloaded before import = 0Number of asset objects unloaded after import = 1

========================================================================
Received Import Request.
  Time since last request: 0.000021 seconds.
  path: Assets/Castle imported/Texture/PixelTeture.png
  artifactKey: Guid(1ee01281e3c3dcd43b9c617237d58cf9) Importer(2089858483,192608db42251d675da83286b1cce702)
Start importing Assets/Castle imported/Texture/PixelTeture.png using Guid(1ee01281e3c3dcd43b9c617237d58cf9) Importer(2089858483,192608db42251d675da83286b1cce702) (ScriptedImporter) -> (artifact id: 'c924e38ab9f354423d563072cd814065') in 0.0782157 seconds
Number of updated asset objects reloaded before import = 0Number of asset objects unloaded after import = 1

========================================================================
Received Import Request.
  Time since last request: 0.000016 seconds.
  path: Assets/Castle imported/Material/ShowCaseGrass.mat
  artifactKey: Guid(ed324aeac5236734eb99adbbe5924063) Importer(2089858483,192608db42251d675da83286b1cce702)
Start importing Assets/Castle imported/Material/ShowCaseGrass.mat using Guid(ed324aeac5236734eb99adbbe5924063) Importer(2089858483,192608db42251d675da83286b1cce702) (ScriptedImporter) -> (artifact id: 'd2747d4e7c94f0b88729f26488562c46') in 0.0065148 seconds
Number of updated asset objects reloaded before import = 0Number of asset objects unloaded after import = 1

========================================================================
Received Import Request.
  Time since last request: 0.000015 seconds.
  path: Assets/resources/UI/MenuBackground.png
  artifactKey: Guid(5133acc33b32fb84694ca85f50c27ee0) Importer(2089858483,192608db42251d675da83286b1cce702)
Start importing Assets/resources/UI/MenuBackground.png using Guid(5133acc33b32fb84694ca85f50c27ee0) Importer(2089858483,192608db42251d675da83286b1cce702) (ScriptedImporter) -> (artifact id: '41264bc49033f88b9dc7ac7b6b2a0523') in 0.0175735 seconds
Number of updated asset objects reloaded before import = 0Number of asset objects unloaded after import = 3

========================================================================
Received Import Request.
  Time since last request: 0.000017 seconds.
  path: Assets/resources/Material/Black.mat
  artifactKey: Guid(7ad7b956517cb75418163eaa2868e712) Importer(2089858483,192608db42251d675da83286b1cce702)
Start importing Assets/resources/Material/Black.mat using Guid(7ad7b956517cb75418163eaa2868e712) Importer(2089858483,192608db42251d675da83286b1cce702) (ScriptedImporter) -> (artifact id: 'daedf343b4a427efbdf7766ebd30fd8c') in 0.0054316 seconds
Number of updated asset objects reloaded before import = 0Number of asset objects unloaded after import = 1

========================================================================
Received Import Request.
  Time since last request: 0.000024 seconds.
  path: Assets/LowlyPoly/Stylized Grass Texture/Textures/Vol_42_1_Roughness.png
  artifactKey: Guid(7c71c756b680c1a47b27345dccbbc51f) Importer(2089858483,192608db42251d675da83286b1cce702)
Start importing Assets/LowlyPoly/Stylized Grass Texture/Textures/Vol_42_1_Roughness.png using Guid(7c71c756b680c1a47b27345dccbbc51f) Importer(2089858483,192608db42251d675da83286b1cce702) (ScriptedImporter) -> (artifact id: 'afa363c558a391896e0243ea8977fa3a') in 0.008841 seconds
Number of updated asset objects reloaded before import = 0Number of asset objects unloaded after import = 1

========================================================================
Received Import Request.
  Time since last request: 0.000015 seconds.
  path: Assets/resources/Scenes/final 3/NavMesh-Teleportation Area (1).asset
  artifactKey: Guid(04e92719c8e1796498e562f290ec94be) Importer(2089858483,192608db42251d675da83286b1cce702)
Start importing Assets/resources/Scenes/final 3/NavMesh-Teleportation Area (1).asset using Guid(04e92719c8e1796498e562f290ec94be) Importer(2089858483,192608db42251d675da83286b1cce702) (ScriptedImporter) -> (artifact id: '56508b2a07c3a5f1a8dc52bea5572d8f') in 0.0066978 seconds
Number of updated asset objects reloaded before import = 0Number of asset objects unloaded after import = 1

========================================================================
Received Import Request.
  Time since last request: 0.000015 seconds.
  path: Assets/resources/Prefab/troops/PlayerTroopB.prefab
  artifactKey: Guid(48210a2f920d07a49b687201870a8f3c) Importer(2089858483,192608db42251d675da83286b1cce702)
Start importing Assets/resources/Prefab/troops/PlayerTroopB.prefab using Guid(48210a2f920d07a49b687201870a8f3c) Importer(2089858483,192608db42251d675da83286b1cce702) (ScriptedImporter) -> (artifact id: '7833dbaee21dc658c7c2da136548cb3a') in 0.0463309 seconds
Number of updated asset objects reloaded before import = 0Number of asset objects unloaded after import = 28

========================================================================
Received Import Request.
  Time since last request: 0.726510 seconds.
  path: Assets/resources/Scripts/GamePlay/TeamComponent.cs
  artifactKey: Guid(b467ce9780c3a5443a3fa4f1dce9a56f) Importer(2089858483,192608db42251d675da83286b1cce702)
Start importing Assets/resources/Scripts/GamePlay/TeamComponent.cs using Guid(b467ce9780c3a5443a3fa4f1dce9a56f) Importer(2089858483,192608db42251d675da83286b1cce702) (ScriptedImporter) -> (artifact id: 'def881cbb15adedea5fd10acb1d195f0') in 0.0038454 seconds
Number of updated asset objects reloaded before import = 0Number of asset objects unloaded after import = 0

========================================================================
Received Import Request.
  Time since last request: 0.000013 seconds.
  path: Assets/resources/Scripts/GamePlay/VRMenuController.cs
  artifactKey: Guid(00ea9871c0f9e274cb7692fbe7460041) Importer(2089858483,192608db42251d675da83286b1cce702)
Start importing Assets/resources/Scripts/GamePlay/VRMenuController.cs using Guid(00ea9871c0f9e274cb7692fbe7460041) Importer(2089858483,192608db42251d675da83286b1cce702) (ScriptedImporter) -> (artifact id: 'cc6a191f2debe08f86e6846ec55d5752') in 0.0448273 seconds
Number of updated asset objects reloaded before import = 0Number of asset objects unloaded after import = 0

========================================================================
Received Import Request.
  Time since last request: 0.000016 seconds.
  path: Assets/resources/Scripts/Managers/LevelLoader.cs
  artifactKey: Guid(1289466b3e3cf7c44b7db12a38b148d5) Importer(2089858483,192608db42251d675da83286b1cce702)
Start importing Assets/resources/Scripts/Managers/LevelLoader.cs using Guid(1289466b3e3cf7c44b7db12a38b148d5) Importer(2089858483,192608db42251d675da83286b1cce702) (ScriptedImporter) -> (artifact id: '933d26b9344590c5932e708391aed597') in 0.0041686 seconds
Number of updated asset objects reloaded before import = 0Number of asset objects unloaded after import = 0

========================================================================
Received Import Request.
  Time since last request: 0.000023 seconds.
  path: Assets/resources/Scripts/Managers/GameFlowManager.cs
  artifactKey: Guid(75319ba7d26e6334fa622a401c522831) Importer(2089858483,192608db42251d675da83286b1cce702)
Start importing Assets/resources/Scripts/Managers/GameFlowManager.cs using Guid(75319ba7d26e6334fa622a401c522831) Importer(2089858483,192608db42251d675da83286b1cce702) (ScriptedImporter) -> (artifact id: '99138e337e4758e084a5db2634ac5407') in 0.0037176 seconds
Number of updated asset objects reloaded before import = 0Number of asset objects unloaded after import = 0

========================================================================
Received Import Request.
  Time since last request: 0.713612 seconds.
  path: Assets/resources/Scripts/UI/FaceCamera.cs
  artifactKey: Guid(46d0286401883c0469936d45af1a175a) Importer(2089858483,192608db42251d675da83286b1cce702)
Start importing Assets/resources/Scripts/UI/FaceCamera.cs using Guid(46d0286401883c0469936d45af1a175a) Importer(2089858483,192608db42251d675da83286b1cce702) (ScriptedImporter) -> (artifact id: '27b5318c5597fa832da9103a3f749ed0') in 0.0041165 seconds
Number of updated asset objects reloaded before import = 0Number of asset objects unloaded after import = 0

========================================================================
Received Import Request.
  Time since last request: 0.000016 seconds.
  path: Assets/resources/UI/ButtonImages/ButtonBG.png
  artifactKey: Guid(c8bab25cd405fe5478241718abc0cb03) Importer(2089858483,192608db42251d675da83286b1cce702)
Start importing Assets/resources/UI/ButtonImages/ButtonBG.png using Guid(c8bab25cd405fe5478241718abc0cb03) Importer(2089858483,192608db42251d675da83286b1cce702) (ScriptedImporter) -> (artifact id: '64cd41ce644e0a2e213a12f3330ded5a') in 0.0084188 seconds
Number of updated asset objects reloaded before import = 0Number of asset objects unloaded after import = 1

========================================================================
Received Import Request.
  Time since last request: 0.000016 seconds.
  path: Assets/resources/Scripts/UI/VRButtonFeedback.cs
  artifactKey: Guid(339819b6f525a384f8fa999e2dcba7c3) Importer(2089858483,192608db42251d675da83286b1cce702)
Start importing Assets/resources/Scripts/UI/VRButtonFeedback.cs using Guid(339819b6f525a384f8fa999e2dcba7c3) Importer(2089858483,192608db42251d675da83286b1cce702) (ScriptedImporter) -> (artifact id: '00c833f49a7ef762ba263ed688d8e19f') in 0.0043772 seconds
Number of updated asset objects reloaded before import = 0Number of asset objects unloaded after import = 0

========================================================================
Received Import Request.
  Time since last request: 0.781532 seconds.
  path: Assets/resources/UI/ButtonImages/Knight.png
  artifactKey: Guid(86d4c807e5fbb224f87292bfa40dd7c5) Importer(2089858483,192608db42251d675da83286b1cce702)
Start importing Assets/resources/UI/ButtonImages/Knight.png using Guid(86d4c807e5fbb224f87292bfa40dd7c5) Importer(2089858483,192608db42251d675da83286b1cce702) (ScriptedImporter) -> (artifact id: '38a024856233262ac75355ce5775ff03') in 0.0088636 seconds
Number of updated asset objects reloaded before import = 0Number of asset objects unloaded after import = 1

========================================================================
Received Import Request.
  Time since last request: 0.000018 seconds.
  path: Assets/resources/UI/Main Controll panel/QUIT.png
  artifactKey: Guid(a634e6ad9037cf242aa17def51ceb4f2) Importer(2089858483,192608db42251d675da83286b1cce702)
Start importing Assets/resources/UI/Main Controll panel/QUIT.png using Guid(a634e6ad9037cf242aa17def51ceb4f2) Importer(2089858483,192608db42251d675da83286b1cce702) (ScriptedImporter) -> (artifact id: 'c6f0e44496f31661d328fabab6bc07fb') in 0.0104664 seconds
Number of updated asset objects reloaded before import = 0Number of asset objects unloaded after import = 3

========================================================================
Received Import Request.
  Time since last request: 0.000024 seconds.
  path: Assets/resources/UI/Main Controll panel/CARD-Panel.png
  artifactKey: Guid(0558917d030052948b1deac7bca16b1f) Importer(2089858483,192608db42251d675da83286b1cce702)
Start importing Assets/resources/UI/Main Controll panel/CARD-Panel.png using Guid(0558917d030052948b1deac7bca16b1f) Importer(2089858483,192608db42251d675da83286b1cce702) (ScriptedImporter) -> (artifact id: '53dcca37bd1f648891f14d101f4a1397') in 0.0115932 seconds
Number of updated asset objects reloaded before import = 0Number of asset objects unloaded after import = 3

========================================================================
Received Import Request.
  Time since last request: 0.000016 seconds.
  path: Assets/resources/UI/Main Controll panel/HEALTHBAR.png
  artifactKey: Guid(537fb327e005d4743a32d0ebca9731c2) Importer(2089858483,192608db42251d675da83286b1cce702)
Start importing Assets/resources/UI/Main Controll panel/HEALTHBAR.png using Guid(537fb327e005d4743a32d0ebca9731c2) Importer(2089858483,192608db42251d675da83286b1cce702) (ScriptedImporter) -> (artifact id: '84f8e6f2b02df57646f0b3605468bef0') in 0.0096047 seconds
Number of updated asset objects reloaded before import = 0Number of asset objects unloaded after import = 3

========================================================================
Received Import Request.
  Time since last request: 0.717862 seconds.
  path: Assets/TextMesh Pro/Resources/Fonts & Materials/LiberationSans SDF.asset
  artifactKey: Guid(8f586378b4e144a9851e7b34d9b748ee) Importer(2089858483,192608db42251d675da83286b1cce702)
Start importing Assets/TextMesh Pro/Resources/Fonts & Materials/LiberationSans SDF.asset using Guid(8f586378b4e144a9851e7b34d9b748ee) Importer(2089858483,192608db42251d675da83286b1cce702) (ScriptedImporter) -> (artifact id: '24ce208a4ee38025f8e59b3f5987549e') in 0.0464381 seconds
Number of updated asset objects reloaded before import = 0Number of asset objects unloaded after import = 8

========================================================================
Received Import Request.
  Time since last request: 0.000018 seconds.
  path: Assets/_Tanks/Art/Sprites/Aim Arrow_Green.png
  artifactKey: Guid(ebf654de1e2c74bbfb0f4993dc27fefb) Importer(2089858483,192608db42251d675da83286b1cce702)
Start importing Assets/_Tanks/Art/Sprites/Aim Arrow_Green.png using Guid(ebf654de1e2c74bbfb0f4993dc27fefb) Importer(2089858483,192608db42251d675da83286b1cce702) (ScriptedImporter) -> (artifact id: 'f6a832081cf41ea505d8709218b5027a') in 0.0094338 seconds
Number of updated asset objects reloaded before import = 0Number of asset objects unloaded after import = 3

========================================================================
Received Import Request.
  Time since last request: 0.000028 seconds.
  path: Assets/TextMesh Pro/Resources/Sprite Assets/MixedIndexTest.asset
  artifactKey: Guid(8a731a09451cba54096a9002cd9b9be5) Importer(2089858483,192608db42251d675da83286b1cce702)
Start importing Assets/TextMesh Pro/Resources/Sprite Assets/MixedIndexTest.asset using Guid(8a731a09451cba54096a9002cd9b9be5) Importer(2089858483,192608db42251d675da83286b1cce702) (ScriptedImporter) -> (artifact id: 'c730abec174c2dc080dc56a110cece11') in 0.0132199 seconds
Number of updated asset objects reloaded before import = 0Number of asset objects unloaded after import = 208

========================================================================
Received Import Request.
  Time since last request: 0.711563 seconds.
  path: Assets/_Tanks/Art/Sprites/Aim Arrow_Red.png
  artifactKey: Guid(48fcaefda3f60410aac1f3b904885b45) Importer(2089858483,192608db42251d675da83286b1cce702)
Start importing Assets/_Tanks/Art/Sprites/Aim Arrow_Red.png using Guid(48fcaefda3f60410aac1f3b904885b45) Importer(2089858483,192608db42251d675da83286b1cce702) (ScriptedImporter) -> (artifact id: 'f2c10cbcb0bac28b028a55c2bb451b38') in 0.0088595 seconds
Number of updated asset objects reloaded before import = 0Number of asset objects unloaded after import = 3

========================================================================
Received Import Request.
  Time since last request: 0.000016 seconds.
  path: Assets/_Tanks/Art/Textures/Moon Crator.png
  artifactKey: Guid(32b62a38c02601448bceb9f690c85b86) Importer(2089858483,192608db42251d675da83286b1cce702)
Start importing Assets/_Tanks/Art/Textures/Moon Crator.png using Guid(32b62a38c02601448bceb9f690c85b86) Importer(2089858483,192608db42251d675da83286b1cce702) (ScriptedImporter) -> (artifact id: 'e4ee1d3adf41bfec83b7c4a78d319fae') in 0.0094215 seconds
Number of updated asset objects reloaded before import = 0Number of asset objects unloaded after import = 1

========================================================================
Received Import Request.
  Time since last request: 0.000018 seconds.
  path: Assets/_Tanks/Art/Sprites/Health Wheel.png
  artifactKey: Guid(c7dd97e9cd879304795b366cbf187bfe) Importer(2089858483,192608db42251d675da83286b1cce702)
Start importing Assets/_Tanks/Art/Sprites/Health Wheel.png using Guid(c7dd97e9cd879304795b366cbf187bfe) Importer(2089858483,192608db42251d675da83286b1cce702) (ScriptedImporter) -> (artifact id: 'a362b0bd0da83fc8fd87067f9d8dd9b5') in 0.0124963 seconds
Number of updated asset objects reloaded before import = 0Number of asset objects unloaded after import = 3

========================================================================
Received Import Request.
  Time since last request: 0.000026 seconds.
  path: Assets/_Tanks/Art/Textures/Gradient Grey.png
  artifactKey: Guid(5f0e21a92b1383e4c8580a2098a8158a) Importer(2089858483,192608db42251d675da83286b1cce702)
Start importing Assets/_Tanks/Art/Textures/Gradient Grey.png using Guid(5f0e21a92b1383e4c8580a2098a8158a) Importer(2089858483,192608db42251d675da83286b1cce702) (ScriptedImporter) -> (artifact id: '3cdc8bbc1e4139625344952288456321') in 0.0092938 seconds
Number of updated asset objects reloaded before import = 0Number of asset objects unloaded after import = 1

========================================================================
Received Import Request.
  Time since last request: 0.682377 seconds.
  path: Assets/_Tanks/Art/Textures/NavMesh-Ground 1.asset
  artifactKey: Guid(e455a7ba544831e488883645efe2a59a) Importer(2089858483,192608db42251d675da83286b1cce702)
Start importing Assets/_Tanks/Art/Textures/NavMesh-Ground 1.asset using Guid(e455a7ba544831e488883645efe2a59a) Importer(2089858483,192608db42251d675da83286b1cce702) (ScriptedImporter) -> (artifact id: '9a8ec1c524520abdf2224f9aca985003') in 0.0047977 seconds
Number of updated asset objects reloaded before import = 0Number of asset objects unloaded after import = 1

========================================================================
Received Import Request.
  Time since last request: 0.000017 seconds.
  path: Assets/_Tanks/Audio/Music/Music_Classic.wav
  artifactKey: Guid(8ce5d020a687c314891341b4126d1de2) Importer(2089858483,192608db42251d675da83286b1cce702)
Start importing Assets/_Tanks/Audio/Music/Music_Classic.wav using Guid(8ce5d020a687c314891341b4126d1de2) Importer(2089858483,192608db42251d675da83286b1cce702) (ScriptedImporter) -> (artifact id: '5c187de27bb899c2c7db1900c019a9c1') in 0.1852631 seconds
Number of updated asset objects reloaded before import = 0Number of asset objects unloaded after import = 1

========================================================================
Received Import Request.
  Time since last request: 0.602452 seconds.
  path: Assets/_Tanks/Audio/SFX/EngineDriving.aif
  artifactKey: Guid(d7ca9fb5aa30155449192b23d7fb3336) Importer(2089858483,192608db42251d675da83286b1cce702)
Start importing Assets/_Tanks/Audio/SFX/EngineDriving.aif using Guid(d7ca9fb5aa30155449192b23d7fb3336) Importer(2089858483,192608db42251d675da83286b1cce702) (ScriptedImporter) -> (artifact id: '734b5337c71ddc81f454e3ff2cc6819d') in 0.0399961 seconds
Number of updated asset objects reloaded before import = 0Number of asset objects unloaded after import = 1

========================================================================
Received Import Request.
  Time since last request: 0.000020 seconds.
  path: Assets/_Tanks/Prefabs/DustTrails/DustTrail_Jungle.prefab
  artifactKey: Guid(38afd255d6ed746388b2f406bf3402a1) Importer(2089858483,192608db42251d675da83286b1cce702)
Start importing Assets/_Tanks/Prefabs/DustTrails/DustTrail_Jungle.prefab using Guid(38afd255d6ed746388b2f406bf3402a1) Importer(2089858483,192608db42251d675da83286b1cce702) (ScriptedImporter) -> (artifact id: 'f4b1f06e5684a93af88a301524c0b2f0') in 0.099839 seconds
Number of updated asset objects reloaded before import = 0Number of asset objects unloaded after import = 7

========================================================================
Received Import Request.
  Time since last request: 0.000027 seconds.
  path: Assets/_Tanks/Audio/SFX/ShotFiring.wav
  artifactKey: Guid(672a9941361ad494a99fba36759eca80) Importer(2089858483,192608db42251d675da83286b1cce702)
Start importing Assets/_Tanks/Audio/SFX/ShotFiring.wav using Guid(672a9941361ad494a99fba36759eca80) Importer(2089858483,192608db42251d675da83286b1cce702) (ScriptedImporter) -> (artifact id: '5242090a97ff877cc4a55c9b2a1dd9e8') in 0.0255928 seconds
Number of updated asset objects reloaded before import = 0Number of asset objects unloaded after import = 1

========================================================================
Received Import Request.
  Time since last request: 0.000017 seconds.
  path: Assets/_Tanks/Audio/SFX/PickupPowerUp.wav
  artifactKey: Guid(9c3f923d9d0e6ac45b94846fce0e3420) Importer(2089858483,192608db42251d675da83286b1cce702)
Start importing Assets/_Tanks/Audio/SFX/PickupPowerUp.wav using Guid(9c3f923d9d0e6ac45b94846fce0e3420) Importer(2089858483,192608db42251d675da83286b1cce702) (ScriptedImporter) -> (artifact id: '67ae3f5e9db632d93aa7986a5e4fb21e') in 0.0129875 seconds
Number of updated asset objects reloaded before import = 0Number of asset objects unloaded after import = 1

========================================================================
Received Import Request.
  Time since last request: 0.521033 seconds.
  path: Assets/_Tanks/Prefabs/Explosives/CompleteShellExplosion.prefab
  artifactKey: Guid(537afde59eeba4c82897def1dccfba0a) Importer(2089858483,192608db42251d675da83286b1cce702)
Start importing Assets/_Tanks/Prefabs/Explosives/CompleteShellExplosion.prefab using Guid(537afde59eeba4c82897def1dccfba0a) Importer(2089858483,192608db42251d675da83286b1cce702) (ScriptedImporter) -> (artifact id: 'b6e93c49b2bc93de888225fa60138607') in 0.0799247 seconds
Number of updated asset objects reloaded before import = 0Number of asset objects unloaded after import = 17

========================================================================
Received Import Request.
  Time since last request: 0.000016 seconds.
  path: Assets/_Tanks/Prefabs/PowerUps/DamageReduction.prefab
  artifactKey: Guid(9ad06fe863d692e4a969198bd2130e8c) Importer(2089858483,192608db42251d675da83286b1cce702)
Start importing Assets/_Tanks/Prefabs/PowerUps/DamageReduction.prefab using Guid(9ad06fe863d692e4a969198bd2130e8c) Importer(2089858483,192608db42251d675da83286b1cce702) (ScriptedImporter) -> (artifact id: '28634d3739cd6e2713672562b3fd3e6b') in 0.0100072 seconds
Number of updated asset objects reloaded before import = 0Number of asset objects unloaded after import = 48

========================================================================
Received Import Request.
  Time since last request: 0.000017 seconds.
  path: Assets/_Tanks/Prefabs/PowerUps/Cone.prefab
  artifactKey: Guid(7e82cb9dc4b578e4ca07396975f35a43) Importer(2089858483,192608db42251d675da83286b1cce702)
Start importing Assets/_Tanks/Prefabs/PowerUps/Cone.prefab using Guid(7e82cb9dc4b578e4ca07396975f35a43) Importer(2089858483,192608db42251d675da83286b1cce702) (ScriptedImporter) -> (artifact id: '93c4455650947d83bd72dc7975476dd2') in 0.0061043 seconds
Number of updated asset objects reloaded before import = 0Number of asset objects unloaded after import = 26

========================================================================
Received Import Request.
  Time since last request: 0.000019 seconds.
  path: Assets/_Tanks/Prefabs/PowerUps/EnhancedShooting.prefab
  artifactKey: Guid(fc7b7f2ea1b8e2949a71217d6d42bbfb) Importer(2089858483,192608db42251d675da83286b1cce702)
Start importing Assets/_Tanks/Prefabs/PowerUps/EnhancedShooting.prefab using Guid(fc7b7f2ea1b8e2949a71217d6d42bbfb) Importer(2089858483,192608db42251d675da83286b1cce702) (ScriptedImporter) -> (artifact id: '5d20f36c6dc52296ee5070215ef21698') in 0.0106333 seconds
Number of updated asset objects reloaded before import = 0Number of asset objects unloaded after import = 27

========================================================================
Received Import Request.
  Time since last request: 0.586679 seconds.
  path: Assets/resources/KnightData.asset
  artifactKey: Guid(dab877f6361eac34aa7f23827b887577) Importer(2089858483,192608db42251d675da83286b1cce702)
Start importing Assets/resources/KnightData.asset using Guid(dab877f6361eac34aa7f23827b887577) Importer(2089858483,192608db42251d675da83286b1cce702) (ScriptedImporter) -> (artifact id: '3889c9f006672a5c553c8d335acbeed3') in 0.0076988 seconds
Number of updated asset objects reloaded before import = 0Number of asset objects unloaded after import = 28

========================================================================
Received Import Request.
  Time since last request: 0.000017 seconds.
  path: Assets/_Tanks/Prefabs/PowerUps/PowerUpSpawner.prefab
  artifactKey: Guid(5b268cad32d016747980e87b864177bf) Importer(2089858483,192608db42251d675da83286b1cce702)
Start importing Assets/_Tanks/Prefabs/PowerUps/PowerUpSpawner.prefab using Guid(5b268cad32d016747980e87b864177bf) Importer(2089858483,192608db42251d675da83286b1cce702) (ScriptedImporter) -> (artifact id: 'e7077a9674b591362249f3cd0dca768c') in 0.0058927 seconds
Number of updated asset objects reloaded before import = 0Number of asset objects unloaded after import = 5

========================================================================
Received Import Request.
  Time since last request: 0.000025 seconds.
  path: Assets/_Tanks/Prefabs/UI/TankSection.prefab
  artifactKey: Guid(2ba72b58ab141e8499abe6e2cd8a7f9e) Importer(2089858483,192608db42251d675da83286b1cce702)
Start importing Assets/_Tanks/Prefabs/UI/TankSection.prefab using Guid(2ba72b58ab141e8499abe6e2cd8a7f9e) Importer(2089858483,192608db42251d675da83286b1cce702) (ScriptedImporter) -> (artifact id: '4e627ab17e1c8a4ec2e9f7a0c6b99d1b') in 0.0433147 seconds
Number of updated asset objects reloaded before import = 0Number of asset objects unloaded after import = 83

========================================================================
Received Import Request.
  Time since last request: 0.000014 seconds.
  path: Assets/_Tanks/Prefabs/UI/MobileControlCanvas.prefab
  artifactKey: Guid(b8f111eb792c24410a6becacd4763b6f) Importer(2089858483,192608db42251d675da83286b1cce702)
Start importing Assets/_Tanks/Prefabs/UI/MobileControlCanvas.prefab using Guid(b8f111eb792c24410a6becacd4763b6f) Importer(2089858483,192608db42251d675da83286b1cce702) (ScriptedImporter) -> (artifact id: '78316845856fbba9f6b3018c51e2e620') in 0.0690035 seconds
Number of updated asset objects reloaded before import = 0Number of asset objects unloaded after import = 41

========================================================================
Received Import Request.
  Time since last request: 0.000014 seconds.
  path: Assets/TextMesh Pro/Shaders/TMP_SDF-URP Unlit.shadergraph
  artifactKey: Guid(124c112a6e8f1a54e8b0870e881b56d8) Importer(2089858483,192608db42251d675da83286b1cce702)
Start importing Assets/TextMesh Pro/Shaders/TMP_SDF-URP Unlit.shadergraph using Guid(124c112a6e8f1a54e8b0870e881b56d8) Importer(2089858483,192608db42251d675da83286b1cce702) (ScriptedImporter) -> (artifact id: 'df5c92fcc763d8a047087b98f876b9b7') in 0.0153699 seconds
Number of updated asset objects reloaded before import = 0Number of asset objects unloaded after import = 4

========================================================================
Received Import Request.
  Time since last request: 0.000018 seconds.
  path: Assets/TextMesh Pro/Shaders/TMP_Bitmap-Custom-Atlas.shader
  artifactKey: Guid(48bb5f55d8670e349b6e614913f9d910) Importer(2089858483,192608db42251d675da83286b1cce702)
Start importing Assets/TextMesh Pro/Shaders/TMP_Bitmap-Custom-Atlas.shader using Guid(48bb5f55d8670e349b6e614913f9d910) Importer(2089858483,192608db42251d675da83286b1cce702) (ScriptedImporter) -> (artifact id: 'b4ba61150b5079ec597089ed7b9b3e44') in 0.0044534 seconds
Number of updated asset objects reloaded before import = 0Number of asset objects unloaded after import = 1

========================================================================
Received Import Request.
  Time since last request: 0.000023 seconds.
  path: Assets/Settings/Mobile_RPAsset.asset
  artifactKey: Guid(5e6cbd92db86f4b18aec3ed561671858) Importer(2089858483,192608db42251d675da83286b1cce702)
Start importing Assets/Settings/Mobile_RPAsset.asset using Guid(5e6cbd92db86f4b18aec3ed561671858) Importer(2089858483,192608db42251d675da83286b1cce702) (ScriptedImporter) -> (artifact id: 'fd4c9a706d1a3945fb9993639653b0f7') in 0.0387565 seconds
Number of updated asset objects reloaded before import = 0Number of asset objects unloaded after import = 2

========================================================================
Received Import Request.
  Time since last request: 0.000016 seconds.
  path: Assets/Castle imported/Scenes/SampleScene.unity
  artifactKey: Guid(9fc0d4010bbf28b4594072e72b8655ab) Importer(2089858483,192608db42251d675da83286b1cce702)
Start importing Assets/Castle imported/Scenes/SampleScene.unity using Guid(9fc0d4010bbf28b4594072e72b8655ab) Importer(2089858483,192608db42251d675da83286b1cce702) (ScriptedImporter) -> (artifact id: '55ee850e1846dbb33e0ce3124387134b') in 0.0068672 seconds
Number of updated asset objects reloaded before import = 0Number of asset objects unloaded after import = 1

========================================================================
Received Import Request.
  Time since last request: 0.000015 seconds.
  path: Assets/TextMesh Pro/Shaders/TMP_SDF-HDRP LIT.shadergraph
  artifactKey: Guid(ca2ed216f98028c4dae6c5224a952b3c) Importer(2089858483,192608db42251d675da83286b1cce702)
Start importing Assets/TextMesh Pro/Shaders/TMP_SDF-HDRP LIT.shadergraph using Guid(ca2ed216f98028c4dae6c5224a952b3c) Importer(2089858483,192608db42251d675da83286b1cce702) (ScriptedImporter) -> (artifact id: 'ab148b5dc8c9a17b6f8f14ca16f5b46e') in 0.0071631 seconds
Number of updated asset objects reloaded before import = 0Number of asset objects unloaded after import = 3

========================================================================
Received Import Request.
  Time since last request: 0.000015 seconds.
  path: Assets/TextMesh Pro/Shaders/TMP_SDF-HDRP UNLIT.shadergraph
  artifactKey: Guid(f63d574838ccfb44f84acc05fed0af48) Importer(2089858483,192608db42251d675da83286b1cce702)
Start importing Assets/TextMesh Pro/Shaders/TMP_SDF-HDRP UNLIT.shadergraph using Guid(f63d574838ccfb44f84acc05fed0af48) Importer(2089858483,192608db42251d675da83286b1cce702) (ScriptedImporter) -> (artifact id: '7db10c8d9e9157b5fe0501cbee8bad70') in 0.0070856 seconds
Number of updated asset objects reloaded before import = 0Number of asset objects unloaded after import = 3

========================================================================
Received Import Request.
  Time since last request: 0.000016 seconds.
  path: Assets/resources/UI/Img-Melee.jpeg
  artifactKey: Guid(5a9f911041af4304ea6c9c0facf91bb9) Importer(2089858483,192608db42251d675da83286b1cce702)
Start importing Assets/resources/UI/Img-Melee.jpeg using Guid(5a9f911041af4304ea6c9c0facf91bb9) Importer(2089858483,192608db42251d675da83286b1cce702) (ScriptedImporter) -> (artifact id: 'b656c6c4556d6fc962da7aefd5298bf7') in 0.0091895 seconds
Number of updated asset objects reloaded before import = 0Number of asset objects unloaded after import = 1

========================================================================
Received Import Request.
  Time since last request: 0.000023 seconds.
  path: Assets/_Tanks/Prefabs/PowerUps/PowerUpHUD.prefab
  artifactKey: Guid(54fa582ae599bb64dbdace48e15b1a83) Importer(2089858483,192608db42251d675da83286b1cce702)
Start importing Assets/_Tanks/Prefabs/PowerUps/PowerUpHUD.prefab using Guid(54fa582ae599bb64dbdace48e15b1a83) Importer(2089858483,192608db42251d675da83286b1cce702) (ScriptedImporter) -> (artifact id: '1fd91c4ac625430a138986851c703ffc') in 0.009742 seconds
Number of updated asset objects reloaded before import = 0Number of asset objects unloaded after import = 54

========================================================================
Received Import Request.
  Time since last request: 0.000018 seconds.
  path: Assets/resources/Scenes/DeckBuilder.unity
  artifactKey: Guid(d22a1ad424de2514daa635b8b1cf7f95) Importer(2089858483,192608db42251d675da83286b1cce702)
Start importing Assets/resources/Scenes/DeckBuilder.unity using Guid(d22a1ad424de2514daa635b8b1cf7f95) Importer(2089858483,192608db42251d675da83286b1cce702) (ScriptedImporter) -> (artifact id: '03c88a230e09f257b7dc6aa17cfa2757') in 0.0276029 seconds
Number of updated asset objects reloaded before import = 0Number of asset objects unloaded after import = 1

========================================================================
Received Import Request.
  Time since last request: 0.109643 seconds.
  path: Assets/_Tanks/Scripts/Editor/PowerUpEditor.cs
  artifactKey: Guid(cba466e3de1054446b5035c4461bcabb) Importer(2089858483,192608db42251d675da83286b1cce702)
Start importing Assets/_Tanks/Scripts/Editor/PowerUpEditor.cs using Guid(cba466e3de1054446b5035c4461bcabb) Importer(2089858483,192608db42251d675da83286b1cce702) (ScriptedImporter) -> (artifact id: 'ca81ed9d7dfa18322817418fe3aa39d1') in 0.0069191 seconds
Number of updated asset objects reloaded before import = 0Number of asset objects unloaded after import = 0

========================================================================
Received Import Request.
  Time since last request: 0.000014 seconds.
  path: Assets/_Tanks/Scripts/Tank/TankAI.cs
  artifactKey: Guid(cc25b6c35f0ec7f43ad6f047f3623ad3) Importer(2089858483,192608db42251d675da83286b1cce702)
Start importing Assets/_Tanks/Scripts/Tank/TankAI.cs using Guid(cc25b6c35f0ec7f43ad6f047f3623ad3) Importer(2089858483,192608db42251d675da83286b1cce702) (ScriptedImporter) -> (artifact id: '54e3cf4cfa146f279ef09752a16ea67d') in 0.0066136 seconds
Number of updated asset objects reloaded before import = 0Number of asset objects unloaded after import = 0

========================================================================
Received Import Request.
  Time since last request: 0.000014 seconds.
  path: Assets/_Tanks/Scripts/UI/GameUIHandler.cs
  artifactKey: Guid(58af964ecd6dd754ea606c350e17f658) Importer(2089858483,192608db42251d675da83286b1cce702)
Start importing Assets/_Tanks/Scripts/UI/GameUIHandler.cs using Guid(58af964ecd6dd754ea606c350e17f658) Importer(2089858483,192608db42251d675da83286b1cce702) (ScriptedImporter) -> (artifact id: '306d4b8260d2d13ce64fd6a63c17e77f') in 0.0076988 seconds
Number of updated asset objects reloaded before import = 0Number of asset objects unloaded after import = 0

========================================================================
Received Import Request.
  Time since last request: 0.000016 seconds.
  path: Assets/Castle imported/Models/Castles/EvilCastle/CS_Evil_Castle_Stage03.fbx
  artifactKey: Guid(cb57581b23b1e5145bcd1ef97350c364) Importer(2089858483,192608db42251d675da83286b1cce702)
Start importing Assets/Castle imported/Models/Castles/EvilCastle/CS_Evil_Castle_Stage03.fbx using Guid(cb57581b23b1e5145bcd1ef97350c364) Importer(2089858483,192608db42251d675da83286b1cce702) (ScriptedImporter) -> (artifact id: '0a80ef4a7737ac0f2e686c4757aff313') in 0.0188748 seconds
Number of updated asset objects reloaded before import = 0Number of asset objects unloaded after import = 9

========================================================================
Received Import Request.
  Time since last request: 0.000019 seconds.
  path: Assets/_Tanks/Settings/Profiles/DefaultVolumeProfile.asset
  artifactKey: Guid(7d387091ad99040d59f8973a0522d17c) Importer(2089858483,192608db42251d675da83286b1cce702)
Start importing Assets/_Tanks/Settings/Profiles/DefaultVolumeProfile.asset using Guid(7d387091ad99040d59f8973a0522d17c) Importer(2089858483,192608db42251d675da83286b1cce702) (ScriptedImporter) -> (artifact id: 'ad43c94e81dc82e445c35bdf8d45198c') in 0.0062027 seconds
Number of updated asset objects reloaded before import = 0Number of asset objects unloaded after import = 20

========================================================================
Received Import Request.
  Time since last request: 0.000027 seconds.
  path: Assets/_Tanks/Tutorial_Demo/Demo_Scenes/Demo_Game_Moon.unity
  artifactKey: Guid(7d48af2f9c7c14840abfc5e21827efaa) Importer(2089858483,192608db42251d675da83286b1cce702)
Start importing Assets/_Tanks/Tutorial_Demo/Demo_Scenes/Demo_Game_Moon.unity using Guid(7d48af2f9c7c14840abfc5e21827efaa) Importer(2089858483,192608db42251d675da83286b1cce702) (ScriptedImporter) -> (artifact id: '80a2dd40615b1d380bc896d4cae2ea8a') in 0.0073171 seconds
Number of updated asset objects reloaded before import = 0Number of asset objects unloaded after import = 1

========================================================================
Received Import Request.
  Time since last request: 0.000012 seconds.
  path: Assets/Castle imported/Models/Castles/BigCstle/untitled.fbx
  artifactKey: Guid(a20416065d25f5943b9ab3c4258e3596) Importer(2089858483,192608db42251d675da83286b1cce702)
Start importing Assets/Castle imported/Models/Castles/BigCstle/untitled.fbx using Guid(a20416065d25f5943b9ab3c4258e3596) Importer(2089858483,192608db42251d675da83286b1cce702) (ScriptedImporter) -> (artifact id: '10ab0973cfa6e401c99eeb80b87a957c') in 0.0122432 seconds
Number of updated asset objects reloaded before import = 0Number of asset objects unloaded after import = 9

========================================================================
Received Import Request.
  Time since last request: 0.000016 seconds.
  path: Assets/Castle imported/Models/Castles/BigCstle/CS_Big_Castle_Stage01.fbx
  artifactKey: Guid(075850726f884584bbe4207a4334d2e3) Importer(2089858483,192608db42251d675da83286b1cce702)
Start importing Assets/Castle imported/Models/Castles/BigCstle/CS_Big_Castle_Stage01.fbx using Guid(075850726f884584bbe4207a4334d2e3) Importer(2089858483,192608db42251d675da83286b1cce702) (ScriptedImporter) -> (artifact id: '9f8ac5cf285b7cfdba1665dc3508215d') in 0.011692 seconds
Number of updated asset objects reloaded before import = 0Number of asset objects unloaded after import = 9

========================================================================
Received Import Request.
  Time since last request: 0.000014 seconds.
  path: Assets/Castle imported/Models/Castles/SmallCastle/CS_Small_Castle_Stage03.fbx
  artifactKey: Guid(a6eb5087beff5924ab4e61f470194742) Importer(2089858483,192608db42251d675da83286b1cce702)
Start importing Assets/Castle imported/Models/Castles/SmallCastle/CS_Small_Castle_Stage03.fbx using Guid(a6eb5087beff5924ab4e61f470194742) Importer(2089858483,192608db42251d675da83286b1cce702) (ScriptedImporter) -> (artifact id: '3f83d42e87ba9ba876dc29f06e15126e') in 0.0487126 seconds
Number of updated asset objects reloaded before import = 0Number of asset objects unloaded after import = 9

========================================================================
Received Import Request.
  Time since last request: 0.000016 seconds.
  path: Assets/_Tanks/Tutorial_Demo/Demo_Materials/Demo_Explosion_Brown.mat
  artifactKey: Guid(ed5b051af95494ed2a34d4e54aadc0de) Importer(2089858483,192608db42251d675da83286b1cce702)
Start importing Assets/_Tanks/Tutorial_Demo/Demo_Materials/Demo_Explosion_Brown.mat using Guid(ed5b051af95494ed2a34d4e54aadc0de) Importer(2089858483,192608db42251d675da83286b1cce702) (ScriptedImporter) -> (artifact id: '430aa7e6da6093a59a34291466211d14') in 0.0085262 seconds
Number of updated asset objects reloaded before import = 0Number of asset objects unloaded after import = 3

========================================================================
Received Import Request.
  Time since last request: 0.000026 seconds.
  path: Assets/_Tanks/Tutorial_Demo/Demo_Scenes/Demo_Game_Desert.unity
  artifactKey: Guid(37c9d2c08de91d04183fed69ef45a7bc) Importer(2089858483,192608db42251d675da83286b1cce702)
Start importing Assets/_Tanks/Tutorial_Demo/Demo_Scenes/Demo_Game_Desert.unity using Guid(37c9d2c08de91d04183fed69ef45a7bc) Importer(2089858483,192608db42251d675da83286b1cce702) (ScriptedImporter) -> (artifact id: '8529223eec041231f4f337ec1022b455') in 0.0117366 seconds
Number of updated asset objects reloaded before import = 0Number of asset objects unloaded after import = 1

========================================================================
Received Import Request.
  Time since last request: 0.000018 seconds.
  path: Assets/_Tanks/Tutorial_Demo/Demo_AudioMixers/Demo_CompleteMainMix.mixer
  artifactKey: Guid(86a7353f2579d476fbaa7f161c2e5d00) Importer(2089858483,192608db42251d675da83286b1cce702)
Start importing Assets/_Tanks/Tutorial_Demo/Demo_AudioMixers/Demo_CompleteMainMix.mixer using Guid(86a7353f2579d476fbaa7f161c2e5d00) Importer(2089858483,192608db42251d675da83286b1cce702) (ScriptedImporter)Refreshing native plugins compatible for Editor in 12.23 ms, found 17 plugins.
Preloading 2 native plugins for Editor in 0.12 ms.
 -> (artifact id: '4196d7b88c9b279bcbb82ab218918742') in 0.0236816 seconds
Number of updated asset objects reloaded before import = 0Number of asset objects unloaded after import = 13

========================================================================
Received Import Request.
  Time since last request: 0.000016 seconds.
  path: Assets/Castle imported/Models/Castles/HexagonCastle/CS_Hexagon_Castle_Stage02.fbx
  artifactKey: Guid(306d47c373eec6b4ca568a5f4f856327) Importer(2089858483,192608db42251d675da83286b1cce702)
Start importing Assets/Castle imported/Models/Castles/HexagonCastle/CS_Hexagon_Castle_Stage02.fbx using Guid(306d47c373eec6b4ca568a5f4f856327) Importer(2089858483,192608db42251d675da83286b1cce702) (ScriptedImporter) -> (artifact id: '06592194d8dc18de7161c73c103a9802') in 0.0114655 seconds
Number of updated asset objects reloaded before import = 0Number of asset objects unloaded after import = 9

========================================================================
Received Import Request.
  Time since last request: 0.000016 seconds.
  path: Assets/_Tanks/Settings/Profiles/UniversalRenderPipelineAsset_Renderer.asset
  artifactKey: Guid(f08da21c7f4606c4796d5bd66217a06e) Importer(2089858483,192608db42251d675da83286b1cce702)
Start importing Assets/_Tanks/Settings/Profiles/UniversalRenderPipelineAsset_Renderer.asset using Guid(f08da21c7f4606c4796d5bd66217a06e) Importer(2089858483,192608db42251d675da83286b1cce702) (ScriptedImporter) -> (artifact id: '5bfc9215a0140e2c81c8a58259c143a7') in 0.0097149 seconds
Number of updated asset objects reloaded before import = 0Number of asset objects unloaded after import = 2

========================================================================
Received Import Request.
  Time since last request: 0.083165 seconds.
  path: Assets/TextMesh Pro/Sprites/EmojiOne Attribution.txt
  artifactKey: Guid(381dcb09d5029d14897e55f98031fca5) Importer(2089858483,192608db42251d675da83286b1cce702)
Start importing Assets/TextMesh Pro/Sprites/EmojiOne Attribution.txt using Guid(381dcb09d5029d14897e55f98031fca5) Importer(2089858483,192608db42251d675da83286b1cce702) (ScriptedImporter) -> (artifact id: '89c7975d3ddceb7fe2bfe2b39a2b0f59') in 0.0036213 seconds
Number of updated asset objects reloaded before import = 0Number of asset objects unloaded after import = 1

========================================================================
Received Import Request.
  Time since last request: 0.000017 seconds.
  path: Assets/Samples/XR Interaction Toolkit/3.2.2/Starter Assets/StarterAssets.asmdef
  artifactKey: Guid(8f07e33567e0ee542b40769c456c6b53) Importer(2089858483,192608db42251d675da83286b1cce702)
Start importing Assets/Samples/XR Interaction Toolkit/3.2.2/Starter Assets/StarterAssets.asmdef using Guid(8f07e33567e0ee542b40769c456c6b53) Importer(2089858483,192608db42251d675da83286b1cce702) (ScriptedImporter) -> (artifact id: 'dc0951c8ae242f3773884acbe027e5a8') in 0.0135402 seconds
Number of updated asset objects reloaded before import = 0Number of asset objects unloaded after import = 1

========================================================================
Received Import Request.
  Time since last request: 0.000013 seconds.
  path: Assets/resources/Scripts/UI/EnergySystem/EnemyEnergySystem.cs
  artifactKey: Guid(4038fdd213ea1784897a9c80e1efcb7c) Importer(2089858483,192608db42251d675da83286b1cce702)
Start importing Assets/resources/Scripts/UI/EnergySystem/EnemyEnergySystem.cs using Guid(4038fdd213ea1784897a9c80e1efcb7c) Importer(2089858483,192608db42251d675da83286b1cce702) (ScriptedImporter) -> (artifact id: 'e83a6be535d03ed8c62d9d12b3241183') in 0.0038032 seconds
Number of updated asset objects reloaded before import = 0Number of asset objects unloaded after import = 0

========================================================================
Received Import Request.
  Time since last request: 0.000018 seconds.
  path: Assets/_Tanks/Art/Fonts/Big_Shoulders_Stencil/BigShouldersStencil SDF.asset
  artifactKey: Guid(af6f53fde00ba447e8f56d53b869a386) Importer(2089858483,192608db42251d675da83286b1cce702)
Start importing Assets/_Tanks/Art/Fonts/Big_Shoulders_Stencil/BigShouldersStencil SDF.asset using Guid(af6f53fde00ba447e8f56d53b869a386) Importer(2089858483,192608db42251d675da83286b1cce702) (ScriptedImporter) -> (artifact id: '4801b3e430046ce45336d1b846b330ef') in 0.0168389 seconds
Number of updated asset objects reloaded before import = 0Number of asset objects unloaded after import = 3

========================================================================
Received Import Request.
  Time since last request: 0.000027 seconds.
  path: Assets/Castle imported/Prefab/Castles/SmallCastle/CS_Small_Castle_Stage02 Variant.prefab
  artifactKey: Guid(213b48a1a7aa21e4790c2a07fd024b58) Importer(2089858483,192608db42251d675da83286b1cce702)
Start importing Assets/Castle imported/Prefab/Castles/SmallCastle/CS_Small_Castle_Stage02 Variant.prefab using Guid(213b48a1a7aa21e4790c2a07fd024b58) Importer(2089858483,192608db42251d675da83286b1cce702) (ScriptedImporter) -> (artifact id: '3427c2819f1fd40158a1bf0300edf889') in 0.0123626 seconds
Number of updated asset objects reloaded before import = 0Number of asset objects unloaded after import = 14

========================================================================
Received Import Request.
  Time since last request: 0.000017 seconds.
  path: Assets/Castle imported/Prefab/Castles/HexagonCastle/CS_Hexagon_Castle_Stage01 Variant.prefab
  artifactKey: Guid(093b280e63effdf4e85a468ece09a04b) Importer(2089858483,192608db42251d675da83286b1cce702)
Start importing Assets/Castle imported/Prefab/Castles/HexagonCastle/CS_Hexagon_Castle_Stage01 Variant.prefab using Guid(093b280e63effdf4e85a468ece09a04b) Importer(2089858483,192608db42251d675da83286b1cce702) (ScriptedImporter) -> (artifact id: 'ded04beb675d00610208492e494d8814') in 0.0110584 seconds
Number of updated asset objects reloaded before import = 0Number of asset objects unloaded after import = 14

========================================================================
Received Import Request.
  Time since last request: 0.000016 seconds.
  path: Assets/resources/Scripts/GamePlay/Projectile/ProjectileType.cs
  artifactKey: Guid(1f2b77188537a324a87edf61149be656) Importer(2089858483,192608db42251d675da83286b1cce702)
Start importing Assets/resources/Scripts/GamePlay/Projectile/ProjectileType.cs using Guid(1f2b77188537a324a87edf61149be656) Importer(2089858483,192608db42251d675da83286b1cce702) (ScriptedImporter) -> (artifact id: '686c68ca3e692a87a18f8755277583ef') in 0.0036246 seconds
Number of updated asset objects reloaded before import = 0Number of asset objects unloaded after import = 0

========================================================================
Received Import Request.
  Time since last request: 0.000016 seconds.
  path: Assets/Samples/XR Interaction Toolkit/3.2.2/Starter Assets/DemoScene.unity
  artifactKey: Guid(319dafa5c80f29f428dc1e0d03f04177) Importer(2089858483,192608db42251d675da83286b1cce702)
Start importing Assets/Samples/XR Interaction Toolkit/3.2.2/Starter Assets/DemoScene.unity using Guid(319dafa5c80f29f428dc1e0d03f04177) Importer(2089858483,192608db42251d675da83286b1cce702) (ScriptedImporter) -> (artifact id: 'd077a4403edd961336a0940e6b82a55c') in 0.033457 seconds
Number of updated asset objects reloaded before import = 0Number of asset objects unloaded after import = 1

========================================================================
Received Import Request.
  Time since last request: 0.000016 seconds.
  path: Assets/Samples/XR Interaction Toolkit/3.2.2/XR Device Simulator/XR Device Controller Controls.inputactions
  artifactKey: Guid(0be0028c24f2a4c14a96b6aa39055933) Importer(2089858483,192608db42251d675da83286b1cce702)
Start importing Assets/Samples/XR Interaction Toolkit/3.2.2/XR Device Simulator/XR Device Controller Controls.inputactions using Guid(0be0028c24f2a4c14a96b6aa39055933) Importer(2089858483,192608db42251d675da83286b1cce702) (ScriptedImporter) -> (artifact id: 'bba0d0a048e23285a8ae51466142c2b2') in 0.148972 seconds
Number of updated asset objects reloaded before import = 0Number of asset objects unloaded after import = 16

========================================================================
Received Import Request.
  Time since last request: 0.000019 seconds.
  path: Assets/Samples/XR Interaction Toolkit/3.2.2/World Space UI/DemoScene.unity
  artifactKey: Guid(ff0763a18b6d8804894cf3fd83ffa89b) Importer(2089858483,192608db42251d675da83286b1cce702)
Start importing Assets/Samples/XR Interaction Toolkit/3.2.2/World Space UI/DemoScene.unity using Guid(ff0763a18b6d8804894cf3fd83ffa89b) Importer(2089858483,192608db42251d675da83286b1cce702) (ScriptedImporter) -> (artifact id: 'd6864f443e6ead562992fa4aa2c0428c') in 0.0114503 seconds
Number of updated asset objects reloaded before import = 0Number of asset objects unloaded after import = 1

========================================================================
Received Import Request.
  Time since last request: 0.000025 seconds.
  path: Assets/Castle imported/Prefab/Castles/EvilCastle/CS_Evil_Castle_Stage01 Variant.prefab
  artifactKey: Guid(dabb831a8a1be304699791e6e72aa16e) Importer(2089858483,192608db42251d675da83286b1cce702)
Start importing Assets/Castle imported/Prefab/Castles/EvilCastle/CS_Evil_Castle_Stage01 Variant.prefab using Guid(dabb831a8a1be304699791e6e72aa16e) Importer(2089858483,192608db42251d675da83286b1cce702) (ScriptedImporter) -> (artifact id: 'eda2a1909113074181bcf4747db9f6bb') in 0.0579722 seconds
Number of updated asset objects reloaded before import = 0Number of asset objects unloaded after import = 14

========================================================================
Received Import Request.
  Time since last request: 0.000014 seconds.
  path: Assets/LowlyPoly/Stylized Grass Texture/Scene/Stylized Grass Texture/LightingData.asset
  artifactKey: Guid(b0f0d931c1f051b45a6ffcfa049f5aa4) Importer(2089858483,192608db42251d675da83286b1cce702)
Start importing Assets/LowlyPoly/Stylized Grass Texture/Scene/Stylized Grass Texture/LightingData.asset using Guid(b0f0d931c1f051b45a6ffcfa049f5aa4) Importer(2089858483,192608db42251d675da83286b1cce702) (ScriptedImporter) -> (artifact id: 'b27b52793358a468c95c727bc893c8e4') in 0.0042883 seconds
Number of updated asset objects reloaded before import = 0Number of asset objects unloaded after import = 2

========================================================================
Received Import Request.
  Time since last request: 0.000013 seconds.
  path: Assets/Castle imported/Prefab/Objects/CS_Red_Block Variant.prefab
  artifactKey: Guid(8be11561fd66c6c4d804e6d819608ca3) Importer(2089858483,192608db42251d675da83286b1cce702)
Start importing Assets/Castle imported/Prefab/Objects/CS_Red_Block Variant.prefab using Guid(8be11561fd66c6c4d804e6d819608ca3) Importer(2089858483,192608db42251d675da83286b1cce702) (ScriptedImporter) -> (artifact id: '27763140905b487bfcfe10deee1003ef') in 0.0076296 seconds
Number of updated asset objects reloaded before import = 0Number of asset objects unloaded after import = 14

========================================================================
Received Import Request.
  Time since last request: 0.000014 seconds.
  path: Assets/_Tanks/Art/Materials/Environment/Blue.mat
  artifactKey: Guid(ff21ff0ea9b18924bb1fdfbb0e58f5cb) Importer(2089858483,192608db42251d675da83286b1cce702)
Start importing Assets/_Tanks/Art/Materials/Environment/Blue.mat using Guid(ff21ff0ea9b18924bb1fdfbb0e58f5cb) Importer(2089858483,192608db42251d675da83286b1cce702) (ScriptedImporter) -> (artifact id: '5eb62c4a856788ec6846c7c3acf1cf23') in 0.0058484 seconds
Number of updated asset objects reloaded before import = 0Number of asset objects unloaded after import = 1

========================================================================
Received Import Request.
  Time since last request: 0.000016 seconds.
  path: Assets/_Tanks/Art/Fonts/Bowlby_One/FontLicense.txt
  artifactKey: Guid(327f44d86230f28468dc6a953ee98fa5) Importer(2089858483,192608db42251d675da83286b1cce702)
Start importing Assets/_Tanks/Art/Fonts/Bowlby_One/FontLicense.txt using Guid(327f44d86230f28468dc6a953ee98fa5) Importer(2089858483,192608db42251d675da83286b1cce702) (ScriptedImporter) -> (artifact id: '2ff136c90aea5827cec67e76b866315f') in 0.0036697 seconds
Number of updated asset objects reloaded before import = 0Number of asset objects unloaded after import = 1

========================================================================
Received Import Request.
  Time since last request: 0.000024 seconds.
  path: Assets/_Tanks/Art/Materials/Environment/BuildingWhite.mat
  artifactKey: Guid(00b91d76f655eaf488c0ca8bdd181a07) Importer(2089858483,192608db42251d675da83286b1cce702)
Start importing Assets/_Tanks/Art/Materials/Environment/BuildingWhite.mat using Guid(00b91d76f655eaf488c0ca8bdd181a07) Importer(2089858483,192608db42251d675da83286b1cce702) (ScriptedImporter) -> (artifact id: '6193b947058f295bdc47093031c48655') in 0.0052197 seconds
Number of updated asset objects reloaded before import = 0Number of asset objects unloaded after import = 1

========================================================================
Received Import Request.
  Time since last request: 0.000014 seconds.
  path: Assets/Plugins/AssetUsageDetector/Editor/SearchRefactoring.cs
  artifactKey: Guid(3d15ef8bd8f7c7c4e8d228c99713b7eb) Importer(2089858483,192608db42251d675da83286b1cce702)
Start importing Assets/Plugins/AssetUsageDetector/Editor/SearchRefactoring.cs using Guid(3d15ef8bd8f7c7c4e8d228c99713b7eb) Importer(2089858483,192608db42251d675da83286b1cce702) (ScriptedImporter) -> (artifact id: 'cfa1dd148cf7025c59392ea0f0518d53') in 0.004161 seconds
Number of updated asset objects reloaded before import = 0Number of asset objects unloaded after import = 0

========================================================================
Received Import Request.
  Time since last request: 0.000019 seconds.
  path: Assets/Plugins/AssetUsageDetector/Editor/AssetUsageDetectorCache.cs
  artifactKey: Guid(71ea9a3fd0b82594d8130d882dbfc844) Importer(2089858483,192608db42251d675da83286b1cce702)
Start importing Assets/Plugins/AssetUsageDetector/Editor/AssetUsageDetectorCache.cs using Guid(71ea9a3fd0b82594d8130d882dbfc844) Importer(2089858483,192608db42251d675da83286b1cce702) (ScriptedImporter) -> (artifact id: '9eeb6b89252485664d13610c33e40d89') in 0.0049097 seconds
Number of updated asset objects reloaded before import = 0Number of asset objects unloaded after import = 0

========================================================================
Received Import Request.
  Time since last request: 0.000015 seconds.
  path: Assets/resources/Prefab/Projectile/TankProjectile.prefab
  artifactKey: Guid(ad7ac7fbcb05b7549b0ee33f3f882eb1) Importer(2089858483,192608db42251d675da83286b1cce702)
Start importing Assets/resources/Prefab/Projectile/TankProjectile.prefab using Guid(ad7ac7fbcb05b7549b0ee33f3f882eb1) Importer(2089858483,192608db42251d675da83286b1cce702) (ScriptedImporter) -> (artifact id: 'b15ace73ba4c5520a0a592f5bbe58327') in 0.0090149 seconds
Number of updated asset objects reloaded before import = 0Number of asset objects unloaded after import = 13

========================================================================
Received Import Request.
  Time since last request: 0.000016 seconds.
  path: Assets/resources/Scenes/Level1/NavMesh-Teleportation Area.asset
  artifactKey: Guid(e277efabf7984ef48a18cbfcceb9b8c4) Importer(2089858483,192608db42251d675da83286b1cce702)
Start importing Assets/resources/Scenes/Level1/NavMesh-Teleportation Area.asset using Guid(e277efabf7984ef48a18cbfcceb9b8c4) Importer(2089858483,192608db42251d675da83286b1cce702) (ScriptedImporter) -> (artifact id: 'f25eff3d4c6d776cd1a3f999e9de0fbc') in 0.045569 seconds
Number of updated asset objects reloaded before import = 0Number of asset objects unloaded after import = 1

========================================================================
Received Import Request.
  Time since last request: 0.000019 seconds.
  path: Assets/_Tanks/Art/Fonts/Exo_2/Exo2.ttf
  artifactKey: Guid(b7c0b0122b8db47eb95df9f6cd8c5584) Importer(2089858483,192608db42251d675da83286b1cce702)
Start importing Assets/_Tanks/Art/Fonts/Exo_2/Exo2.ttf using Guid(b7c0b0122b8db47eb95df9f6cd8c5584) Importer(2089858483,192608db42251d675da83286b1cce702) (ScriptedImporter) -> (artifact id: 'd9f70854a0c03f69ebff719adfb607d6') in 0.0105006 seconds
Number of updated asset objects reloaded before import = 0Number of asset objects unloaded after import = 3

========================================================================
Received Import Request.
  Time since last request: 0.000024 seconds.
  path: Assets/Plugins/AssetUsageDetector/Editor/ListDrawer.cs
  artifactKey: Guid(88a4a4e861026b2498a437ce1e12b054) Importer(2089858483,192608db42251d675da83286b1cce702)
Start importing Assets/Plugins/AssetUsageDetector/Editor/ListDrawer.cs using Guid(88a4a4e861026b2498a437ce1e12b054) Importer(2089858483,192608db42251d675da83286b1cce702) (ScriptedImporter) -> (artifact id: '1d88e50cf28ebca704de7802a524728d') in 0.0037079 seconds
Number of updated asset objects reloaded before import = 0Number of asset objects unloaded after import = 0

========================================================================
Received Import Request.
  Time since last request: 0.000016 seconds.
  path: Assets/_Tanks/Art/Fonts/IBM_Plex_Mono/IBMPlexMono-Regular SDF.asset
  artifactKey: Guid(4bcc7b2d6967748a988c8111df543659) Importer(2089858483,192608db42251d675da83286b1cce702)
Start importing Assets/_Tanks/Art/Fonts/IBM_Plex_Mono/IBMPlexMono-Regular SDF.asset using Guid(4bcc7b2d6967748a988c8111df543659) Importer(2089858483,192608db42251d675da83286b1cce702) (ScriptedImporter) -> (artifact id: 'fc0f5afd1f738c2bf6c9f1ca7fc6ed03') in 0.0147005 seconds
Number of updated asset objects reloaded before import = 0Number of asset objects unloaded after import = 3

========================================================================
Received Import Request.
  Time since last request: 0.000017 seconds.
  path: Assets/_Tanks/Art/Fonts/Bowlby_One/BowlbyOne_Regular.asset
  artifactKey: Guid(0a8bd698d5648464b89c77f8fb013429) Importer(2089858483,192608db42251d675da83286b1cce702)
Start importing Assets/_Tanks/Art/Fonts/Bowlby_One/BowlbyOne_Regular.asset using Guid(0a8bd698d5648464b89c77f8fb013429) Importer(2089858483,192608db42251d675da83286b1cce702) (ScriptedImporter) -> (artifact id: 'e13031973812b8b4c7b57efe6948006b') in 0.0118626 seconds
Number of updated asset objects reloaded before import = 0Number of asset objects unloaded after import = 5

========================================================================
Received Import Request.
  Time since last request: 0.000017 seconds.
  path: Assets/_Tanks/Art/Fonts/Bowlby_One/BowlbyOne_Underlay_Outline.asset
  artifactKey: Guid(9389bfa0d5a9a7e4288ca317ff4c657c) Importer(2089858483,192608db42251d675da83286b1cce702)
Start importing Assets/_Tanks/Art/Fonts/Bowlby_One/BowlbyOne_Underlay_Outline.asset using Guid(9389bfa0d5a9a7e4288ca317ff4c657c) Importer(2089858483,192608db42251d675da83286b1cce702) (ScriptedImporter) -> (artifact id: '18d24508df9bd27124bba63cd06ca49a') in 0.0756664 seconds
Number of updated asset objects reloaded before import = 0Number of asset objects unloaded after import = 5

========================================================================
Received Import Request.
  Time since last request: 0.000017 seconds.
  path: Assets/_Tanks/Art/Fonts/Ubuntu/UFL.txt
  artifactKey: Guid(754506f48af0f411f8535f766d27fb4f) Importer(2089858483,192608db42251d675da83286b1cce702)
Start importing Assets/_Tanks/Art/Fonts/Ubuntu/UFL.txt using Guid(754506f48af0f411f8535f766d27fb4f) Importer(2089858483,192608db42251d675da83286b1cce702) (ScriptedImporter) -> (artifact id: '429c03187a2925ac19747c9c379fd51e') in 0.0033324 seconds
Number of updated asset objects reloaded before import = 0Number of asset objects unloaded after import = 1

========================================================================
Received Import Request.
  Time since last request: 0.000023 seconds.
  path: Assets/_Tanks/Art/Materials/Environment/BuildingGrey.mat
  artifactKey: Guid(87d2e70ca18454e4f855f8d99afb32e3) Importer(2089858483,192608db42251d675da83286b1cce702)
Start importing Assets/_Tanks/Art/Materials/Environment/BuildingGrey.mat using Guid(87d2e70ca18454e4f855f8d99afb32e3) Importer(2089858483,192608db42251d675da83286b1cce702) (ScriptedImporter) -> (artifact id: 'b611ac3432de5f3553d8905c0eefc324') in 0.0053495 seconds
Number of updated asset objects reloaded before import = 0Number of asset objects unloaded after import = 1

========================================================================
Received Import Request.
  Time since last request: 0.000017 seconds.
  path: Assets/_Tanks/Art/Materials/Environment/Grassy.mat
  artifactKey: Guid(6a848e4368163344ca6711f2ad6b5188) Importer(2089858483,192608db42251d675da83286b1cce702)
Start importing Assets/_Tanks/Art/Materials/Environment/Grassy.mat using Guid(6a848e4368163344ca6711f2ad6b5188) Importer(2089858483,192608db42251d675da83286b1cce702) (ScriptedImporter) -> (artifact id: 'e25f19a2d5ef29bd8c4d056e92ea2ed7') in 0.0071265 seconds
Number of updated asset objects reloaded before import = 0Number of asset objects unloaded after import = 2

========================================================================
Received Import Request.
  Time since last request: 0.000018 seconds.
  path: Assets/_Tanks/Art/Materials/Environment/SandRock.mat
  artifactKey: Guid(306d0bfefa4ca494faae1b7f01978af4) Importer(2089858483,192608db42251d675da83286b1cce702)
Start importing Assets/_Tanks/Art/Materials/Environment/SandRock.mat using Guid(306d0bfefa4ca494faae1b7f01978af4) Importer(2089858483,192608db42251d675da83286b1cce702) (ScriptedImporter) -> (artifact id: '309f87dff17266a38e7603706dde2d78') in 0.0065987 seconds
Number of updated asset objects reloaded before import = 0Number of asset objects unloaded after import = 2

========================================================================
Received Import Request.
  Time since last request: 0.000018 seconds.
  path: Assets/_Tanks/Art/Materials/Environment/Green.mat
  artifactKey: Guid(d725d1299e7bcb145acf1e059f85317d) Importer(2089858483,192608db42251d675da83286b1cce702)
Start importing Assets/_Tanks/Art/Materials/Environment/Green.mat using Guid(d725d1299e7bcb145acf1e059f85317d) Importer(2089858483,192608db42251d675da83286b1cce702) (ScriptedImporter) -> (artifact id: '237fdd5379430f7a84904896cb8af51a') in 0.0054047 seconds
Number of updated asset objects reloaded before import = 0Number of asset objects unloaded after import = 1

========================================================================
Received Import Request.
  Time since last request: 0.000017 seconds.
  path: Assets/_Tanks/Art/Materials/Environment/Pink.mat
  artifactKey: Guid(78630095e2f77d04ea99b56faf896276) Importer(2089858483,192608db42251d675da83286b1cce702)
Start importing Assets/_Tanks/Art/Materials/Environment/Pink.mat using Guid(78630095e2f77d04ea99b56faf896276) Importer(2089858483,192608db42251d675da83286b1cce702) (ScriptedImporter) -> (artifact id: 'db97dceda937479eb71cd2f3cbef951f') in 0.0064109 seconds
Number of updated asset objects reloaded before import = 0Number of asset objects unloaded after import = 1

========================================================================
Received Import Request.
  Time since last request: 0.000019 seconds.
  path: Assets/_Tanks/Art/Materials/Environment/OilDrums.mat
  artifactKey: Guid(ced395ad3dc1d074d99d6b7ccafb09c7) Importer(2089858483,192608db42251d675da83286b1cce702)
Start importing Assets/_Tanks/Art/Materials/Environment/OilDrums.mat using Guid(ced395ad3dc1d074d99d6b7ccafb09c7) Importer(2089858483,192608db42251d675da83286b1cce702) (ScriptedImporter) -> (artifact id: 'eba6ed2b92e11eae04866cfbe484c812') in 0.0048979 seconds
Number of updated asset objects reloaded before import = 0Number of asset objects unloaded after import = 1

========================================================================
Received Import Request.
  Time since last request: 0.000027 seconds.
  path: Assets/_Tanks/Art/Materials/Environment/MoonCrator.mat
  artifactKey: Guid(19f1ed20a8d2df946b5acdf7729f85f0) Importer(2089858483,192608db42251d675da83286b1cce702)
Start importing Assets/_Tanks/Art/Materials/Environment/MoonCrator.mat using Guid(19f1ed20a8d2df946b5acdf7729f85f0) Importer(2089858483,192608db42251d675da83286b1cce702) (ScriptedImporter) -> (artifact id: '1e697da299562d9de9a2bf4768378072') in 0.0061008 seconds
Number of updated asset objects reloaded before import = 0Number of asset objects unloaded after import = 2

========================================================================
Received Import Request.
  Time since last request: 0.000017 seconds.
  path: Assets/_Tanks/Art/Materials/Environment/YellowBright.mat
  artifactKey: Guid(64f19a33efad19940a21774215e4c745) Importer(2089858483,192608db42251d675da83286b1cce702)
Start importing Assets/_Tanks/Art/Materials/Environment/YellowBright.mat using Guid(64f19a33efad19940a21774215e4c745) Importer(2089858483,192608db42251d675da83286b1cce702) (ScriptedImporter) -> (artifact id: '710cded449d8c97635fb248839ff6d3f') in 0.0051135 seconds
Number of updated asset objects reloaded before import = 0Number of asset objects unloaded after import = 2

========================================================================
Received Import Request.
  Time since last request: 0.000023 seconds.
  path: Assets/_Tanks/Art/Materials/Environment/MoonGround.mat
  artifactKey: Guid(7471dc33846f1ba4796a5df18ee898bd) Importer(2089858483,192608db42251d675da83286b1cce702)
Start importing Assets/_Tanks/Art/Materials/Environment/MoonGround.mat using Guid(7471dc33846f1ba4796a5df18ee898bd) Importer(2089858483,192608db42251d675da83286b1cce702) (ScriptedImporter) -> (artifact id: '0cb580b360eaadc4a4694c70bb1b105d') in 0.0048705 seconds
Number of updated asset objects reloaded before import = 0Number of asset objects unloaded after import = 1

========================================================================
Received Import Request.
  Time since last request: 0.000017 seconds.
  path: Assets/_Tanks/Art/Materials/Environment/SandPattern.mat
  artifactKey: Guid(0e8667e99832aec47ab5b5949484f326) Importer(2089858483,192608db42251d675da83286b1cce702)
Start importing Assets/_Tanks/Art/Materials/Environment/SandPattern.mat using Guid(0e8667e99832aec47ab5b5949484f326) Importer(2089858483,192608db42251d675da83286b1cce702) (ScriptedImporter) -> (artifact id: '11369248f0333cdc039e5a924b395f5d') in 0.0059162 seconds
Number of updated asset objects reloaded before import = 0Number of asset objects unloaded after import = 2

========================================================================
Received Import Request.
  Time since last request: 0.000015 seconds.
  path: Assets/_Tanks/Art/Materials/Environment/Green_3.mat
  artifactKey: Guid(f97c89fd8a47df347817320258da2bc4) Importer(2089858483,192608db42251d675da83286b1cce702)
Start importing Assets/_Tanks/Art/Materials/Environment/Green_3.mat using Guid(f97c89fd8a47df347817320258da2bc4) Importer(2089858483,192608db42251d675da83286b1cce702) (ScriptedImporter) -> (artifact id: 'f9e4796021187c5cbe52bd8c9279162a') in 0.00498 seconds
Number of updated asset objects reloaded before import = 0Number of asset objects unloaded after import = 1

========================================================================
Received Import Request.
  Time since last request: 0.000018 seconds.
  path: Assets/Plugins/AssetUsageDetector/Editor/ObjectToSearch.cs
  artifactKey: Guid(66d5a144a723fea40945afc069d4231d) Importer(2089858483,192608db42251d675da83286b1cce702)
Start importing Assets/Plugins/AssetUsageDetector/Editor/ObjectToSearch.cs using Guid(66d5a144a723fea40945afc069d4231d) Importer(2089858483,192608db42251d675da83286b1cce702) (ScriptedImporter) -> (artifact id: '1daa2254d42d2c8b0e985358f7b9925c') in 0.0036833 seconds
Number of updated asset objects reloaded before import = 0Number of asset objects unloaded after import = 0

========================================================================
Received Import Request.
  Time since last request: 0.000029 seconds.
  path: Assets/Plugins/AssetUsageDetector/Editor/AssetUsageDetectorWindow.cs
  artifactKey: Guid(271a22c69c3d96c4dbdd04cca415a840) Importer(2089858483,192608db42251d675da83286b1cce702)
Start importing Assets/Plugins/AssetUsageDetector/Editor/AssetUsageDetectorWindow.cs using Guid(271a22c69c3d96c4dbdd04cca415a840) Importer(2089858483,192608db42251d675da83286b1cce702) (ScriptedImporter) -> (artifact id: '6ace95e497d6021e93293a10e6ee8bbd') in 0.0037711 seconds
Number of updated asset objects reloaded before import = 0Number of asset objects unloaded after import = 0

========================================================================
Received Import Request.
  Time since last request: 0.000017 seconds.
  path: Assets/Plugins/AssetUsageDetector/Editor/Enumerators.cs
  artifactKey: Guid(894047c47ce45cf40939dae24afcc72b) Importer(2089858483,192608db42251d675da83286b1cce702)
Start importing Assets/Plugins/AssetUsageDetector/Editor/Enumerators.cs using Guid(894047c47ce45cf40939dae24afcc72b) Importer(2089858483,192608db42251d675da83286b1cce702) (ScriptedImporter) -> (artifact id: '6f2832319adfe3ef6490d8b11dd0704f') in 0.0033994 seconds
Number of updated asset objects reloaded before import = 0Number of asset objects unloaded after import = 0

========================================================================
Received Import Request.
  Time since last request: 0.000016 seconds.
  path: Assets/resources/Prefab/troops/EnemyTroopB.prefab
  artifactKey: Guid(b1e3c0420ebe70f4f859ffdec4343140) Importer(2089858483,192608db42251d675da83286b1cce702)
Start importing Assets/resources/Prefab/troops/EnemyTroopB.prefab using Guid(b1e3c0420ebe70f4f859ffdec4343140) Importer(2089858483,192608db42251d675da83286b1cce702) (ScriptedImporter) -> (artifact id: '6cd31c411bc5c66ff1443007fd1a56b8') in 0.0101149 seconds
Number of updated asset objects reloaded before import = 0Number of asset objects unloaded after import = 28

========================================================================
Received Import Request.
  Time since last request: 0.000017 seconds.
  path: Assets/resources/Scripts/Base/BaseHealth.cs
  artifactKey: Guid(3180e22fbc5df3f45ae5b93072294086) Importer(2089858483,192608db42251d675da83286b1cce702)
Start importing Assets/resources/Scripts/Base/BaseHealth.cs using Guid(3180e22fbc5df3f45ae5b93072294086) Importer(2089858483,192608db42251d675da83286b1cce702) (ScriptedImporter) -> (artifact id: '2697c80fb88a84446c22d5ba5d456d43') in 0.0034412 seconds
Number of updated asset objects reloaded before import = 0Number of asset objects unloaded after import = 0

========================================================================
Received Import Request.
  Time since last request: 0.000017 seconds.
  path: Assets/resources/Scenes/Title/NavMesh-Teleportation Area.asset
  artifactKey: Guid(ed207eeb6e919424088cbcb20818cf0c) Importer(2089858483,192608db42251d675da83286b1cce702)
Start importing Assets/resources/Scenes/Title/NavMesh-Teleportation Area.asset using Guid(ed207eeb6e919424088cbcb20818cf0c) Importer(2089858483,192608db42251d675da83286b1cce702) (ScriptedImporter) -> (artifact id: '65e6cb368f540b36e2b2f4a58cf5c3fe') in 0.0044789 seconds
Number of updated asset objects reloaded before import = 0Number of asset objects unloaded after import = 1

========================================================================
Received Import Request.
  Time since last request: 0.000016 seconds.
  path: Assets/_Tanks/Art/Materials/Environment/Green_4.mat
  artifactKey: Guid(c39933e60e73205419d1f79a2af1fdac) Importer(2089858483,192608db42251d675da83286b1cce702)
Start importing Assets/_Tanks/Art/Materials/Environment/Green_4.mat using Guid(c39933e60e73205419d1f79a2af1fdac) Importer(2089858483,192608db42251d675da83286b1cce702) (ScriptedImporter) -> (artifact id: 'd56ef64482da754f2a61260eb530612a') in 0.004834 seconds
Number of updated asset objects reloaded before import = 0Number of asset objects unloaded after import = 1

========================================================================
Received Import Request.
  Time since last request: 0.000019 seconds.
  path: Assets/_Tanks/Art/Models/Environment/Jungle Temple.FBX
  artifactKey: Guid(76e5ba29109e04d42a53c05df44fec24) Importer(2089858483,192608db42251d675da83286b1cce702)
Start importing Assets/_Tanks/Art/Models/Environment/Jungle Temple.FBX using Guid(76e5ba29109e04d42a53c05df44fec24) Importer(2089858483,192608db42251d675da83286b1cce702) (ScriptedImporter) -> (artifact id: '8b69aca625c1e379ee2e1c718e18cd7f') in 0.0330869 seconds
Number of updated asset objects reloaded before import = 0Number of asset objects unloaded after import = 84

========================================================================
Received Import Request.
  Time since last request: 0.000031 seconds.
  path: Assets/_Tanks/Art/Models/Environment/Jungle Flower.FBX
  artifactKey: Guid(b18d8d2504b714a4dacb58f73b679150) Importer(2089858483,192608db42251d675da83286b1cce702)
Start importing Assets/_Tanks/Art/Models/Environment/Jungle Flower.FBX using Guid(b18d8d2504b714a4dacb58f73b679150) Importer(2089858483,192608db42251d675da83286b1cce702) (ScriptedImporter) -> (artifact id: 'ce4c6b7b795912f23c1d690c3c150932') in 0.0529269 seconds
Number of updated asset objects reloaded before import = 0Number of asset objects unloaded after import = 34

========================================================================
Received Import Request.
  Time since last request: 0.000017 seconds.
  path: Assets/_Tanks/Art/Models/Environment/Helipad.fbx
  artifactKey: Guid(614b6b69c0bbcd945bb2f83eb02a3436) Importer(2089858483,192608db42251d675da83286b1cce702)
Start importing Assets/_Tanks/Art/Models/Environment/Helipad.fbx using Guid(614b6b69c0bbcd945bb2f83eb02a3436) Importer(2089858483,192608db42251d675da83286b1cce702) (ScriptedImporter) -> (artifact id: '8ea409afc0bc955c98097567fa15afe0') in 0.0111353 seconds
Number of updated asset objects reloaded before import = 0Number of asset objects unloaded after import = 11

========================================================================
Received Import Request.
  Time since last request: 0.000014 seconds.
  path: Assets/_Tanks/Art/Materials/Particles/Particle_Dust_Sand.mat
  artifactKey: Guid(424be3af6ad117140887d3e652a89d24) Importer(2089858483,192608db42251d675da83286b1cce702)
Start importing Assets/_Tanks/Art/Materials/Particles/Particle_Dust_Sand.mat using Guid(424be3af6ad117140887d3e652a89d24) Importer(2089858483,192608db42251d675da83286b1cce702) (ScriptedImporter) -> (artifact id: '2e945476d3d85068ff19ce2fd410db96') in 0.0060689 seconds
Number of updated asset objects reloaded before import = 0Number of asset objects unloaded after import = 2

========================================================================
Received Import Request.
  Time since last request: 0.000017 seconds.
  path: Assets/_Tanks/Art/Materials/Tank/TankGrey.mat
  artifactKey: Guid(c4c5f95d06932564c8672b4bafeb1b28) Importer(2089858483,192608db42251d675da83286b1cce702)
Start importing Assets/_Tanks/Art/Materials/Tank/TankGrey.mat using Guid(c4c5f95d06932564c8672b4bafeb1b28) Importer(2089858483,192608db42251d675da83286b1cce702) (ScriptedImporter) -> (artifact id: '2d753b069c5d1a5381bba2ed888de703') in 0.0057472 seconds
Number of updated asset objects reloaded before import = 0Number of asset objects unloaded after import = 1

========================================================================
Received Import Request.
  Time since last request: 0.000025 seconds.
  path: Assets/_Tanks/Art/Models/Environment/Crater01.fbx
  artifactKey: Guid(aef18f364fed1a64ba495d15dcee610d) Importer(2089858483,192608db42251d675da83286b1cce702)
Start importing Assets/_Tanks/Art/Models/Environment/Crater01.fbx using Guid(aef18f364fed1a64ba495d15dcee610d) Importer(2089858483,192608db42251d675da83286b1cce702) (ScriptedImporter) -> (artifact id: '25a0f937a171a391759df017292ae91d') in 0.0088394 seconds
Number of updated asset objects reloaded before import = 0Number of asset objects unloaded after import = 8

========================================================================
Received Import Request.
  Time since last request: 0.000027 seconds.
  path: Assets/_Tanks/Art/Materials/PowerUps/Powerup_Health.mat
  artifactKey: Guid(a41530febc8760f43a58d0f2b2ad45a5) Importer(2089858483,192608db42251d675da83286b1cce702)
Start importing Assets/_Tanks/Art/Materials/PowerUps/Powerup_Health.mat using Guid(a41530febc8760f43a58d0f2b2ad45a5) Importer(2089858483,192608db42251d675da83286b1cce702) (ScriptedImporter) -> (artifact id: '47c7bdddfcb739463072e41aff25e956') in 0.0718639 seconds
Number of updated asset objects reloaded before import = 0Number of asset objects unloaded after import = 1

========================================================================
Received Import Request.
  Time since last request: 0.000013 seconds.
  path: Assets/_Tanks/Art/Models/Environment/Building02.fbx
  artifactKey: Guid(7fa610bf2b9bccd48a9b3a6d79f90a37) Importer(2089858483,192608db42251d675da83286b1cce702)
Start importing Assets/_Tanks/Art/Models/Environment/Building02.fbx using Guid(7fa610bf2b9bccd48a9b3a6d79f90a37) Importer(2089858483,192608db42251d675da83286b1cce702) (ScriptedImporter) -> (artifact id: '31e75be335e079b7c3f26e80f0216ff0') in 0.0281577 seconds
Number of updated asset objects reloaded before import = 0Number of asset objects unloaded after import = 15

========================================================================
Received Import Request.
  Time since last request: 0.000020 seconds.
  path: Assets/_Tanks/Art/Models/Environment/MoonBuilding02.FBX
  artifactKey: Guid(699a3bcfb11461045a9ef6b14cd6796c) Importer(2089858483,192608db42251d675da83286b1cce702)
Start importing Assets/_Tanks/Art/Models/Environment/MoonBuilding02.FBX using Guid(699a3bcfb11461045a9ef6b14cd6796c) Importer(2089858483,192608db42251d675da83286b1cce702) (ScriptedImporter) -> (artifact id: '29535ffee07f0b16e526a4e35313a2ae') in 0.0251784 seconds
Number of updated asset objects reloaded before import = 0Number of asset objects unloaded after import = 119

========================================================================
Received Import Request.
  Time since last request: 0.000022 seconds.
  path: Assets/_Tanks/Art/Materials/PowerUps/Powerup_Star.mat
  artifactKey: Guid(341c69e56be29f044bb4378ed0e44ffd) Importer(2089858483,192608db42251d675da83286b1cce702)
Start importing Assets/_Tanks/Art/Materials/PowerUps/Powerup_Star.mat using Guid(341c69e56be29f044bb4378ed0e44ffd) Importer(2089858483,192608db42251d675da83286b1cce702) (ScriptedImporter) -> (artifact id: '3ce620c8393acd568406b748adca5246') in 0.0063084 seconds
Number of updated asset objects reloaded before import = 0Number of asset objects unloaded after import = 1

========================================================================
Received Import Request.
  Time since last request: 0.000025 seconds.
  path: Assets/_Tanks/Art/Models/Tanks/Tank_Alternative_Model.prefab
  artifactKey: Guid(3e6518783c3e1b04686d670eabf23c11) Importer(2089858483,192608db42251d675da83286b1cce702)
Start importing Assets/_Tanks/Art/Models/Tanks/Tank_Alternative_Model.prefab using Guid(3e6518783c3e1b04686d670eabf23c11) Importer(2089858483,192608db42251d675da83286b1cce702) (ScriptedImporter) -> (artifact id: '9f3d9e612fab9bce7879a5d04eb45233') in 0.0069303 seconds
Number of updated asset objects reloaded before import = 0Number of asset objects unloaded after import = 25

========================================================================
Received Import Request.
  Time since last request: 0.000016 seconds.
  path: Assets/_Tanks/Art/Models/Environment/Rocks01.fbx
  artifactKey: Guid(2964d4e5af87e5245bdd71b73e9b92f1) Importer(2089858483,192608db42251d675da83286b1cce702)
Start importing Assets/_Tanks/Art/Models/Environment/Rocks01.fbx using Guid(2964d4e5af87e5245bdd71b73e9b92f1) Importer(2089858483,192608db42251d675da83286b1cce702) (ScriptedImporter) -> (artifact id: '4c5e0eef417fd6179bc161da54152d7d') in 0.0129042 seconds
Number of updated asset objects reloaded before import = 0Number of asset objects unloaded after import = 14

========================================================================
Received Import Request.
  Time since last request: 0.000017 seconds.
  path: Assets/_Tanks/Art/Models/PowerUps/Cone.FBX
  artifactKey: Guid(826c24f269c1d83479bd16b8923d6d76) Importer(2089858483,192608db42251d675da83286b1cce702)
Start importing Assets/_Tanks/Art/Models/PowerUps/Cone.FBX using Guid(826c24f269c1d83479bd16b8923d6d76) Importer(2089858483,192608db42251d675da83286b1cce702) (ScriptedImporter) -> (artifact id: '2df118dea4aed6f3dc0cedecb699afa5') in 0.0080114 seconds
Number of updated asset objects reloaded before import = 0Number of asset objects unloaded after import = 14

========================================================================
Received Import Request.
  Time since last request: 0.000018 seconds.
  path: Assets/_Tanks/Art/Models/Tanks/Tank_Alternative_Model.fbx
  artifactKey: Guid(06cdc8d71bc5371408b340eb71884fd3) Importer(2089858483,192608db42251d675da83286b1cce702)
Start importing Assets/_Tanks/Art/Models/Tanks/Tank_Alternative_Model.fbx using Guid(06cdc8d71bc5371408b340eb71884fd3) Importer(2089858483,192608db42251d675da83286b1cce702) (ScriptedImporter) -> (artifact id: '7b500cf02a6327f9c3e96eeaac2f3235') in 0.0114763 seconds
Number of updated asset objects reloaded before import = 0Number of asset objects unloaded after import = 24

========================================================================
Received Import Request.
  Time since last request: 0.000027 seconds.
  path: Assets/_Tanks/Art/Models/Tanks/Tank_Droid_Model.FBX
  artifactKey: Guid(1a51757031d83b04c867273581341472) Importer(2089858483,192608db42251d675da83286b1cce702)
Start importing Assets/_Tanks/Art/Models/Tanks/Tank_Droid_Model.FBX using Guid(1a51757031d83b04c867273581341472) Importer(2089858483,192608db42251d675da83286b1cce702) (ScriptedImporter) -> (artifact id: 'b19b000c4e6f64169e5ffdff3345474e') in 0.0129974 seconds
Number of updated asset objects reloaded before import = 0Number of asset objects unloaded after import = 39

========================================================================
Received Import Request.
  Time since last request: 0.000027 seconds.
  path: Assets/_Tanks/Art/Models/Tanks/Tank_Heavy_Model.fbx
  artifactKey: Guid(5898c21fe4410fb4b833ed09adbeebba) Importer(2089858483,192608db42251d675da83286b1cce702)
Start importing Assets/_Tanks/Art/Models/Tanks/Tank_Heavy_Model.fbx using Guid(5898c21fe4410fb4b833ed09adbeebba) Importer(2089858483,192608db42251d675da83286b1cce702) (ScriptedImporter) -> (artifact id: '715b2041fe519501c59af7da92f97b76') in 0.0121078 seconds
Number of updated asset objects reloaded before import = 0Number of asset objects unloaded after import = 24

========================================================================
Received Import Request.
  Time since last request: 0.000016 seconds.
  path: Assets/_Tanks/Art/Models/PowerUps/Damage.FBX
  artifactKey: Guid(3e31992d01bfdfd479e0bfab3bb9c896) Importer(2089858483,192608db42251d675da83286b1cce702)
Start importing Assets/_Tanks/Art/Models/PowerUps/Damage.FBX using Guid(3e31992d01bfdfd479e0bfab3bb9c896) Importer(2089858483,192608db42251d675da83286b1cce702) (ScriptedImporter) -> (artifact id: 'd0e9b68a853cf8bbf0f1bb07e8249a16') in 0.0250019 seconds
Number of updated asset objects reloaded before import = 0Number of asset objects unloaded after import = 8

========================================================================
Received Import Request.
  Time since last request: 0.000016 seconds.
  path: Assets/_Tanks/Art/Models/Tanks/Tank_Crawler_Model.FBX
  artifactKey: Guid(df9eaac106fea424098d268d3a5d7956) Importer(2089858483,192608db42251d675da83286b1cce702)
Start importing Assets/_Tanks/Art/Models/Tanks/Tank_Crawler_Model.FBX using Guid(df9eaac106fea424098d268d3a5d7956) Importer(2089858483,192608db42251d675da83286b1cce702) (ScriptedImporter) -> (artifact id: '4488f6c4cee7e8adbd87b8a1d750d91a') in 0.018358 seconds
Number of updated asset objects reloaded before import = 0Number of asset objects unloaded after import = 49

========================================================================
Received Import Request.
  Time since last request: 0.000018 seconds.
  path: Assets/_Tanks/Art/Models/Environment/RadarSphere.FBX
  artifactKey: Guid(90bf84fcb963f4647a128f298f55f5ad) Importer(2089858483,192608db42251d675da83286b1cce702)
Start importing Assets/_Tanks/Art/Models/Environment/RadarSphere.FBX using Guid(90bf84fcb963f4647a128f298f55f5ad) Importer(2089858483,192608db42251d675da83286b1cce702) (ScriptedImporter) -> (artifact id: 'd3f50be21703e6887fcecd19a84d2fbe') in 0.0106482 seconds
Number of updated asset objects reloaded before import = 0Number of asset objects unloaded after import = 20

========================================================================
Received Import Request.
  Time since last request: 0.000015 seconds.
  path: Assets/_Tanks/Art/Models/PowerUps/Star.FBX
  artifactKey: Guid(13c7de4baddb90a488d0a9f88e32e29c) Importer(2089858483,192608db42251d675da83286b1cce702)
Start importing Assets/_Tanks/Art/Models/PowerUps/Star.FBX using Guid(13c7de4baddb90a488d0a9f88e32e29c) Importer(2089858483,192608db42251d675da83286b1cce702) (ScriptedImporter) -> (artifact id: '00cde833824dec2ff19ee25eeb448b73') in 0.0120092 seconds
Number of updated asset objects reloaded before import = 0Number of asset objects unloaded after import = 8

========================================================================
Received Import Request.
  Time since last request: 0.000016 seconds.
  path: Assets/_Tanks/Art/Models/Environment/CratorRocket.FBX
  artifactKey: Guid(841a9e865e6ad374f98a3c92f84ff6ab) Importer(2089858483,192608db42251d675da83286b1cce702)
Start importing Assets/_Tanks/Art/Models/Environment/CratorRocket.FBX using Guid(841a9e865e6ad374f98a3c92f84ff6ab) Importer(2089858483,192608db42251d675da83286b1cce702) (ScriptedImporter) -> (artifact id: '5e5829df5e452a4a3dd2a4e2e73a3662') in 0.0394003 seconds
Number of updated asset objects reloaded before import = 0Number of asset objects unloaded after import = 50

========================================================================
Received Import Request.
  Time since last request: 0.000025 seconds.
  path: Assets/_Tanks/Art/Models/Tanks/Tank_UTV_Model.FBX
  artifactKey: Guid(f1b92b00a0a2a2345b070a28f29c9f39) Importer(2089858483,192608db42251d675da83286b1cce702)
Start importing Assets/_Tanks/Art/Models/Tanks/Tank_UTV_Model.FBX using Guid(f1b92b00a0a2a2345b070a28f29c9f39) Importer(2089858483,192608db42251d675da83286b1cce702) (ScriptedImporter) -> (artifact id: 'fb9cc1ebb1b650f3fbb8923041be5357') in 0.0263407 seconds
Number of updated asset objects reloaded before import = 0Number of asset objects unloaded after import = 49

========================================================================
Received Import Request.
  Time since last request: 0.000018 seconds.
  path: Assets/_Tanks/Prefabs/Environment/Desert/CompletePumpJack.prefab
  artifactKey: Guid(b42de3640c54277468750ca555af9b52) Importer(2089858483,192608db42251d675da83286b1cce702)
Start importing Assets/_Tanks/Prefabs/Environment/Desert/CompletePumpJack.prefab using Guid(b42de3640c54277468750ca555af9b52) Importer(2089858483,192608db42251d675da83286b1cce702) (ScriptedImporter) -> (artifact id: '94a13582ef9a17ab2e240172f23836cd') in 0.0083837 seconds
Number of updated asset objects reloaded before import = 0Number of asset objects unloaded after import = 16

========================================================================
Received Import Request.
  Time since last request: 0.000018 seconds.
  path: Assets/_Tanks/Art/Sprites/UI/UI_Icon_Look.png
  artifactKey: Guid(af0ae2dbf3d1efb4f82af377950704a2) Importer(2089858483,192608db42251d675da83286b1cce702)
Start importing Assets/_Tanks/Art/Sprites/UI/UI_Icon_Look.png using Guid(af0ae2dbf3d1efb4f82af377950704a2) Importer(2089858483,192608db42251d675da83286b1cce702) (ScriptedImporter) -> (artifact id: '551827ad2eebe42c635cbd0a9eb64ffd') in 0.0103244 seconds
Number of updated asset objects reloaded before import = 0Number of asset objects unloaded after import = 3

========================================================================
Received Import Request.
  Time since last request: 0.000015 seconds.
  path: Assets/_Tanks/Prefabs/Environment/Desert/BuildingSand03.prefab
  artifactKey: Guid(3adf97ae71fbaf648910562733741ac2) Importer(2089858483,192608db42251d675da83286b1cce702)
Start importing Assets/_Tanks/Prefabs/Environment/Desert/BuildingSand03.prefab using Guid(3adf97ae71fbaf648910562733741ac2) Importer(2089858483,192608db42251d675da83286b1cce702) (ScriptedImporter) -> (artifact id: 'efac9f735ef04eba5843e02735f1a657') in 0.007305 seconds
Number of updated asset objects reloaded before import = 0Number of asset objects unloaded after import = 121

========================================================================
Received Import Request.
  Time since last request: 0.000019 seconds.
  path: Assets/_Tanks/Prefabs/Environment/Desert/ColumnSand02.prefab
  artifactKey: Guid(aff1711de1236764bb1c39f9a663256f) Importer(2089858483,192608db42251d675da83286b1cce702)
Start importing Assets/_Tanks/Prefabs/Environment/Desert/ColumnSand02.prefab using Guid(aff1711de1236764bb1c39f9a663256f) Importer(2089858483,192608db42251d675da83286b1cce702) (ScriptedImporter) -> (artifact id: 'd0f17b535ae53dc21e27e20c5f63f177') in 0.0143178 seconds
Number of updated asset objects reloaded before import = 0Number of asset objects unloaded after import = 27

========================================================================
Received Import Request.
  Time since last request: 0.000025 seconds.
  path: Assets/_Tanks/Art/Sprites/UI/UI_Icon_Move.png
  artifactKey: Guid(ff7bfa7addf40784d86f62b8e4a034a6) Importer(2089858483,192608db42251d675da83286b1cce702)
Start importing Assets/_Tanks/Art/Sprites/UI/UI_Icon_Move.png using Guid(ff7bfa7addf40784d86f62b8e4a034a6) Importer(2089858483,192608db42251d675da83286b1cce702) (ScriptedImporter) -> (artifact id: '35cde99bd927d6243f3db15dd17f023c') in 0.0118064 seconds
Number of updated asset objects reloaded before import = 0Number of asset objects unloaded after import = 3

========================================================================
Received Import Request.
  Time since last request: 0.000014 seconds.
  path: Assets/_Tanks/Art/Textures/UI/Background.png
  artifactKey: Guid(394a81dbffe8e0746b52e17fa375453d) Importer(2089858483,192608db42251d675da83286b1cce702)
Start importing Assets/_Tanks/Art/Textures/UI/Background.png using Guid(394a81dbffe8e0746b52e17fa375453d) Importer(2089858483,192608db42251d675da83286b1cce702) (ScriptedImporter) -> (artifact id: '5867d308000cf6bc3b06846f8b614026') in 0.0101087 seconds
Number of updated asset objects reloaded before import = 0Number of asset objects unloaded after import = 3

========================================================================
Received Import Request.
  Time since last request: 0.000014 seconds.
  path: Assets/_Tanks/Prefabs/Environment/Desert/ColumnSand01.prefab
  artifactKey: Guid(6f161e37c57c40a42aa5b738628551f0) Importer(2089858483,192608db42251d675da83286b1cce702)
Start importing Assets/_Tanks/Prefabs/Environment/Desert/ColumnSand01.prefab using Guid(6f161e37c57c40a42aa5b738628551f0) Importer(2089858483,192608db42251d675da83286b1cce702) (ScriptedImporter) -> (artifact id: 'b37072ad3a799546f1b69394471ae5b7') in 0.0073481 seconds
Number of updated asset objects reloaded before import = 0Number of asset objects unloaded after import = 39

========================================================================
Received Import Request.
  Time since last request: 0.000019 seconds.
  path: Assets/_Tanks/Art/Sprites/UI/UI_Circle_Bevel_Base.png
  artifactKey: Guid(b74c31d447d2f5d41a61081bdf5e7126) Importer(2089858483,192608db42251d675da83286b1cce702)
Start importing Assets/_Tanks/Art/Sprites/UI/UI_Circle_Bevel_Base.png using Guid(b74c31d447d2f5d41a61081bdf5e7126) Importer(2089858483,192608db42251d675da83286b1cce702) (ScriptedImporter) -> (artifact id: 'f1b164c663df6bdcb24344aa6f2f5597') in 0.012854 seconds
Number of updated asset objects reloaded before import = 0Number of asset objects unloaded after import = 3

========================================================================
Received Import Request.
  Time since last request: 0.000019 seconds.
  path: Assets/_Tanks/Art/Textures/UI/HeaderSmall.png
  artifactKey: Guid(f01848e5002e4854b8e025e31b5917a0) Importer(2089858483,192608db42251d675da83286b1cce702)
Start importing Assets/_Tanks/Art/Textures/UI/HeaderSmall.png using Guid(f01848e5002e4854b8e025e31b5917a0) Importer(2089858483,192608db42251d675da83286b1cce702) (ScriptedImporter) -> (artifact id: '7b81e57bce5325658c40bd0d3c7c5bde') in 0.0089285 seconds
Number of updated asset objects reloaded before import = 0Number of asset objects unloaded after import = 3

========================================================================
Received Import Request.
  Time since last request: 0.000033 seconds.
  path: Assets/_Tanks/Art/Models/Environment/CratorsMoon01.FBX
  artifactKey: Guid(e4a9e22c76cecf04dac0913a2c714b20) Importer(2089858483,192608db42251d675da83286b1cce702)
Start importing Assets/_Tanks/Art/Models/Environment/CratorsMoon01.FBX using Guid(e4a9e22c76cecf04dac0913a2c714b20) Importer(2089858483,192608db42251d675da83286b1cce702) (ScriptedImporter) -> (artifact id: '42c3a769803988675b70d673a9c71648') in 0.008891 seconds
Number of updated asset objects reloaded before import = 0Number of asset objects unloaded after import = 7

========================================================================
Received Import Request.
  Time since last request: 0.000027 seconds.
  path: Assets/_Tanks/Prefabs/Environment/Desert/HelipadSand.prefab
  artifactKey: Guid(744ab83d8b4faac49acd3b888bc9c5c6) Importer(2089858483,192608db42251d675da83286b1cce702)
Start importing Assets/_Tanks/Prefabs/Environment/Desert/HelipadSand.prefab using Guid(744ab83d8b4faac49acd3b888bc9c5c6) Importer(2089858483,192608db42251d675da83286b1cce702) (ScriptedImporter) -> (artifact id: '3d7a796c230e9100894eebe314fef93b') in 0.0083313 seconds
Number of updated asset objects reloaded before import = 0Number of asset objects unloaded after import = 18

========================================================================
Received Import Request.
  Time since last request: 0.000016 seconds.
  path: Assets/_Tanks/Prefabs/Environment/Jungle/BuildingJungle02.prefab
  artifactKey: Guid(1e23da6ca4dacc74f9448240b1c7a118) Importer(2089858483,192608db42251d675da83286b1cce702)
Start importing Assets/_Tanks/Prefabs/Environment/Jungle/BuildingJungle02.prefab using Guid(1e23da6ca4dacc74f9448240b1c7a118) Importer(2089858483,192608db42251d675da83286b1cce702) (ScriptedImporter) -> (artifact id: '50be94ab704a5f260263188de8e03b4d') in 0.0107649 seconds
Number of updated asset objects reloaded before import = 0Number of asset objects unloaded after import = 24

========================================================================
Received Import Request.
  Time since last request: 0.000017 seconds.
  path: Assets/_Tanks/Prefabs/Environment/Desert/TempleSand01.prefab
  artifactKey: Guid(126477f159afbce4eadc9d1fd94e4ae9) Importer(2089858483,192608db42251d675da83286b1cce702)
Start importing Assets/_Tanks/Prefabs/Environment/Desert/TempleSand01.prefab using Guid(126477f159afbce4eadc9d1fd94e4ae9) Importer(2089858483,192608db42251d675da83286b1cce702) (ScriptedImporter) -> (artifact id: '4e8ccff5f19fae9fd3771ce83b4954a2') in 0.0071073 seconds
Number of updated asset objects reloaded before import = 0Number of asset objects unloaded after import = 84

========================================================================
Received Import Request.
  Time since last request: 0.000018 seconds.
  path: Assets/_Tanks/Prefabs/Environment/Jungle/ClumpRockBig.prefab
  artifactKey: Guid(edcbd88adcc683841bbf44bc253e801f) Importer(2089858483,192608db42251d675da83286b1cce702)
Start importing Assets/_Tanks/Prefabs/Environment/Jungle/ClumpRockBig.prefab using Guid(edcbd88adcc683841bbf44bc253e801f) Importer(2089858483,192608db42251d675da83286b1cce702) (ScriptedImporter) -> (artifact id: 'ca0c5ed4629b6f76b731fa76d0cb8619') in 0.0079498 seconds
Number of updated asset objects reloaded before import = 0Number of asset objects unloaded after import = 92

========================================================================
Received Import Request.
  Time since last request: 0.000014 seconds.
  path: Assets/_Tanks/Prefabs/Environment/Jungle/CliffJungle.prefab
  artifactKey: Guid(f679227769a543240a446c66acbf0f7b) Importer(2089858483,192608db42251d675da83286b1cce702)
Start importing Assets/_Tanks/Prefabs/Environment/Jungle/CliffJungle.prefab using Guid(f679227769a543240a446c66acbf0f7b) Importer(2089858483,192608db42251d675da83286b1cce702) (ScriptedImporter) -> (artifact id: 'd7ee90ee1a7c8053454f6fbf3bd9200b') in 0.007198 seconds
Number of updated asset objects reloaded before import = 0Number of asset objects unloaded after import = 152

========================================================================
Received Import Request.
  Time since last request: 0.000019 seconds.
  path: Assets/_Tanks/Prefabs/Environment/Desert/RadarSphereSand.prefab
  artifactKey: Guid(6ee8222d8c17bcd40a51bcd8f0c0cb4a) Importer(2089858483,192608db42251d675da83286b1cce702)
Start importing Assets/_Tanks/Prefabs/Environment/Desert/RadarSphereSand.prefab using Guid(6ee8222d8c17bcd40a51bcd8f0c0cb4a) Importer(2089858483,192608db42251d675da83286b1cce702) (ScriptedImporter) -> (artifact id: '0d4aa250c7f86bb11192fc47f12b308e') in 0.0061144 seconds
Number of updated asset objects reloaded before import = 0Number of asset objects unloaded after import = 36

========================================================================
Received Import Request.
  Time since last request: 0.000025 seconds.
  path: Assets/_Tanks/Prefabs/Environment/Desert/GroundSand.prefab
  artifactKey: Guid(512d247ed62b9aa47bf497cf727d91a5) Importer(2089858483,192608db42251d675da83286b1cce702)
Start importing Assets/_Tanks/Prefabs/Environment/Desert/GroundSand.prefab using Guid(512d247ed62b9aa47bf497cf727d91a5) Importer(2089858483,192608db42251d675da83286b1cce702) (ScriptedImporter) -> (artifact id: '86a1183e2582c30be131776ad6973880') in 0.0074832 seconds
Number of updated asset objects reloaded before import = 0Number of asset objects unloaded after import = 8

========================================================================
Received Import Request.
  Time since last request: 0.000015 seconds.
  path: Assets/_Tanks/Prefabs/Environment/Desert/PathSand02.prefab
  artifactKey: Guid(9066617df0a54e4459f260fbb05557dc) Importer(2089858483,192608db42251d675da83286b1cce702)
Start importing Assets/_Tanks/Prefabs/Environment/Desert/PathSand02.prefab using Guid(9066617df0a54e4459f260fbb05557dc) Importer(2089858483,192608db42251d675da83286b1cce702) (ScriptedImporter) -> (artifact id: '72c8deb830a8623525eb04fd1d3f0f4e') in 0.0048957 seconds
Number of updated asset objects reloaded before import = 0Number of asset objects unloaded after import = 30

========================================================================
Received Import Request.
  Time since last request: 0.000030 seconds.
  path: Assets/_Tanks/Prefabs/Environment/Jungle/Bush03.prefab
  artifactKey: Guid(bbeaf914db693d4429441a8150e2acdf) Importer(2089858483,192608db42251d675da83286b1cce702)
Start importing Assets/_Tanks/Prefabs/Environment/Jungle/Bush03.prefab using Guid(bbeaf914db693d4429441a8150e2acdf) Importer(2089858483,192608db42251d675da83286b1cce702) (ScriptedImporter) -> (artifact id: '772b204e92e11d5e768cc9a9a06fe566') in 0.0091694 seconds
Number of updated asset objects reloaded before import = 0Number of asset objects unloaded after import = 14

========================================================================
Received Import Request.
  Time since last request: 0.000018 seconds.
  path: Assets/_Tanks/Prefabs/Environment/Desert/PumpJackSand.prefab
  artifactKey: Guid(67c126ae54105994898f82c2588ef705) Importer(2089858483,192608db42251d675da83286b1cce702)
Start importing Assets/_Tanks/Prefabs/Environment/Desert/PumpJackSand.prefab using Guid(67c126ae54105994898f82c2588ef705) Importer(2089858483,192608db42251d675da83286b1cce702) (ScriptedImporter) -> (artifact id: '754f6d810f43149eb47de5249eab6455') in 0.0063216 seconds
Number of updated asset objects reloaded before import = 0Number of asset objects unloaded after import = 19

========================================================================
Received Import Request.
  Time since last request: 0.000023 seconds.
  path: Assets/_Tanks/Art/Models/Environment/Hippo.FBX
  artifactKey: Guid(538daa67d547de04a82a663dbdf06efc) Importer(2089858483,192608db42251d675da83286b1cce702)
Start importing Assets/_Tanks/Art/Models/Environment/Hippo.FBX using Guid(538daa67d547de04a82a663dbdf06efc) Importer(2089858483,192608db42251d675da83286b1cce702) (ScriptedImporter) -> (artifact id: '1e87222fb1d1413ce303e97d3e2f9afd') in 0.0137488 seconds
Number of updated asset objects reloaded before import = 0Number of asset objects unloaded after import = 20

========================================================================
Received Import Request.
  Time since last request: 0.000025 seconds.
  path: Assets/_Tanks/Prefabs/Environment/Jungle/GroundJungle.prefab
  artifactKey: Guid(a5dd23466f160284ab381228844dc71d) Importer(2089858483,192608db42251d675da83286b1cce702)
Start importing Assets/_Tanks/Prefabs/Environment/Jungle/GroundJungle.prefab using Guid(a5dd23466f160284ab381228844dc71d) Importer(2089858483,192608db42251d675da83286b1cce702) (ScriptedImporter) -> (artifact id: '95797475df840a657d08a8c528a9cd08') in 0.0070527 seconds
Number of updated asset objects reloaded before import = 0Number of asset objects unloaded after import = 8

========================================================================
Received Import Request.
  Time since last request: 0.000016 seconds.
  path: Assets/_Tanks/Prefabs/Environment/Jungle/RefineryJungle.prefab
  artifactKey: Guid(03084a6e22d38a740811305fc68ed030) Importer(2089858483,192608db42251d675da83286b1cce702)
Start importing Assets/_Tanks/Prefabs/Environment/Jungle/RefineryJungle.prefab using Guid(03084a6e22d38a740811305fc68ed030) Importer(2089858483,192608db42251d675da83286b1cce702) (ScriptedImporter) -> (artifact id: 'f3fe0f337bd8dce7ad20942bcac43283') in 0.0089246 seconds
Number of updated asset objects reloaded before import = 0Number of asset objects unloaded after import = 19

========================================================================
Received Import Request.
  Time since last request: 0.000017 seconds.
  path: Assets/_Tanks/Prefabs/Environment/Jungle/HippoMud02.prefab
  artifactKey: Guid(6bce97c8568db2249a2001b6bc4dcb9f) Importer(2089858483,192608db42251d675da83286b1cce702)
Start importing Assets/_Tanks/Prefabs/Environment/Jungle/HippoMud02.prefab using Guid(6bce97c8568db2249a2001b6bc4dcb9f) Importer(2089858483,192608db42251d675da83286b1cce702) (ScriptedImporter) -> (artifact id: '8ab63b47976f083219c60e6d8392f230') in 0.0095801 seconds
Number of updated asset objects reloaded before import = 0Number of asset objects unloaded after import = 128

========================================================================
Received Import Request.
  Time since last request: 0.000015 seconds.
  path: Assets/_Tanks/Prefabs/Environment/Jungle/PathJungle02.prefab
  artifactKey: Guid(9fbc90cdee885094bbd9ef3fea92e975) Importer(2089858483,192608db42251d675da83286b1cce702)
Start importing Assets/_Tanks/Prefabs/Environment/Jungle/PathJungle02.prefab using Guid(9fbc90cdee885094bbd9ef3fea92e975) Importer(2089858483,192608db42251d675da83286b1cce702) (ScriptedImporter) -> (artifact id: '24e0b56f71ed6c40bf0072a82fd8477b') in 0.0064656 seconds
Number of updated asset objects reloaded before import = 0Number of asset objects unloaded after import = 30

========================================================================
Received Import Request.
  Time since last request: 0.000021 seconds.
  path: Assets/_Tanks/Prefabs/Environment/Jungle/RuinsJungle.prefab
  artifactKey: Guid(1d300dabefc241144b8970283d3b3c82) Importer(2089858483,192608db42251d675da83286b1cce702)
Start importing Assets/_Tanks/Prefabs/Environment/Jungle/RuinsJungle.prefab using Guid(1d300dabefc241144b8970283d3b3c82) Importer(2089858483,192608db42251d675da83286b1cce702) (ScriptedImporter) -> (artifact id: '068dd828f110dc663fc0cad7d893eccc') in 0.0080811 seconds
Number of updated asset objects reloaded before import = 0Number of asset objects unloaded after import = 18

========================================================================
Received Import Request.
  Time since last request: 0.000019 seconds.
  path: Assets/_Tanks/Prefabs/Environment/Jungle/SmokeJungle.prefab
  artifactKey: Guid(953442450e646754282210f0cdaf9402) Importer(2089858483,192608db42251d675da83286b1cce702)
Start importing Assets/_Tanks/Prefabs/Environment/Jungle/SmokeJungle.prefab using Guid(953442450e646754282210f0cdaf9402) Importer(2089858483,192608db42251d675da83286b1cce702) (ScriptedImporter) -> (artifact id: '114e868513c5138009518002e84ae463') in 0.0211516 seconds
Number of updated asset objects reloaded before import = 0Number of asset objects unloaded after import = 6

========================================================================
Received Import Request.
  Time since last request: 0.000024 seconds.
  path: Assets/_Tanks/Prefabs/Environment/Jungle/Grass01.prefab
  artifactKey: Guid(5f047bc5fb3080b43b7d8b48cde4ea99) Importer(2089858483,192608db42251d675da83286b1cce702)
Start importing Assets/_Tanks/Prefabs/Environment/Jungle/Grass01.prefab using Guid(5f047bc5fb3080b43b7d8b48cde4ea99) Importer(2089858483,192608db42251d675da83286b1cce702) (ScriptedImporter) -> (artifact id: 'fa51cdb337791aaef3ac17306e1e183f') in 0.0064653 seconds
Number of updated asset objects reloaded before import = 0Number of asset objects unloaded after import = 14

========================================================================
Received Import Request.
  Time since last request: 0.000015 seconds.
  path: Assets/_Tanks/Prefabs/Environment/Jungle/FlowerJungle.prefab
  artifactKey: Guid(20ada3d142e9f8746aa8d1f1a02fd73d) Importer(2089858483,192608db42251d675da83286b1cce702)
Start importing Assets/_Tanks/Prefabs/Environment/Jungle/FlowerJungle.prefab using Guid(20ada3d142e9f8746aa8d1f1a02fd73d) Importer(2089858483,192608db42251d675da83286b1cce702) (ScriptedImporter) -> (artifact id: 'f8c5a0eec8026dd4d2910a427fae1d7a') in 0.004827 seconds
Number of updated asset objects reloaded before import = 0Number of asset objects unloaded after import = 62

========================================================================
Received Import Request.
  Time since last request: 0.000021 seconds.
  path: Assets/_Tanks/Prefabs/Environment/Jungle/ConcreteJungle.prefab
  artifactKey: Guid(0469356a4589f8e41b51906eaf8dabba) Importer(2089858483,192608db42251d675da83286b1cce702)
Start importing Assets/_Tanks/Prefabs/Environment/Jungle/ConcreteJungle.prefab using Guid(0469356a4589f8e41b51906eaf8dabba) Importer(2089858483,192608db42251d675da83286b1cce702) (ScriptedImporter) -> (artifact id: '9e86f64f3fbb5c75c18fe76c6a570190') in 0.0102397 seconds
Number of updated asset objects reloaded before import = 0Number of asset objects unloaded after import = 14

========================================================================
Received Import Request.
  Time since last request: 0.000015 seconds.
  path: Assets/_Tanks/Prefabs/Environment/Jungle/RockyPathJungle02.prefab
  artifactKey: Guid(1fe894541500c2d4cbf07415eb6b641c) Importer(2089858483,192608db42251d675da83286b1cce702)
Start importing Assets/_Tanks/Prefabs/Environment/Jungle/RockyPathJungle02.prefab using Guid(1fe894541500c2d4cbf07415eb6b641c) Importer(2089858483,192608db42251d675da83286b1cce702) (ScriptedImporter) -> (artifact id: '035ba5f066abcc123e5535f3977b77a8') in 0.011024 seconds
Number of updated asset objects reloaded before import = 0Number of asset objects unloaded after import = 14

========================================================================
Received Import Request.
  Time since last request: 0.000017 seconds.
  path: Assets/_Tanks/Prefabs/Environment/Jungle/RadarSphereJungle.prefab
  artifactKey: Guid(0077f3d3befee2844ae931868dee95b5) Importer(2089858483,192608db42251d675da83286b1cce702)
Start importing Assets/_Tanks/Prefabs/Environment/Jungle/RadarSphereJungle.prefab using Guid(0077f3d3befee2844ae931868dee95b5) Importer(2089858483,192608db42251d675da83286b1cce702) (ScriptedImporter) -> (artifact id: '45fc692a8c7ee42a50c254b3341261d3') in 0.0067436 seconds
Number of updated asset objects reloaded before import = 0Number of asset objects unloaded after import = 40

========================================================================
Received Import Request.
  Time since last request: 0.000017 seconds.
  path: Assets/_Tanks/Art/Models/Environment/Terrain.fbx
  artifactKey: Guid(126dbcddb53386c4f969fdf0c555e822) Importer(2089858483,192608db42251d675da83286b1cce702)
Start importing Assets/_Tanks/Art/Models/Environment/Terrain.fbx using Guid(126dbcddb53386c4f969fdf0c555e822) Importer(2089858483,192608db42251d675da83286b1cce702) (ScriptedImporter) -> (artifact id: 'b8e3972070a43c5b2082f473aade73c3') in 0.009549 seconds
Number of updated asset objects reloaded before import = 0Number of asset objects unloaded after import = 8

========================================================================
Received Import Request.
  Time since last request: 0.000027 seconds.
  path: Assets/_Tanks/Prefabs/Environment/Moon/DunesMoon01.prefab
  artifactKey: Guid(9240ee9d657c21144804860b0f397ed3) Importer(2089858483,192608db42251d675da83286b1cce702)
Start importing Assets/_Tanks/Prefabs/Environment/Moon/DunesMoon01.prefab using Guid(9240ee9d657c21144804860b0f397ed3) Importer(2089858483,192608db42251d675da83286b1cce702) (ScriptedImporter) -> (artifact id: '73540ff80e62b9d04aea810f39b926b4') in 0.0065307 seconds
Number of updated asset objects reloaded before import = 0Number of asset objects unloaded after import = 14

========================================================================
Received Import Request.
  Time since last request: 0.000013 seconds.
  path: Assets/_Tanks/Prefabs/Environment/Moon/RocketMoon.prefab
  artifactKey: Guid(9a7f2947cc64694478f2bbf5a563c077) Importer(2089858483,192608db42251d675da83286b1cce702)
Start importing Assets/_Tanks/Prefabs/Environment/Moon/RocketMoon.prefab using Guid(9a7f2947cc64694478f2bbf5a563c077) Importer(2089858483,192608db42251d675da83286b1cce702) (ScriptedImporter) -> (artifact id: '70934480dc08694abe4870a92b50fc68') in 0.0099364 seconds
Number of updated asset objects reloaded before import = 0Number of asset objects unloaded after import = 54

========================================================================
Received Import Request.
  Time since last request: 0.000017 seconds.
  path: Assets/_Tanks/Prefabs/Levels/Levels_Empty/LevelJungle_Empty.prefab
  artifactKey: Guid(9bea0fb58a14644b19a39852279700e3) Importer(2089858483,192608db42251d675da83286b1cce702)
Start importing Assets/_Tanks/Prefabs/Levels/Levels_Empty/LevelJungle_Empty.prefab using Guid(9bea0fb58a14644b19a39852279700e3) Importer(2089858483,192608db42251d675da83286b1cce702) (ScriptedImporter) -> (artifact id: '722f2eb72827bc2fb9cb416c81202282') in 0.0112909 seconds
Number of updated asset objects reloaded before import = 0Number of asset objects unloaded after import = 589

========================================================================
Received Import Request.
  Time since last request: 0.000017 seconds.
  path: Assets/_Tanks/Prefabs/Environment/Moon/BuildingMoon03.prefab
  artifactKey: Guid(cb153ec5f8a131144afb74c62144be48) Importer(2089858483,192608db42251d675da83286b1cce702)
Start importing Assets/_Tanks/Prefabs/Environment/Moon/BuildingMoon03.prefab using Guid(cb153ec5f8a131144afb74c62144be48) Importer(2089858483,192608db42251d675da83286b1cce702) (ScriptedImporter) -> (artifact id: '50c77aa58c0abc3ebbb92b54f157f5a7') in 0.0075077 seconds
Number of updated asset objects reloaded before import = 0Number of asset objects unloaded after import = 121

========================================================================
Received Import Request.
  Time since last request: 0.000016 seconds.
  path: Assets/_Tanks/Prefabs/Environment/Moon/DunesMoon02.prefab
  artifactKey: Guid(3f751e07837b5044a850c6d98551cb10) Importer(2089858483,192608db42251d675da83286b1cce702)
Start importing Assets/_Tanks/Prefabs/Environment/Moon/DunesMoon02.prefab using Guid(3f751e07837b5044a850c6d98551cb10) Importer(2089858483,192608db42251d675da83286b1cce702) (ScriptedImporter) -> (artifact id: '33bbf2bc01458f552a1081e8531388dd') in 0.0067429 seconds
Number of updated asset objects reloaded before import = 0Number of asset objects unloaded after import = 14

========================================================================
Received Import Request.
  Time since last request: 0.000018 seconds.
  path: Assets/_Tanks/Art/Materials/Environment/MoonRock.mat
  artifactKey: Guid(63657fd3af2ee4a4d8ec1b203282f46a) Importer(2089858483,192608db42251d675da83286b1cce702)
Start importing Assets/_Tanks/Art/Materials/Environment/MoonRock.mat using Guid(63657fd3af2ee4a4d8ec1b203282f46a) Importer(2089858483,192608db42251d675da83286b1cce702) (ScriptedImporter) -> (artifact id: '74b54df56fe905a1a060f90169f593f0') in 0.0048325 seconds
Number of updated asset objects reloaded before import = 0Number of asset objects unloaded after import = 1

========================================================================
Received Import Request.
  Time since last request: 0.000025 seconds.
  path: Assets/_Tanks/Art/Textures/UI/Highlight_Select.png
  artifactKey: Guid(b2fc9cfefa2d15d41ac68067cc0b7a5a) Importer(2089858483,192608db42251d675da83286b1cce702)
Start importing Assets/_Tanks/Art/Textures/UI/Highlight_Select.png using Guid(b2fc9cfefa2d15d41ac68067cc0b7a5a) Importer(2089858483,192608db42251d675da83286b1cce702) (ScriptedImporter) -> (artifact id: '893051a252928904bc76847828986599') in 0.0089756 seconds
Number of updated asset objects reloaded before import = 0Number of asset objects unloaded after import = 3

========================================================================
Received Import Request.
  Time since last request: 0.000013 seconds.
  path: Assets/_Tanks/Prefabs/Environment/Desert/BuildingSand02.prefab
  artifactKey: Guid(367a8ecb99782e248b2a5f60e8e00e6a) Importer(2089858483,192608db42251d675da83286b1cce702)
Start importing Assets/_Tanks/Prefabs/Environment/Desert/BuildingSand02.prefab using Guid(367a8ecb99782e248b2a5f60e8e00e6a) Importer(2089858483,192608db42251d675da83286b1cce702) (ScriptedImporter) -> (artifact id: 'd731ca0df65d90d2516979ee21f915bf') in 0.0112107 seconds
Number of updated asset objects reloaded before import = 0Number of asset objects unloaded after import = 24

========================================================================
Received Import Request.
  Time since last request: 0.000016 seconds.
  path: Assets/_Tanks/Art/Materials/Environment/White.mat
  artifactKey: Guid(c0d660c0333c4224098a02ecd84d6232) Importer(2089858483,192608db42251d675da83286b1cce702)
Start importing Assets/_Tanks/Art/Materials/Environment/White.mat using Guid(c0d660c0333c4224098a02ecd84d6232) Importer(2089858483,192608db42251d675da83286b1cce702) (ScriptedImporter) -> (artifact id: 'ae3170e9baf6542a2cfd656c8f6087a3') in 0.0051776 seconds
Number of updated asset objects reloaded before import = 0Number of asset objects unloaded after import = 1

========================================================================
Received Import Request.
  Time since last request: 0.000015 seconds.
  path: Assets/_Tanks/Art/Materials/Tank/TankColor.mat
  artifactKey: Guid(12c120f2400576c4f97a98bcca5529bc) Importer(2089858483,192608db42251d675da83286b1cce702)
Start importing Assets/_Tanks/Art/Materials/Tank/TankColor.mat using Guid(12c120f2400576c4f97a98bcca5529bc) Importer(2089858483,192608db42251d675da83286b1cce702) (ScriptedImporter) -> (artifact id: '08d40d1c573b1965be8761f0d33e2205') in 0.0055016 seconds
Number of updated asset objects reloaded before import = 0Number of asset objects unloaded after import = 1

========================================================================
Received Import Request.
  Time since last request: 0.000014 seconds.
  path: Assets/XRI/Settings/XRInteractionEditorSettings.asset
  artifactKey: Guid(83985fea1b1627546b956263df3a300f) Importer(2089858483,192608db42251d675da83286b1cce702)
Start importing Assets/XRI/Settings/XRInteractionEditorSettings.asset using Guid(83985fea1b1627546b956263df3a300f) Importer(2089858483,192608db42251d675da83286b1cce702) (ScriptedImporter) -> (artifact id: '6845558a888f7fbf217ba278bddc6eb4') in 0.0063966 seconds
Number of updated asset objects reloaded before import = 0Number of asset objects unloaded after import = 1

========================================================================
Received Import Request.
  Time since last request: 0.000018 seconds.
  path: Assets/_Tanks/Art/Fonts/Exo_2/README.txt
  artifactKey: Guid(fd862b07294264a11aad38c5ed616216) Importer(2089858483,192608db42251d675da83286b1cce702)
Start importing Assets/_Tanks/Art/Fonts/Exo_2/README.txt using Guid(fd862b07294264a11aad38c5ed616216) Importer(2089858483,192608db42251d675da83286b1cce702) (ScriptedImporter) -> (artifact id: '172993955636394c8ce6d89604f6f489') in 0.0036798 seconds
Number of updated asset objects reloaded before import = 0Number of asset objects unloaded after import = 1

========================================================================
Received Import Request.
  Time since last request: 0.000025 seconds.
  path: Assets/Samples/XR Hands/1.6.1/HandVisualizer/Materials/HandsDefaultMaterial.mat
  artifactKey: Guid(613690cd962241049a0ec289a6ff835e) Importer(2089858483,192608db42251d675da83286b1cce702)
Start importing Assets/Samples/XR Hands/1.6.1/HandVisualizer/Materials/HandsDefaultMaterial.mat using Guid(613690cd962241049a0ec289a6ff835e) Importer(2089858483,192608db42251d675da83286b1cce702) (ScriptedImporter) -> (artifact id: '6cb090d9da195fed0b1c14710d1c15b2') in 0.0052565 seconds
Number of updated asset objects reloaded before import = 0Number of asset objects unloaded after import = 1

========================================================================
Received Import Request.
  Time since last request: 0.000016 seconds.
  path: Assets/Samples/XR Hands/1.6.1/HandVisualizer/Models/RightHandAndroidXR.fbx
  artifactKey: Guid(49090752ee8bba242ad64a291905ee10) Importer(2089858483,192608db42251d675da83286b1cce702)
Start importing Assets/Samples/XR Hands/1.6.1/HandVisualizer/Models/RightHandAndroidXR.fbx using Guid(49090752ee8bba242ad64a291905ee10) Importer(2089858483,192608db42251d675da83286b1cce702) (ScriptedImporter) -> (artifact id: 'd38f741d80e8c70c31f5a52f37e3f808') in 0.0158769 seconds
Number of updated asset objects reloaded before import = 0Number of asset objects unloaded after import = 80

========================================================================
Received Import Request.
  Time since last request: 0.000047 seconds.
  path: Assets/Samples/XR Hands/1.6.1/HandVisualizer/Materials/Green.mat
  artifactKey: Guid(727f87098255ad04987a60f5f08390bc) Importer(2089858483,192608db42251d675da83286b1cce702)
Start importing Assets/Samples/XR Hands/1.6.1/HandVisualizer/Materials/Green.mat using Guid(727f87098255ad04987a60f5f08390bc) Importer(2089858483,192608db42251d675da83286b1cce702) (ScriptedImporter) -> (artifact id: '268f8db27570442e03b25aae853a8776') in 0.0488503 seconds
Number of updated asset objects reloaded before import = 0Number of asset objects unloaded after import = 1

========================================================================
Received Import Request.
  Time since last request: 0.000013 seconds.
  path: Assets/_Tanks/Prefabs/PowerUps/Indicators/TemporaryInvincibilityIndicator.prefab
  artifactKey: Guid(f392754c1d8cfae49826033757c520bf) Importer(2089858483,192608db42251d675da83286b1cce702)
Start importing Assets/_Tanks/Prefabs/PowerUps/Indicators/TemporaryInvincibilityIndicator.prefab using Guid(f392754c1d8cfae49826033757c520bf) Importer(2089858483,192608db42251d675da83286b1cce702) (ScriptedImporter) -> (artifact id: '7fb54c9f40f237b0bf1ee58292f27e14') in 0.0066397 seconds
Number of updated asset objects reloaded before import = 0Number of asset objects unloaded after import = 14

========================================================================
Received Import Request.
  Time since last request: 0.000018 seconds.
  path: Assets/_Tanks/Prefabs/PowerUps/Indicators/EnhancedSpeedIndicator.prefab
  artifactKey: Guid(a9dfdfe14a49d774c9ee0ecfe99a96d9) Importer(2089858483,192608db42251d675da83286b1cce702)
Start importing Assets/_Tanks/Prefabs/PowerUps/Indicators/EnhancedSpeedIndicator.prefab using Guid(a9dfdfe14a49d774c9ee0ecfe99a96d9) Importer(2089858483,192608db42251d675da83286b1cce702) (ScriptedImporter) -> (artifact id: '08d9c4ec93ff55b71b68afc997c4e1ed') in 0.0067343 seconds
Number of updated asset objects reloaded before import = 0Number of asset objects unloaded after import = 14

========================================================================
Received Import Request.
  Time since last request: 0.000026 seconds.
  path: Assets/Samples/XR Hands/1.6.1/HandVisualizer/Materials/Red.mat
  artifactKey: Guid(55fa12dc7870f1e46b6a7f8617949a86) Importer(2089858483,192608db42251d675da83286b1cce702)
Start importing Assets/Samples/XR Hands/1.6.1/HandVisualizer/Materials/Red.mat using Guid(55fa12dc7870f1e46b6a7f8617949a86) Importer(2089858483,192608db42251d675da83286b1cce702) (ScriptedImporter) -> (artifact id: '67e8e5db1d0e3c37610b62c57cabfedf') in 0.0050605 seconds
Number of updated asset objects reloaded before import = 0Number of asset objects unloaded after import = 1

========================================================================
Received Import Request.
  Time since last request: 0.000016 seconds.
  path: Assets/Plugins/AssetUsageDetector/Editor/AssetUsageDetectorSettings.cs
  artifactKey: Guid(13295073724765e45aa3b77486e515f4) Importer(2089858483,192608db42251d675da83286b1cce702)
Start importing Assets/Plugins/AssetUsageDetector/Editor/AssetUsageDetectorSettings.cs using Guid(13295073724765e45aa3b77486e515f4) Importer(2089858483,192608db42251d675da83286b1cce702) (ScriptedImporter) -> (artifact id: '4fd8a41e54debb621f5ec90293d5abe3') in 0.0042574 seconds
Number of updated asset objects reloaded before import = 0Number of asset objects unloaded after import = 0

========================================================================
Received Import Request.
  Time since last request: 0.000013 seconds.
  path: Assets/_Tanks/Art/Models/Environment/PalmTree02.FBX
  artifactKey: Guid(c0952b6b24bfdbc46b2520fe98a3ef98) Importer(2089858483,192608db42251d675da83286b1cce702)
Start importing Assets/_Tanks/Art/Models/Environment/PalmTree02.FBX using Guid(c0952b6b24bfdbc46b2520fe98a3ef98) Importer(2089858483,192608db42251d675da83286b1cce702) (ScriptedImporter) -> (artifact id: '24b8d03bac75e232ee47d0b46e66641e') in 0.010998 seconds
Number of updated asset objects reloaded before import = 0Number of asset objects unloaded after import = 10

========================================================================
Received Import Request.
  Time since last request: 0.000015 seconds.
  path: Assets/_Tanks/Prefabs/Environment/Moon/HelipadMoon.prefab
  artifactKey: Guid(9c7adef86efa66845b3e57552a342f00) Importer(2089858483,192608db42251d675da83286b1cce702)
Start importing Assets/_Tanks/Prefabs/Environment/Moon/HelipadMoon.prefab using Guid(9c7adef86efa66845b3e57552a342f00) Importer(2089858483,192608db42251d675da83286b1cce702) (ScriptedImporter) -> (artifact id: '72539d63a230d3eab9cbb47b3ccfda5d') in 0.0084737 seconds
Number of updated asset objects reloaded before import = 0Number of asset objects unloaded after import = 18

========================================================================
Received Import Request.
  Time since last request: 0.000017 seconds.
  path: Assets/Castle imported/Models/Objects/CS_Blue_Block.fbx
  artifactKey: Guid(2b55ff41b04a48240a4e53147a50cb72) Importer(2089858483,192608db42251d675da83286b1cce702)
Start importing Assets/Castle imported/Models/Objects/CS_Blue_Block.fbx using Guid(2b55ff41b04a48240a4e53147a50cb72) Importer(2089858483,192608db42251d675da83286b1cce702) (ScriptedImporter) -> (artifact id: '32ad1bfef45fd0f7f5f9adb3ff4587cd') in 0.0116272 seconds
Number of updated asset objects reloaded before import = 0Number of asset objects unloaded after import = 9

========================================================================
Received Import Request.
  Time since last request: 0.000017 seconds.
  path: Assets/_Tanks/Prefabs/Environment/Moon/RocksMoon01.prefab
  artifactKey: Guid(ce96e2fc477f7794ebd036d7a5c2363c) Importer(2089858483,192608db42251d675da83286b1cce702)
Start importing Assets/_Tanks/Prefabs/Environment/Moon/RocksMoon01.prefab using Guid(ce96e2fc477f7794ebd036d7a5c2363c) Importer(2089858483,192608db42251d675da83286b1cce702) (ScriptedImporter) -> (artifact id: 'ff4f9a8c1bc366addc632c599a3e0a83') in 0.0048605 seconds
Number of updated asset objects reloaded before import = 0Number of asset objects unloaded after import = 27

========================================================================
Received Import Request.
  Time since last request: 0.000026 seconds.
  path: Assets/Samples/XR Interaction Toolkit/3.2.2/Hands Interaction Demo/Prefabs/HandMenuRig.prefab
  artifactKey: Guid(58011bca9681c484080084eccc4cb150) Importer(2089858483,192608db42251d675da83286b1cce702)
Start importing Assets/Samples/XR Interaction Toolkit/3.2.2/Hands Interaction Demo/Prefabs/HandMenuRig.prefab using Guid(58011bca9681c484080084eccc4cb150) Importer(2089858483,192608db42251d675da83286b1cce702) (ScriptedImporter) -> (artifact id: '624316b27b83bd0e8480f9d4ee99837c') in 0.0225401 seconds
Number of updated asset objects reloaded before import = 0Number of asset objects unloaded after import = 22

========================================================================
Received Import Request.
  Time since last request: 0.000018 seconds.
  path: Assets/Samples/XR Interaction Toolkit/3.2.2/Hands Interaction Demo/AffordanceThemes/InteractionColor.asset
  artifactKey: Guid(2447c2ae63ed301429bb0f32f88ef8ce) Importer(2089858483,192608db42251d675da83286b1cce702)
Start importing Assets/Samples/XR Interaction Toolkit/3.2.2/Hands Interaction Demo/AffordanceThemes/InteractionColor.asset using Guid(2447c2ae63ed301429bb0f32f88ef8ce) Importer(2089858483,192608db42251d675da83286b1cce702) (ScriptedImporter) -> (artifact id: '77e0c919cf841f7bc3e84f16e0aa0daa') in 0.0462139 seconds
Number of updated asset objects reloaded before import = 0Number of asset objects unloaded after import = 1

========================================================================
Received Import Request.
  Time since last request: 0.000014 seconds.
  path: Assets/Samples/XR Interaction Toolkit/3.2.2/Hands Interaction Demo/Materials/Unity_Hand_Dark.mat
  artifactKey: Guid(c1c1d86181c00bf4dabbad3ca0b191e7) Importer(2089858483,192608db42251d675da83286b1cce702)
Start importing Assets/Samples/XR Interaction Toolkit/3.2.2/Hands Interaction Demo/Materials/Unity_Hand_Dark.mat using Guid(c1c1d86181c00bf4dabbad3ca0b191e7) Importer(2089858483,192608db42251d675da83286b1cce702) (ScriptedImporter) -> (artifact id: 'aeeebe95725afe5a08faf33ca2539a5b') in 0.1861394 seconds
Number of updated asset objects reloaded before import = 0Number of asset objects unloaded after import = 11

========================================================================
Received Import Request.
  Time since last request: 0.000019 seconds.
  path: Assets/Samples/XR Hands/1.6.1/HandVisualizer/Scripts/HandProcessor.cs
  artifactKey: Guid(ac5903b776721d74786a2e43f00b949a) Importer(2089858483,192608db42251d675da83286b1cce702)
Start importing Assets/Samples/XR Hands/1.6.1/HandVisualizer/Scripts/HandProcessor.cs using Guid(ac5903b776721d74786a2e43f00b949a) Importer(2089858483,192608db42251d675da83286b1cce702) (ScriptedImporter) -> (artifact id: '1d591ad773e23a9a4b359c1bd845adaa') in 0.0036318 seconds
Number of updated asset objects reloaded before import = 0Number of asset objects unloaded after import = 0

========================================================================
Received Import Request.
  Time since last request: 0.000025 seconds.
  path: Assets/Samples/XR Interaction Toolkit/3.2.2/Hands Interaction Demo/DatumPresets/Under Watch Hands Follow Preset.asset
  artifactKey: Guid(5c3063cefe11749438f60126cef83288) Importer(2089858483,192608db42251d675da83286b1cce702)
Start importing Assets/Samples/XR Interaction Toolkit/3.2.2/Hands Interaction Demo/DatumPresets/Under Watch Hands Follow Preset.asset using Guid(5c3063cefe11749438f60126cef83288) Importer(2089858483,192608db42251d675da83286b1cce702) (ScriptedImporter) -> (artifact id: 'b4f229d9cea24f4c3b5338fa6f7b3205') in 0.0061203 seconds
Number of updated asset objects reloaded before import = 0Number of asset objects unloaded after import = 1

========================================================================
Received Import Request.
  Time since last request: 0.000013 seconds.
  path: Assets/_Tanks/Prefabs/PowerUps/Indicators/EnhanchedShootingIndicator.prefab
  artifactKey: Guid(31d4fd85336b5254b9fc66949e915227) Importer(2089858483,192608db42251d675da83286b1cce702)
Start importing Assets/_Tanks/Prefabs/PowerUps/Indicators/EnhanchedShootingIndicator.prefab using Guid(31d4fd85336b5254b9fc66949e915227) Importer(2089858483,192608db42251d675da83286b1cce702) (ScriptedImporter) -> (artifact id: '1c63ab50cc58d3a5043645ba32dcabeb') in 0.0070956 seconds
Number of updated asset objects reloaded before import = 0Number of asset objects unloaded after import = 14

========================================================================
Received Import Request.
  Time since last request: 0.000017 seconds.
  path: Assets/_Tanks/Prefabs/Environment/Moon/OilStorageMoon.prefab
  artifactKey: Guid(b729dc0057a53d54a9401e1cf193ec27) Importer(2089858483,192608db42251d675da83286b1cce702)
Start importing Assets/_Tanks/Prefabs/Environment/Moon/OilStorageMoon.prefab using Guid(b729dc0057a53d54a9401e1cf193ec27) Importer(2089858483,192608db42251d675da83286b1cce702) (ScriptedImporter) -> (artifact id: '217e43159cfdd9298d9e3707f14114d0') in 0.0103192 seconds
Number of updated asset objects reloaded before import = 0Number of asset objects unloaded after import = 19

========================================================================
Received Import Request.
  Time since last request: 0.000015 seconds.
  path: Assets/Samples/XR Interaction Toolkit/3.2.2/Hands Interaction Demo/Scripts/Vector3ScaleAffordanceReceiver.cs
  artifactKey: Guid(27bee223346c63f4bb2b0f85250f58b7) Importer(2089858483,192608db42251d675da83286b1cce702)
Start importing Assets/Samples/XR Interaction Toolkit/3.2.2/Hands Interaction Demo/Scripts/Vector3ScaleAffordanceReceiver.cs using Guid(27bee223346c63f4bb2b0f85250f58b7) Importer(2089858483,192608db42251d675da83286b1cce702) (ScriptedImporter) -> (artifact id: 'eb9fceb2fdb0453128b273af85c1b1d3') in 0.0042299 seconds
Number of updated asset objects reloaded before import = 0Number of asset objects unloaded after import = 0

========================================================================
Received Import Request.
  Time since last request: 0.000016 seconds.
  path: Assets/Samples/XR Interaction Toolkit/3.2.2/Hands Interaction Demo/Shaders/RimLight.shadergraph
  artifactKey: Guid(4ff4bf42ffc12e34a9c53b2f216f5442) Importer(2089858483,192608db42251d675da83286b1cce702)
Start importing Assets/Samples/XR Interaction Toolkit/3.2.2/Hands Interaction Demo/Shaders/RimLight.shadergraph using Guid(4ff4bf42ffc12e34a9c53b2f216f5442) Importer(2089858483,192608db42251d675da83286b1cce702) (ScriptedImporter) -> (artifact id: '9ce0b5d1159d289d730b2b041ee975a0') in 0.1411646 seconds
Number of updated asset objects reloaded before import = 0Number of asset objects unloaded after import = 7

========================================================================
Received Import Request.
  Time since last request: 0.000025 seconds.
  path: Assets/Samples/XR Interaction Toolkit/3.2.2/Hands Interaction Demo/Scripts/LocalPositionOffsetAffordanceReceiver.cs
  artifactKey: Guid(865d01d2834c9cb4caa8f2c901104c2d) Importer(2089858483,192608db42251d675da83286b1cce702)
Start importing Assets/Samples/XR Interaction Toolkit/3.2.2/Hands Interaction Demo/Scripts/LocalPositionOffsetAffordanceReceiver.cs using Guid(865d01d2834c9cb4caa8f2c901104c2d) Importer(2089858483,192608db42251d675da83286b1cce702) (ScriptedImporter) -> (artifact id: 'fe90f97ea95ca22226984f8e55c42be7') in 0.0044269 seconds
Number of updated asset objects reloaded before import = 0Number of asset objects unloaded after import = 0

========================================================================
Received Import Request.
  Time since last request: 0.000024 seconds.
  path: Assets/Samples/XR Interaction Toolkit/3.2.2/Starter Assets/AffordanceThemes/HighlightStrengthInteraction.asset
  artifactKey: Guid(795305341a8dbbd46ae54e9a01d6ea95) Importer(2089858483,192608db42251d675da83286b1cce702)
Start importing Assets/Samples/XR Interaction Toolkit/3.2.2/Starter Assets/AffordanceThemes/HighlightStrengthInteraction.asset using Guid(795305341a8dbbd46ae54e9a01d6ea95) Importer(2089858483,192608db42251d675da83286b1cce702) (ScriptedImporter) -> (artifact id: 'cf4efdda63bbbf4f0423fcd829963629') in 0.0060359 seconds
Number of updated asset objects reloaded before import = 0Number of asset objects unloaded after import = 1

========================================================================
Received Import Request.
  Time since last request: 0.000016 seconds.
  path: Assets/Samples/XR Interaction Toolkit/3.2.2/Hands Interaction Demo/Scripts/MetaSystemGestureDetector.cs
  artifactKey: Guid(a83bc4aa48d0da648b49d0fd56690b25) Importer(2089858483,192608db42251d675da83286b1cce702)
Start importing Assets/Samples/XR Interaction Toolkit/3.2.2/Hands Interaction Demo/Scripts/MetaSystemGestureDetector.cs using Guid(a83bc4aa48d0da648b49d0fd56690b25) Importer(2089858483,192608db42251d675da83286b1cce702) (ScriptedImporter) -> (artifact id: '3d24a7a4cdf5bdd409141f8df74591e0') in 0.0038032 seconds
Number of updated asset objects reloaded before import = 0Number of asset objects unloaded after import = 0

========================================================================
Received Import Request.
  Time since last request: 0.000016 seconds.
  path: Assets/Samples/XR Interaction Toolkit/3.2.2/Hands Interaction Demo/Scripts/OneEuroFilterVector3.cs
  artifactKey: Guid(8cf24614c456bc04c9adb820d19e35c5) Importer(2089858483,192608db42251d675da83286b1cce702)
Start importing Assets/Samples/XR Interaction Toolkit/3.2.2/Hands Interaction Demo/Scripts/OneEuroFilterVector3.cs using Guid(8cf24614c456bc04c9adb820d19e35c5) Importer(2089858483,192608db42251d675da83286b1cce702) (ScriptedImporter) -> (artifact id: '4fe70d7e5554d5ec2bfe9746d5cf2184') in 0.0036988 seconds
Number of updated asset objects reloaded before import = 0Number of asset objects unloaded after import = 0

========================================================================
Received Import Request.
  Time since last request: 0.000016 seconds.
  path: Assets/Samples/XR Interaction Toolkit/3.2.2/Hands Interaction Demo/Shaders/DepthOnly.shader
  artifactKey: Guid(3ff7faa3aa8991a4eb1a459f880a75a6) Importer(2089858483,192608db42251d675da83286b1cce702)
Start importing Assets/Samples/XR Interaction Toolkit/3.2.2/Hands Interaction Demo/Shaders/DepthOnly.shader using Guid(3ff7faa3aa8991a4eb1a459f880a75a6) Importer(2089858483,192608db42251d675da83286b1cce702) (ScriptedImporter) -> (artifact id: '6683056beda58c341b616be9f8616e7a') in 0.0049789 seconds
Number of updated asset objects reloaded before import = 0Number of asset objects unloaded after import = 1

========================================================================
Received Import Request.
  Time since last request: 0.000015 seconds.
  path: Assets/_Tanks/Tutorial_Demo/Demo_Prefabs/Demo_Explosions/Demo_CompleteShellExplosion - Large.prefab
  artifactKey: Guid(43d1a72c058e8429a9256583c99b6d47) Importer(2089858483,192608db42251d675da83286b1cce702)
Start importing Assets/_Tanks/Tutorial_Demo/Demo_Prefabs/Demo_Explosions/Demo_CompleteShellExplosion - Large.prefab using Guid(43d1a72c058e8429a9256583c99b6d47) Importer(2089858483,192608db42251d675da83286b1cce702) (ScriptedImporter) -> (artifact id: 'e5a9e8d15513bf057feb9da739c93f5a') in 0.0286977 seconds
Number of updated asset objects reloaded before import = 0Number of asset objects unloaded after import = 32

========================================================================
Received Import Request.
  Time since last request: 0.000018 seconds.
  path: Assets/Samples/XR Interaction Toolkit/3.2.2/Hands Interaction Demo/Scripts/HideObjectWhenInteractorBlocked.cs
  artifactKey: Guid(2e989a75b2954bdab01ca618a30d5de6) Importer(2089858483,192608db42251d675da83286b1cce702)
Start importing Assets/Samples/XR Interaction Toolkit/3.2.2/Hands Interaction Demo/Scripts/HideObjectWhenInteractorBlocked.cs using Guid(2e989a75b2954bdab01ca618a30d5de6) Importer(2089858483,192608db42251d675da83286b1cce702) (ScriptedImporter) -> (artifact id: 'c2349bb12c17c9daad1162086bff36b9') in 0.0035186 seconds
Number of updated asset objects reloaded before import = 0Number of asset objects unloaded after import = 0

========================================================================
Received Import Request.
  Time since last request: 0.000025 seconds.
  path: Assets/Samples/XR Interaction Toolkit/3.2.2/Starter Assets/Materials/Telport Area.mat
  artifactKey: Guid(be1e10ce8a6f8cc4fb08d11c7f722469) Importer(2089858483,192608db42251d675da83286b1cce702)
Start importing Assets/Samples/XR Interaction Toolkit/3.2.2/Starter Assets/Materials/Telport Area.mat using Guid(be1e10ce8a6f8cc4fb08d11c7f722469) Importer(2089858483,192608db42251d675da83286b1cce702) (ScriptedImporter) -> (artifact id: '939487e0a922bb2429b9896f79fa150f') in 0.0059596 seconds
Number of updated asset objects reloaded before import = 0Number of asset objects unloaded after import = 2

========================================================================
Received Import Request.
  Time since last request: 0.000016 seconds.
  path: Assets/Samples/XR Interaction Toolkit/3.2.2/Starter Assets/Materials/Flat Blue.mat
  artifactKey: Guid(91ff3830fc4055a4fb0d0d2be32101a7) Importer(2089858483,192608db42251d675da83286b1cce702)
Start importing Assets/Samples/XR Interaction Toolkit/3.2.2/Starter Assets/Materials/Flat Blue.mat using Guid(91ff3830fc4055a4fb0d0d2be32101a7) Importer(2089858483,192608db42251d675da83286b1cce702) (ScriptedImporter) -> (artifact id: 'a3018f520cd2e40e67fa551a6bf77e7c') in 0.004682 seconds
Number of updated asset objects reloaded before import = 0Number of asset objects unloaded after import = 1

========================================================================
Received Import Request.
  Time since last request: 0.000018 seconds.
  path: Assets/Samples/XR Interaction Toolkit/3.2.2/Starter Assets/Models/Primitive_Wedge.fbx
  artifactKey: Guid(ab3a79eba4de4be0ad5fead9fb858190) Importer(2089858483,192608db42251d675da83286b1cce702)
Start importing Assets/Samples/XR Interaction Toolkit/3.2.2/Starter Assets/Models/Primitive_Wedge.fbx using Guid(ab3a79eba4de4be0ad5fead9fb858190) Importer(2089858483,192608db42251d675da83286b1cce702) (ScriptedImporter) -> (artifact id: '50f2f765d6615763a77d8ecc28a1871d') in 0.0146982 seconds
Number of updated asset objects reloaded before import = 0Number of asset objects unloaded after import = 9

========================================================================
Received Import Request.
  Time since last request: 0.000016 seconds.
  path: Assets/Samples/XR Interaction Toolkit/3.2.2/Starter Assets/Filters/AnyGazedAtTeleportAnchorFilter.asset
  artifactKey: Guid(0f906c94e2aa0c3488832acc1db04295) Importer(2089858483,192608db42251d675da83286b1cce702)
Start importing Assets/Samples/XR Interaction Toolkit/3.2.2/Starter Assets/Filters/AnyGazedAtTeleportAnchorFilter.asset using Guid(0f906c94e2aa0c3488832acc1db04295) Importer(2089858483,192608db42251d675da83286b1cce702) (ScriptedImporter) -> (artifact id: '0db49b6892077edbe096cd6933a6131a') in 0.0083702 seconds
Number of updated asset objects reloaded before import = 0Number of asset objects unloaded after import = 1

========================================================================
Received Import Request.
  Time since last request: 0.000020 seconds.
  path: Assets/Samples/XR Interaction Toolkit/3.2.2/Starter Assets/Materials/Controller_White.mat
  artifactKey: Guid(9f12d299d16099343a3c5c0d7285822a) Importer(2089858483,192608db42251d675da83286b1cce702)
Start importing Assets/Samples/XR Interaction Toolkit/3.2.2/Starter Assets/Materials/Controller_White.mat using Guid(9f12d299d16099343a3c5c0d7285822a) Importer(2089858483,192608db42251d675da83286b1cce702) (ScriptedImporter) -> (artifact id: 'c57c8fe99e6fa4b6cb8713d03cabd763') in 0.0081509 seconds
Number of updated asset objects reloaded before import = 0Number of asset objects unloaded after import = 2

========================================================================
Received Import Request.
  Time since last request: 0.000032 seconds.
  path: Assets/Samples/XR Interaction Toolkit/3.2.2/Starter Assets/Materials/Interactable.mat
  artifactKey: Guid(76618f7490c40334fa7b685859587d2e) Importer(2089858483,192608db42251d675da83286b1cce702)
Start importing Assets/Samples/XR Interaction Toolkit/3.2.2/Starter Assets/Materials/Interactable.mat using Guid(76618f7490c40334fa7b685859587d2e) Importer(2089858483,192608db42251d675da83286b1cce702) (ScriptedImporter) -> (artifact id: '44523018a3c77a241234de64b346217a') in 0.1505641 seconds
Number of updated asset objects reloaded before import = 0Number of asset objects unloaded after import = 8

========================================================================
Received Import Request.
  Time since last request: 0.000024 seconds.
  path: Assets/Samples/XR Hands/1.6.1/HandVisualizer/Materials/MaterialPipelineHandler.asset
  artifactKey: Guid(e22d037d5d9286644b4b81a8b91b5ee5) Importer(2089858483,192608db42251d675da83286b1cce702)
Start importing Assets/Samples/XR Hands/1.6.1/HandVisualizer/Materials/MaterialPipelineHandler.asset using Guid(e22d037d5d9286644b4b81a8b91b5ee5) Importer(2089858483,192608db42251d675da83286b1cce702) (ScriptedImporter) -> (artifact id: '64a084fc5ef5d9e29e2734a12be8cd86') in 0.025867 seconds
Number of updated asset objects reloaded before import = 0Number of asset objects unloaded after import = 7

========================================================================
Received Import Request.
  Time since last request: 0.000017 seconds.
  path: Assets/Samples/XR Interaction Toolkit/3.2.2/Hands Interaction Demo/Scripts/ReleaseThresholdButtonReader.cs
  artifactKey: Guid(63f61d1c82c9fc6429ebd4791a4d6817) Importer(2089858483,192608db42251d675da83286b1cce702)
Start importing Assets/Samples/XR Interaction Toolkit/3.2.2/Hands Interaction Demo/Scripts/ReleaseThresholdButtonReader.cs using Guid(63f61d1c82c9fc6429ebd4791a4d6817) Importer(2089858483,192608db42251d675da83286b1cce702) (ScriptedImporter) -> (artifact id: '55a4adc165d8d8c2fb85375bd1b5d8ef') in 0.0037209 seconds
Number of updated asset objects reloaded before import = 0Number of asset objects unloaded after import = 0

========================================================================
Received Import Request.
  Time since last request: 0.000017 seconds.
  path: Assets/Samples/XR Interaction Toolkit/3.2.2/Starter Assets/Scripts/XRPokeFollowAffordance.cs
  artifactKey: Guid(07b3638c2f5db5b479ff24c2859713d4) Importer(2089858483,192608db42251d675da83286b1cce702)
Start importing Assets/Samples/XR Interaction Toolkit/3.2.2/Starter Assets/Scripts/XRPokeFollowAffordance.cs using Guid(07b3638c2f5db5b479ff24c2859713d4) Importer(2089858483,192608db42251d675da83286b1cce702) (ScriptedImporter) -> (artifact id: 'ff137090eace3131acbdab17de9d08b8') in 0.0036609 seconds
Number of updated asset objects reloaded before import = 0Number of asset objects unloaded after import = 0

========================================================================
Received Import Request.
  Time since last request: 0.000016 seconds.
  path: Assets/Samples/XR Interaction Toolkit/3.2.2/Starter Assets/Presets/XRI Default Snap Turn.preset
  artifactKey: Guid(5d3a60dbf2f04694f9060712df89debb) Importer(2089858483,192608db42251d675da83286b1cce702)
Start importing Assets/Samples/XR Interaction Toolkit/3.2.2/Starter Assets/Presets/XRI Default Snap Turn.preset using Guid(5d3a60dbf2f04694f9060712df89debb) Importer(2089858483,192608db42251d675da83286b1cce702) (ScriptedImporter) -> (artifact id: '1289a81b91af6fc8562c7e8bb19af8c5') in 0.0118341 seconds
Number of updated asset objects reloaded before import = 0Number of asset objects unloaded after import = 4

========================================================================
Received Import Request.
  Time since last request: 0.000022 seconds.
  path: Assets/Samples/XR Interaction Toolkit/3.2.2/Starter Assets/Scripts/GazeInputManager.cs
  artifactKey: Guid(6ef0e4723b64c884699a375196c13ac0) Importer(2089858483,192608db42251d675da83286b1cce702)
Start importing Assets/Samples/XR Interaction Toolkit/3.2.2/Starter Assets/Scripts/GazeInputManager.cs using Guid(6ef0e4723b64c884699a375196c13ac0) Importer(2089858483,192608db42251d675da83286b1cce702) (ScriptedImporter) -> (artifact id: '25b31b79cf034648652671a40fb303a9') in 0.0035832 seconds
Number of updated asset objects reloaded before import = 0Number of asset objects unloaded after import = 0

========================================================================
Received Import Request.
  Time since last request: 0.000022 seconds.
  path: Assets/Samples/XR Interaction Toolkit/3.2.2/Starter Assets/Scripts/PlatformUnderstanding.cs
  artifactKey: Guid(3ce213c1f32595b4888e78a36e017d3e) Importer(2089858483,192608db42251d675da83286b1cce702)
Start importing Assets/Samples/XR Interaction Toolkit/3.2.2/Starter Assets/Scripts/PlatformUnderstanding.cs using Guid(3ce213c1f32595b4888e78a36e017d3e) Importer(2089858483,192608db42251d675da83286b1cce702) (ScriptedImporter) -> (artifact id: 'dbfd714642eba8682c6edde25e1a7fb9') in 0.0038845 seconds
Number of updated asset objects reloaded before import = 0Number of asset objects unloaded after import = 0

========================================================================
Received Import Request.
  Time since last request: 0.000026 seconds.
  path: Assets/Samples/XR Interaction Toolkit/3.2.2/Starter Assets/Shaders/Interactable.shadergraph
  artifactKey: Guid(0927d29e476ce5843b1f7d2a96943c51) Importer(2089858483,192608db42251d675da83286b1cce702)
Start importing Assets/Samples/XR Interaction Toolkit/3.2.2/Starter Assets/Shaders/Interactable.shadergraph using Guid(0927d29e476ce5843b1f7d2a96943c51) Importer(2089858483,192608db42251d675da83286b1cce702) (ScriptedImporter) -> (artifact id: '1156e7b8828909206c12a26c5935d82c') in 0.0094699 seconds
Number of updated asset objects reloaded before import = 0Number of asset objects unloaded after import = 6

========================================================================
Received Import Request.
  Time since last request: 0.000016 seconds.
  path: Assets/Samples/XR Interaction Toolkit/3.2.2/Starter Assets/Scripts/MaterialPipelineHandler.cs
  artifactKey: Guid(e7883133e628dff4a86f50c082f77055) Importer(2089858483,192608db42251d675da83286b1cce702)
Start importing Assets/Samples/XR Interaction Toolkit/3.2.2/Starter Assets/Scripts/MaterialPipelineHandler.cs using Guid(e7883133e628dff4a86f50c082f77055) Importer(2089858483,192608db42251d675da83286b1cce702) (ScriptedImporter) -> (artifact id: '2c9b36978a30451c1a5580e282762e15') in 0.0039219 seconds
Number of updated asset objects reloaded before import = 0Number of asset objects unloaded after import = 0

========================================================================
Received Import Request.
  Time since last request: 0.000015 seconds.
  path: Assets/Samples/XR Interaction Toolkit/3.2.2/Starter Assets/Scripts/DynamicMoveProvider.cs
  artifactKey: Guid(9b1e8c997df241c1a67045eeac79b41b) Importer(2089858483,192608db42251d675da83286b1cce702)
Start importing Assets/Samples/XR Interaction Toolkit/3.2.2/Starter Assets/Scripts/DynamicMoveProvider.cs using Guid(9b1e8c997df241c1a67045eeac79b41b) Importer(2089858483,192608db42251d675da83286b1cce702) (ScriptedImporter) -> (artifact id: 'd7030b8bc5ded8fd2a36449086d24daf') in 0.0036362 seconds
Number of updated asset objects reloaded before import = 0Number of asset objects unloaded after import = 0

========================================================================
Received Import Request.
  Time since last request: 0.000015 seconds.
  path: Assets/Samples/XR Interaction Toolkit/3.2.2/Starter Assets/Scripts/RotationAxisLockGrabTransformer.cs
  artifactKey: Guid(4dd2e41114c62b44fbd334ca5b314352) Importer(2089858483,192608db42251d675da83286b1cce702)
Start importing Assets/Samples/XR Interaction Toolkit/3.2.2/Starter Assets/Scripts/RotationAxisLockGrabTransformer.cs using Guid(4dd2e41114c62b44fbd334ca5b314352) Importer(2089858483,192608db42251d675da83286b1cce702) (ScriptedImporter) -> (artifact id: '9c5f32c7ab5cfefef18ff77053584859') in 0.0038513 seconds
Number of updated asset objects reloaded before import = 0Number of asset objects unloaded after import = 0

========================================================================
Received Import Request.
  Time since last request: 0.000016 seconds.
  path: Assets/Samples/XR Interaction Toolkit/3.2.2/Hands Interaction Demo/Scripts/ValueDerivedButtonReader.cs
  artifactKey: Guid(bf47ae772fb3421292887025bf9b5820) Importer(2089858483,192608db42251d675da83286b1cce702)
Start importing Assets/Samples/XR Interaction Toolkit/3.2.2/Hands Interaction Demo/Scripts/ValueDerivedButtonReader.cs using Guid(bf47ae772fb3421292887025bf9b5820) Importer(2089858483,192608db42251d675da83286b1cce702) (ScriptedImporter) -> (artifact id: 'c874e11b79e917a23233673346551154') in 0.0036583 seconds
Number of updated asset objects reloaded before import = 0Number of asset objects unloaded after import = 0

========================================================================
Received Import Request.
  Time since last request: 0.000017 seconds.
  path: Assets/Samples/XR Interaction Toolkit/3.2.2/Starter Assets/Animations/ArrowBounce.anim
  artifactKey: Guid(ebfa13455423c254e943b87bf6e1f310) Importer(2089858483,192608db42251d675da83286b1cce702)
Start importing Assets/Samples/XR Interaction Toolkit/3.2.2/Starter Assets/Animations/ArrowBounce.anim using Guid(ebfa13455423c254e943b87bf6e1f310) Importer(2089858483,192608db42251d675da83286b1cce702) (ScriptedImporter) -> (artifact id: '0826e45b0bf821950d741d32feb86c4e') in 0.045688 seconds
Number of updated asset objects reloaded before import = 0Number of asset objects unloaded after import = 1

========================================================================
Received Import Request.
  Time since last request: 0.000034 seconds.
  path: Assets/Samples/XR Interaction Toolkit/3.2.2/Hands Interaction Demo/AffordanceThemes/PinchPointBlendShape.asset
  artifactKey: Guid(fbf5c74e21f572740881de5634f1ce9c) Importer(2089858483,192608db42251d675da83286b1cce702)
Start importing Assets/Samples/XR Interaction Toolkit/3.2.2/Hands Interaction Demo/AffordanceThemes/PinchPointBlendShape.asset using Guid(fbf5c74e21f572740881de5634f1ce9c) Importer(2089858483,192608db42251d675da83286b1cce702) (ScriptedImporter) -> (artifact id: '8a57580dd7ba028cf43e2d89f79ec118') in 0.0050779 seconds
Number of updated asset objects reloaded before import = 0Number of asset objects unloaded after import = 1

========================================================================
Received Import Request.
  Time since last request: 0.000017 seconds.
  path: Assets/Samples/XR Interaction Toolkit/3.2.2/Starter Assets/TunnelingVignette/TunnelingVignetteHemisphere.fbx
  artifactKey: Guid(5833e680dc0f7ae47aec6b4286570484) Importer(2089858483,192608db42251d675da83286b1cce702)
Start importing Assets/Samples/XR Interaction Toolkit/3.2.2/Starter Assets/TunnelingVignette/TunnelingVignetteHemisphere.fbx using Guid(5833e680dc0f7ae47aec6b4286570484) Importer(2089858483,192608db42251d675da83286b1cce702) (ScriptedImporter) -> (artifact id: 'cc1b91f6d4003465c856a5e302ce90f5') in 0.009773 seconds
Number of updated asset objects reloaded before import = 0Number of asset objects unloaded after import = 7

========================================================================
Received Import Request.
  Time since last request: 0.000019 seconds.
  path: Assets/Samples/XR Interaction Toolkit/3.2.2/World Space UI/Styles/XRIStyleSheet.uss
  artifactKey: Guid(3245a7d03283da54db4385c49204e816) Importer(2089858483,192608db42251d675da83286b1cce702)
Start importing Assets/Samples/XR Interaction Toolkit/3.2.2/World Space UI/Styles/XRIStyleSheet.uss using Guid(3245a7d03283da54db4385c49204e816) Importer(2089858483,192608db42251d675da83286b1cce702) (ScriptedImporter) -> (artifact id: '051df6dca89d5b4fcee3c8e6568e266d') in 0.0127842 seconds
Number of updated asset objects reloaded before import = 0Number of asset objects unloaded after import = 2

========================================================================
Received Import Request.
  Time since last request: 0.000015 seconds.
  path: Assets/Samples/XR Interaction Toolkit/3.2.2/World Space UI/UI Toolkit Documents/XRISampleDocument.uxml
  artifactKey: Guid(076ce5613af05514e96f3949dcb6eb09) Importer(2089858483,192608db42251d675da83286b1cce702)
Start importing Assets/Samples/XR Interaction Toolkit/3.2.2/World Space UI/UI Toolkit Documents/XRISampleDocument.uxml using Guid(076ce5613af05514e96f3949dcb6eb09) Importer(2089858483,192608db42251d675da83286b1cce702) (ScriptedImporter) -> (artifact id: '826b9adedb00e122d83043bf0f787203') in 0.0152679 seconds
Number of updated asset objects reloaded before import = 0Number of asset objects unloaded after import = 5

========================================================================
Received Import Request.
  Time since last request: 0.000016 seconds.
  path: Assets/Samples/XR Interaction Toolkit/3.2.2/World Space UI/UI Toolkit Panel Settings/WorldSpacePanel_Auto.asset
  artifactKey: Guid(c6633e3622bb99649b1f3ffa07217cf2) Importer(2089858483,192608db42251d675da83286b1cce702)
Start importing Assets/Samples/XR Interaction Toolkit/3.2.2/World Space UI/UI Toolkit Panel Settings/WorldSpacePanel_Auto.asset using Guid(c6633e3622bb99649b1f3ffa07217cf2) Importer(2089858483,192608db42251d675da83286b1cce702) (ScriptedImporter) -> (artifact id: '315bb0ad58a971b0032977276f4fc3bf') in 0.078711 seconds
Number of updated asset objects reloaded before import = 0Number of asset objects unloaded after import = 29

========================================================================
Received Import Request.
  Time since last request: 0.000017 seconds.
  path: Assets/Samples/XR Interaction Toolkit/3.2.2/Starter Assets/TunnelingVignette/TunnelingVignette.shader
  artifactKey: Guid(e51b4af1e50be764e8de46e07d4e3f3f) Importer(2089858483,192608db42251d675da83286b1cce702)
Start importing Assets/Samples/XR Interaction Toolkit/3.2.2/Starter Assets/TunnelingVignette/TunnelingVignette.shader using Guid(e51b4af1e50be764e8de46e07d4e3f3f) Importer(2089858483,192608db42251d675da83286b1cce702) (ScriptedImporter) -> (artifact id: 'f403e5068d078ed83bf7d697ad0872da') in 0.0057221 seconds
Number of updated asset objects reloaded before import = 0Number of asset objects unloaded after import = 1

========================================================================
Received Import Request.
  Time since last request: 0.000027 seconds.
  path: Assets/Samples/XR Interaction Toolkit/3.2.2/XR Device Simulator/Hand Expression Captures/Fist Expression Capture.asset
  artifactKey: Guid(2a7c8ca0feac7cc44a5c225164ef311d) Importer(2089858483,192608db42251d675da83286b1cce702)
Start importing Assets/Samples/XR Interaction Toolkit/3.2.2/XR Device Simulator/Hand Expression Captures/Fist Expression Capture.asset using Guid(2a7c8ca0feac7cc44a5c225164ef311d) Importer(2089858483,192608db42251d675da83286b1cce702) (ScriptedImporter) -> (artifact id: 'e93ff3640022e4154e81b76aee26b7a8') in 0.0066421 seconds
Number of updated asset objects reloaded before import = 0Number of asset objects unloaded after import = 2

========================================================================
Received Import Request.
  Time since last request: 0.000017 seconds.
  path: Assets/Samples/XR Interaction Toolkit/3.2.2/XR Device Simulator/Hand Expression Captures/Open Expression Capture.asset
  artifactKey: Guid(05293ab353dc8a747a36ed129311686d) Importer(2089858483,192608db42251d675da83286b1cce702)
Start importing Assets/Samples/XR Interaction Toolkit/3.2.2/XR Device Simulator/Hand Expression Captures/Open Expression Capture.asset using Guid(05293ab353dc8a747a36ed129311686d) Importer(2089858483,192608db42251d675da83286b1cce702) (ScriptedImporter) -> (artifact id: '698091c2c014069cf6516bd3528f5913') in 0.0051101 seconds
Number of updated asset objects reloaded before import = 0Number of asset objects unloaded after import = 2

========================================================================
Received Import Request.
  Time since last request: 0.000024 seconds.
  path: Assets/Samples/XR Interaction Toolkit/3.2.2/World Space UI/Materials/MaterialPipelineHandler.asset
  artifactKey: Guid(ab8fca812e0a6d34089e89dc6e9b76c9) Importer(2089858483,192608db42251d675da83286b1cce702)
Start importing Assets/Samples/XR Interaction Toolkit/3.2.2/World Space UI/Materials/MaterialPipelineHandler.asset using Guid(ab8fca812e0a6d34089e89dc6e9b76c9) Importer(2089858483,192608db42251d675da83286b1cce702) (ScriptedImporter) -> (artifact id: '124de718ed45f431c8b925ab14dcafed') in 0.0072688 seconds
Number of updated asset objects reloaded before import = 0Number of asset objects unloaded after import = 4

========================================================================
Received Import Request.
  Time since last request: 0.000016 seconds.
  path: Assets/Samples/XR Interaction Toolkit/3.2.2/Starter Assets/TunnelingVignette/TunnelingVignette.mat
  artifactKey: Guid(0a35b7e20f75a8540a2c14b9555078cb) Importer(2089858483,192608db42251d675da83286b1cce702)
Start importing Assets/Samples/XR Interaction Toolkit/3.2.2/Starter Assets/TunnelingVignette/TunnelingVignette.mat using Guid(0a35b7e20f75a8540a2c14b9555078cb) Importer(2089858483,192608db42251d675da83286b1cce702) (ScriptedImporter) -> (artifact id: '7768e490e0fbe81559b43e807401c865') in 0.0052791 seconds
Number of updated asset objects reloaded before import = 0Number of asset objects unloaded after import = 1

========================================================================
Received Import Request.
  Time since last request: 0.000016 seconds.
  path: Assets/_Tanks/Tutorial_Demo/Demo_Scenes/Demo_Scene_Data/Demo_NavMeshes/NavMesh-GorundMoon.asset
  artifactKey: Guid(a21df08a21fe02746bce16e4bbc4200a) Importer(2089858483,192608db42251d675da83286b1cce702)
Start importing Assets/_Tanks/Tutorial_Demo/Demo_Scenes/Demo_Scene_Data/Demo_NavMeshes/NavMesh-GorundMoon.asset using Guid(a21df08a21fe02746bce16e4bbc4200a) Importer(2089858483,192608db42251d675da83286b1cce702) (ScriptedImporter) -> (artifact id: '3926c01c3f63824cc8fe8958a3f48203') in 0.004549 seconds
Number of updated asset objects reloaded before import = 0Number of asset objects unloaded after import = 1

========================================================================
Received Import Request.
  Time since last request: 0.000018 seconds.
  path: Assets/_Tanks/Scripts/UI/MobileControl/VirtualInputs/UIVirtualJoystick.cs
  artifactKey: Guid(f2cb8c4d669392748bb924209de33b85) Importer(2089858483,192608db42251d675da83286b1cce702)
Start importing Assets/_Tanks/Scripts/UI/MobileControl/VirtualInputs/UIVirtualJoystick.cs using Guid(f2cb8c4d669392748bb924209de33b85) Importer(2089858483,192608db42251d675da83286b1cce702) (ScriptedImporter) -> (artifact id: 'e2892e02a362e977eda89d6c890009ac') in 0.0039732 seconds
Number of updated asset objects reloaded before import = 0Number of asset objects unloaded after import = 0

========================================================================
Received Import Request.
  Time since last request: 0.000026 seconds.
  path: Assets/_Tanks/Tutorial_Demo/Demo_Scenes/Demo_Scene_Data/Demo_LightingData/Lightmap-0_comp_light.exr
  artifactKey: Guid(291a76209f2f94cb189ccac7ba6b106a) Importer(2089858483,192608db42251d675da83286b1cce702)
Start importing Assets/_Tanks/Tutorial_Demo/Demo_Scenes/Demo_Scene_Data/Demo_LightingData/Lightmap-0_comp_light.exr using Guid(291a76209f2f94cb189ccac7ba6b106a) Importer(2089858483,192608db42251d675da83286b1cce702) (ScriptedImporter) -> (artifact id: '270a8d15318358ecea5bf1d9bd4740e6') in 0.0087109 seconds
Number of updated asset objects reloaded before import = 0Number of asset objects unloaded after import = 1

========================================================================
Received Import Request.
  Time since last request: 0.000016 seconds.
  path: Assets/_Tanks/Tutorial_Demo/Demo_Scenes/Demo_Scene_Data/Demo_LightingData/Lightmap-3_comp_dir.png
  artifactKey: Guid(bde59d815a4e341ddb4fbc67f7252c4e) Importer(2089858483,192608db42251d675da83286b1cce702)
Start importing Assets/_Tanks/Tutorial_Demo/Demo_Scenes/Demo_Scene_Data/Demo_LightingData/Lightmap-3_comp_dir.png using Guid(bde59d815a4e341ddb4fbc67f7252c4e) Importer(2089858483,192608db42251d675da83286b1cce702) (ScriptedImporter) -> (artifact id: '98ad0c32e1dd56865110fcaa03a944c0') in 0.0087204 seconds
Number of updated asset objects reloaded before import = 0Number of asset objects unloaded after import = 1

========================================================================
Received Import Request.
  Time since last request: 0.000015 seconds.
  path: Assets/_Tanks/Tutorial_Demo/Demo_Scenes/Demo_Scene_Data/Demo_LightingData/Demo_LightingData.asset
  artifactKey: Guid(aff92dff4926244718b861f7a58ad01e) Importer(2089858483,192608db42251d675da83286b1cce702)
Start importing Assets/_Tanks/Tutorial_Demo/Demo_Scenes/Demo_Scene_Data/Demo_LightingData/Demo_LightingData.asset using Guid(aff92dff4926244718b861f7a58ad01e) Importer(2089858483,192608db42251d675da83286b1cce702) (ScriptedImporter) -> (artifact id: '8d8a7ac11132adf09f22782a722445e7') in 0.0051394 seconds
Number of updated asset objects reloaded before import = 0Number of asset objects unloaded after import = 2

========================================================================
Received Import Request.
  Time since last request: 0.000015 seconds.
  path: Assets/_Tanks/Tutorial_Demo/Demo_Scenes/Demo_Scene_Data/Demo_LightingData/Demo_Lighting_Settings.lighting
  artifactKey: Guid(26b33e4012b40491b9f8fae3e5fdbb21) Importer(2089858483,192608db42251d675da83286b1cce702)
Start importing Assets/_Tanks/Tutorial_Demo/Demo_Scenes/Demo_Scene_Data/Demo_LightingData/Demo_Lighting_Settings.lighting using Guid(26b33e4012b40491b9f8fae3e5fdbb21) Importer(2089858483,192608db42251d675da83286b1cce702) (ScriptedImporter)LightingSettings: switching bake backend from 1 to 2.
 -> (artifact id: '11da1d8301e107bd6423fe16f9d631af') in 0.0088926 seconds
Number of updated asset objects reloaded before import = 0Number of asset objects unloaded after import = 1

========================================================================
Received Import Request.
  Time since last request: 0.000015 seconds.
  path: Assets/_Tanks/Tutorial_Demo/Demo_Scenes/Demo_Scene_Data/Demo_LightingData/Lightmap-3_comp_light.exr
  artifactKey: Guid(2a1ffa0ad6bb34b67a939ed9875b5174) Importer(2089858483,192608db42251d675da83286b1cce702)
Start importing Assets/_Tanks/Tutorial_Demo/Demo_Scenes/Demo_Scene_Data/Demo_LightingData/Lightmap-3_comp_light.exr using Guid(2a1ffa0ad6bb34b67a939ed9875b5174) Importer(2089858483,192608db42251d675da83286b1cce702) (ScriptedImporter) -> (artifact id: 'c7512efc01c3674953741c23ce838b82') in 0.0083758 seconds
Number of updated asset objects reloaded before import = 0Number of asset objects unloaded after import = 1

========================================================================
Received Import Request.
  Time since last request: 0.000019 seconds.
  path: Assets/Samples/XR Interaction Toolkit/3.2.2/World Space UI/Materials/Telport Anchor.mat
  artifactKey: Guid(a1fb561b65019974b9885aab723be147) Importer(2089858483,192608db42251d675da83286b1cce702)
Start importing Assets/Samples/XR Interaction Toolkit/3.2.2/World Space UI/Materials/Telport Anchor.mat using Guid(a1fb561b65019974b9885aab723be147) Importer(2089858483,192608db42251d675da83286b1cce702) (ScriptedImporter) -> (artifact id: '1f031e5220ea4a8600744b121f5835cd') in 0.0058182 seconds
Number of updated asset objects reloaded before import = 0Number of asset objects unloaded after import = 2

========================================================================
Received Import Request.
  Time since last request: 0.000025 seconds.
  path: Assets/Samples/XR Interaction Toolkit/3.2.2/World Space UI/UI Toolkit Panel Settings/WorldSpacePanel.asset
  artifactKey: Guid(e7496767898f08e45b3e15f384905b23) Importer(2089858483,192608db42251d675da83286b1cce702)
Start importing Assets/Samples/XR Interaction Toolkit/3.2.2/World Space UI/UI Toolkit Panel Settings/WorldSpacePanel.asset using Guid(e7496767898f08e45b3e15f384905b23) Importer(2089858483,192608db42251d675da83286b1cce702) (ScriptedImporter) -> (artifact id: 'd6a6b9ad93954ae0bfade2a2c2676168') in 0.0156938 seconds
Number of updated asset objects reloaded before import = 0Number of asset objects unloaded after import = 29

========================================================================
Received Import Request.
  Time since last request: 0.000020 seconds.
  path: Assets/Samples/XR Interaction Toolkit/3.2.2/XR Device Simulator/Scripts/XRDeviceSimulatorUI.cs
  artifactKey: Guid(e8b922481d9264546b97958b2c7cf0a0) Importer(2089858483,192608db42251d675da83286b1cce702)
Start importing Assets/Samples/XR Interaction Toolkit/3.2.2/XR Device Simulator/Scripts/XRDeviceSimulatorUI.cs using Guid(e8b922481d9264546b97958b2c7cf0a0) Importer(2089858483,192608db42251d675da83286b1cce702) (ScriptedImporter) -> (artifact id: '047089288cb03bbc1d48c5f3815e0e13') in 0.0280041 seconds
Number of updated asset objects reloaded before import = 0Number of asset objects unloaded after import = 0

========================================================================
Received Import Request.
  Time since last request: 0.000016 seconds.
  path: Assets/Samples/XR Interaction Toolkit/3.2.2/Starter Assets/Presets/XRI Default Right Grab Move.preset
  artifactKey: Guid(fdc4f514b7b1e9c4eb39713ad9dd4eba) Importer(2089858483,192608db42251d675da83286b1cce702)
Start importing Assets/Samples/XR Interaction Toolkit/3.2.2/Starter Assets/Presets/XRI Default Right Grab Move.preset using Guid(fdc4f514b7b1e9c4eb39713ad9dd4eba) Importer(2089858483,192608db42251d675da83286b1cce702) (ScriptedImporter) -> (artifact id: '365d49b3c8ff10310379f5a5e14e9c54') in 0.010415 seconds
Number of updated asset objects reloaded before import = 0Number of asset objects unloaded after import = 3

========================================================================
Received Import Request.
  Time since last request: 0.000014 seconds.
  path: Assets/Samples/XR Interaction Toolkit/3.2.2/Starter Assets/Models/Pinch_Pointer_LOD0.fbx
  artifactKey: Guid(e053b8fbc416ba349b4a58a26410bba2) Importer(2089858483,192608db42251d675da83286b1cce702)
Start importing Assets/Samples/XR Interaction Toolkit/3.2.2/Starter Assets/Models/Pinch_Pointer_LOD0.fbx using Guid(e053b8fbc416ba349b4a58a26410bba2) Importer(2089858483,192608db42251d675da83286b1cce702) (ScriptedImporter) -> (artifact id: '522f124f529c2b9d12a8301824388b4f') in 0.0141494 seconds
Number of updated asset objects reloaded before import = 0Number of asset objects unloaded after import = 6

========================================================================
Received Import Request.
  Time since last request: 0.000021 seconds.
  path: Assets/Samples/XR Interaction Toolkit/3.2.2/Hands Interaction Demo/HandsDemoSceneAssets/Prefabs/DiscController.prefab
  artifactKey: Guid(6b7188f9e149bd64cb26cec516eb470c) Importer(2089858483,192608db42251d675da83286b1cce702)
Start importing Assets/Samples/XR Interaction Toolkit/3.2.2/Hands Interaction Demo/HandsDemoSceneAssets/Prefabs/DiscController.prefab using Guid(6b7188f9e149bd64cb26cec516eb470c) Importer(2089858483,192608db42251d675da83286b1cce702) (ScriptedImporter) -> (artifact id: '577d312d38c1efa14f265a0ee78b7eee') in 0.0417802 seconds
Number of updated asset objects reloaded before import = 0Number of asset objects unloaded after import = 28

========================================================================
Received Import Request.
  Time since last request: 0.000024 seconds.
  path: Assets/Samples/XR Interaction Toolkit/3.2.2/Hands Interaction Demo/HandsDemoSceneAssets/Prefabs/PawnController.prefab
  artifactKey: Guid(a5f97d75a3184ad46aef39618607e083) Importer(2089858483,192608db42251d675da83286b1cce702)
Start importing Assets/Samples/XR Interaction Toolkit/3.2.2/Hands Interaction Demo/HandsDemoSceneAssets/Prefabs/PawnController.prefab using Guid(a5f97d75a3184ad46aef39618607e083) Importer(2089858483,192608db42251d675da83286b1cce702) (ScriptedImporter) -> (artifact id: '2a877ffd4506fcbce69261aab43116ba') in 0.0197378 seconds
Number of updated asset objects reloaded before import = 0Number of asset objects unloaded after import = 29

========================================================================
Received Import Request.
  Time since last request: 0.000020 seconds.
  path: Assets/Samples/XR Interaction Toolkit/3.2.2/Hands Interaction Demo/HandsDemoSceneAssets/Prefabs/AudioAffordance.prefab
  artifactKey: Guid(1c54cdd9a14d96049a8d37d422bd0e17) Importer(2089858483,192608db42251d675da83286b1cce702)
Start importing Assets/Samples/XR Interaction Toolkit/3.2.2/Hands Interaction Demo/HandsDemoSceneAssets/Prefabs/AudioAffordance.prefab using Guid(1c54cdd9a14d96049a8d37d422bd0e17) Importer(2089858483,192608db42251d675da83286b1cce702) (ScriptedImporter) -> (artifact id: '1aa3834ddada2a7cf7bd934c03ccf4b6') in 0.0227054 seconds
Number of updated asset objects reloaded before import = 0Number of asset objects unloaded after import = 9

========================================================================
Received Import Request.
  Time since last request: 0.000014 seconds.
  path: Assets/Samples/XR Interaction Toolkit/3.2.2/Hands Interaction Demo/HandsDemoSceneAssets/Materials/ChessPiece.mat
  artifactKey: Guid(40808a1b89c64184e9466aaec1fd1ac1) Importer(2089858483,192608db42251d675da83286b1cce702)
Start importing Assets/Samples/XR Interaction Toolkit/3.2.2/Hands Interaction Demo/HandsDemoSceneAssets/Materials/ChessPiece.mat using Guid(40808a1b89c64184e9466aaec1fd1ac1) Importer(2089858483,192608db42251d675da83286b1cce702) (ScriptedImporter) -> (artifact id: 'ee0975b317517f773631281f92bec35c') in 0.0060826 seconds
Number of updated asset objects reloaded before import = 0Number of asset objects unloaded after import = 1

========================================================================
Received Import Request.
  Time since last request: 0.000017 seconds.
  path: Assets/Samples/XR Interaction Toolkit/3.2.2/Hands Interaction Demo/HandsDemoSceneAssets/Scripts/ObjectResetPlane.cs
  artifactKey: Guid(54ce4268a4182384da360e6e2654d3a6) Importer(2089858483,192608db42251d675da83286b1cce702)
Start importing Assets/Samples/XR Interaction Toolkit/3.2.2/Hands Interaction Demo/HandsDemoSceneAssets/Scripts/ObjectResetPlane.cs using Guid(54ce4268a4182384da360e6e2654d3a6) Importer(2089858483,192608db42251d675da83286b1cce702) (ScriptedImporter) -> (artifact id: '031274e71c5d6fe059a52ac94bfb4b9e') in 0.0047395 seconds
Number of updated asset objects reloaded before import = 0Number of asset objects unloaded after import = 0

========================================================================
Received Import Request.
  Time since last request: 0.000016 seconds.
  path: Assets/Samples/XR Interaction Toolkit/3.2.2/Hands Interaction Demo/HandsDemoSceneAssets/Prefabs/Cylinder.prefab
  artifactKey: Guid(531d9182cdbe93948a57bd87a1e47fdf) Importer(2089858483,192608db42251d675da83286b1cce702)
Start importing Assets/Samples/XR Interaction Toolkit/3.2.2/Hands Interaction Demo/HandsDemoSceneAssets/Prefabs/Cylinder.prefab using Guid(531d9182cdbe93948a57bd87a1e47fdf) Importer(2089858483,192608db42251d675da83286b1cce702) (ScriptedImporter) -> (artifact id: '441a2ba0a72db3f2767a313192a83a25') in 0.0132348 seconds
Number of updated asset objects reloaded before import = 0Number of asset objects unloaded after import = 25

========================================================================
Received Import Request.
  Time since last request: 0.000018 seconds.
  path: Assets/Samples/XR Interaction Toolkit/3.2.2/Hands Interaction Demo/HandsDemoSceneAssets/Prefabs/Disc.prefab
  artifactKey: Guid(54a010e086d816242aedcc5be9e8b1b5) Importer(2089858483,192608db42251d675da83286b1cce702)
Start importing Assets/Samples/XR Interaction Toolkit/3.2.2/Hands Interaction Demo/HandsDemoSceneAssets/Prefabs/Disc.prefab using Guid(54a010e086d816242aedcc5be9e8b1b5) Importer(2089858483,192608db42251d675da83286b1cce702) (ScriptedImporter) -> (artifact id: 'ae1e2e6f2ee257c6556bcc131fe760a0') in 0.0130908 seconds
Number of updated asset objects reloaded before import = 0Number of asset objects unloaded after import = 31

========================================================================
Received Import Request.
  Time since last request: 0.000025 seconds.
  path: Assets/Samples/XR Interaction Toolkit/3.2.2/Hands Interaction Demo/HandsDemoSceneAssets/Models/VirtualTabletop.fbx
  artifactKey: Guid(365907f61b8b39a48aab9aacd4588f45) Importer(2089858483,192608db42251d675da83286b1cce702)
Start importing Assets/Samples/XR Interaction Toolkit/3.2.2/Hands Interaction Demo/HandsDemoSceneAssets/Models/VirtualTabletop.fbx using Guid(365907f61b8b39a48aab9aacd4588f45) Importer(2089858483,192608db42251d675da83286b1cce702) (ScriptedImporter) -> (artifact id: 'd4db64f42fe71ee79289c56ed83c2ff2') in 0.0109173 seconds
Number of updated asset objects reloaded before import = 0Number of asset objects unloaded after import = 8

========================================================================
Received Import Request.
  Time since last request: 0.000018 seconds.
  path: Assets/Samples/XR Interaction Toolkit/3.2.2/Hands Interaction Demo/HandsDemoSceneAssets/Scripts/PokeBlendShapeAnimator.cs
  artifactKey: Guid(78373ff495dc8234887e0cbdc7140022) Importer(2089858483,192608db42251d675da83286b1cce702)
Start importing Assets/Samples/XR Interaction Toolkit/3.2.2/Hands Interaction Demo/HandsDemoSceneAssets/Scripts/PokeBlendShapeAnimator.cs using Guid(78373ff495dc8234887e0cbdc7140022) Importer(2089858483,192608db42251d675da83286b1cce702) (ScriptedImporter) -> (artifact id: 'd4a33f504b2d21a34d609717f94ef58e') in 0.0037549 seconds
Number of updated asset objects reloaded before import = 0Number of asset objects unloaded after import = 0

========================================================================
Received Import Request.
  Time since last request: 0.000015 seconds.
  path: Assets/Samples/XR Interaction Toolkit/3.2.2/Hands Interaction Demo/HandsDemoSceneAssets/Audio/ButtonHover.wav
  artifactKey: Guid(9a6d738025ed59f4fb946bb59c20e774) Importer(2089858483,192608db42251d675da83286b1cce702)
Start importing Assets/Samples/XR Interaction Toolkit/3.2.2/Hands Interaction Demo/HandsDemoSceneAssets/Audio/ButtonHover.wav using Guid(9a6d738025ed59f4fb946bb59c20e774) Importer(2089858483,192608db42251d675da83286b1cce702) (ScriptedImporter) -> (artifact id: '5a237bd2297eb830df8347b6de7e11fd') in 0.032874 seconds
Number of updated asset objects reloaded before import = 0Number of asset objects unloaded after import = 1

========================================================================
Received Import Request.
  Time since last request: 0.000017 seconds.
  path: Assets/Samples/XR Interaction Toolkit/3.2.2/Hands Interaction Demo/HandsDemoSceneAssets/Scripts/TransformSync.cs
  artifactKey: Guid(f22671673eaaae848b70290eb3a1350c) Importer(2089858483,192608db42251d675da83286b1cce702)
Start importing Assets/Samples/XR Interaction Toolkit/3.2.2/Hands Interaction Demo/HandsDemoSceneAssets/Scripts/TransformSync.cs using Guid(f22671673eaaae848b70290eb3a1350c) Importer(2089858483,192608db42251d675da83286b1cce702) (ScriptedImporter) -> (artifact id: '3f2f6a7c49ca33987e70e81889dded0b') in 0.0036582 seconds
Number of updated asset objects reloaded before import = 0Number of asset objects unloaded after import = 0

========================================================================
Received Import Request.
  Time since last request: 0.000016 seconds.
  path: Assets/Samples/XR Interaction Toolkit/3.2.2/Starter Assets/DemoSceneAssets/Prefabs/Far Grab Samples.prefab
  artifactKey: Guid(f5ee409d69254d64da7a3b74d31a5a40) Importer(2089858483,192608db42251d675da83286b1cce702)
Start importing Assets/Samples/XR Interaction Toolkit/3.2.2/Starter Assets/DemoSceneAssets/Prefabs/Far Grab Samples.prefab using Guid(f5ee409d69254d64da7a3b74d31a5a40) Importer(2089858483,192608db42251d675da83286b1cce702) (ScriptedImporter) -> (artifact id: '99b7f498cfaa2b2707521278c2dd182a') in 0.0085083 seconds
Number of updated asset objects reloaded before import = 0Number of asset objects unloaded after import = 84

========================================================================
Received Import Request.
  Time since last request: 0.000022 seconds.
  path: Assets/Samples/XR Interaction Toolkit/3.2.2/Starter Assets/DemoSceneAssets/Prefabs/Interactables Sample.prefab
  artifactKey: Guid(6821e1b7f44d8c44b8a2ba02f37309d5) Importer(2089858483,192608db42251d675da83286b1cce702)
Start importing Assets/Samples/XR Interaction Toolkit/3.2.2/Starter Assets/DemoSceneAssets/Prefabs/Interactables Sample.prefab using Guid(6821e1b7f44d8c44b8a2ba02f37309d5) Importer(2089858483,192608db42251d675da83286b1cce702) (ScriptedImporter) -> (artifact id: '0e1672e3da2314843bb52288ca02050b') in 0.0062439 seconds
Number of updated asset objects reloaded before import = 0Number of asset objects unloaded after import = 68

========================================================================
Received Import Request.
  Time since last request: 0.000026 seconds.
  path: Assets/Samples/XR Interaction Toolkit/3.2.2/Hands Interaction Demo/Shaders/Subgraphs/OneFingerHighlight.shadersubgraph
  artifactKey: Guid(b8fd0258d5743d74290d71cbca4d556b) Importer(2089858483,192608db42251d675da83286b1cce702)
Start importing Assets/Samples/XR Interaction Toolkit/3.2.2/Hands Interaction Demo/Shaders/Subgraphs/OneFingerHighlight.shadersubgraph using Guid(b8fd0258d5743d74290d71cbca4d556b) Importer(2089858483,192608db42251d675da83286b1cce702) (ScriptedImporter) -> (artifact id: '596be28fcee3c7c3209f1fc9652921e6') in 0.0094142 seconds
Number of updated asset objects reloaded before import = 0Number of asset objects unloaded after import = 1

========================================================================
Received Import Request.
  Time since last request: 0.000016 seconds.
  path: Assets/Samples/XR Interaction Toolkit/3.2.2/Starter Assets/DemoSceneAssets/Models/Primitive_Cylinder.fbx
  artifactKey: Guid(73b694bb0f61cd14e9e1ed7b578ac09a) Importer(2089858483,192608db42251d675da83286b1cce702)
Start importing Assets/Samples/XR Interaction Toolkit/3.2.2/Starter Assets/DemoSceneAssets/Models/Primitive_Cylinder.fbx using Guid(73b694bb0f61cd14e9e1ed7b578ac09a) Importer(2089858483,192608db42251d675da83286b1cce702) (ScriptedImporter) -> (artifact id: '4f21cfeab144c66af851f721116d5250') in 0.0124766 seconds
Number of updated asset objects reloaded before import = 0Number of asset objects unloaded after import = 9

========================================================================
Received Import Request.
  Time since last request: 0.000015 seconds.
  path: Assets/Samples/XR Interaction Toolkit/3.2.2/Starter Assets/DemoSceneAssets/Models/Primitive_Torus_Cut.fbx
  artifactKey: Guid(46c1c422ff6897f49a404b012dc924d3) Importer(2089858483,192608db42251d675da83286b1cce702)
Start importing Assets/Samples/XR Interaction Toolkit/3.2.2/Starter Assets/DemoSceneAssets/Models/Primitive_Torus_Cut.fbx using Guid(46c1c422ff6897f49a404b012dc924d3) Importer(2089858483,192608db42251d675da83286b1cce702) (ScriptedImporter) -> (artifact id: '25b779fde013c26d12ce71ff5d51d69c') in 0.0126327 seconds
Number of updated asset objects reloaded before import = 0Number of asset objects unloaded after import = 9

========================================================================
Received Import Request.
  Time since last request: 0.000015 seconds.
  path: Assets/Samples/XR Interaction Toolkit/3.2.2/Starter Assets/DemoSceneAssets/Materials/Lit White.mat
  artifactKey: Guid(fc226930e8fad4c499969204cecfbc05) Importer(2089858483,192608db42251d675da83286b1cce702)
Start importing Assets/Samples/XR Interaction Toolkit/3.2.2/Starter Assets/DemoSceneAssets/Materials/Lit White.mat using Guid(fc226930e8fad4c499969204cecfbc05) Importer(2089858483,192608db42251d675da83286b1cce702) (ScriptedImporter) -> (artifact id: 'aa3980a6ce84be29a4625ad998e70589') in 0.0059948 seconds
Number of updated asset objects reloaded before import = 0Number of asset objects unloaded after import = 2

========================================================================
Received Import Request.
  Time since last request: 0.000015 seconds.
  path: Assets/Samples/XR Interaction Toolkit/3.2.2/Starter Assets/DemoSceneAssets/Models/Primitive_Blaster.fbx
  artifactKey: Guid(e8cf87fef9298444ca38948b2c8a4073) Importer(2089858483,192608db42251d675da83286b1cce702)
Start importing Assets/Samples/XR Interaction Toolkit/3.2.2/Starter Assets/DemoSceneAssets/Models/Primitive_Blaster.fbx using Guid(e8cf87fef9298444ca38948b2c8a4073) Importer(2089858483,192608db42251d675da83286b1cce702) (ScriptedImporter) -> (artifact id: '0ded6ae9abeaf272f735ad521c8d0b1e') in 0.0123862 seconds
Number of updated asset objects reloaded before import = 0Number of asset objects unloaded after import = 9

========================================================================
Received Import Request.
  Time since last request: 0.000021 seconds.
  path: Assets/Samples/XR Interaction Toolkit/3.2.2/Starter Assets/DemoSceneAssets/Prefabs/Teleportation Environment.prefab
  artifactKey: Guid(3e07eccb5e6f459d886de95044adb1d9) Importer(2089858483,192608db42251d675da83286b1cce702)
Start importing Assets/Samples/XR Interaction Toolkit/3.2.2/Starter Assets/DemoSceneAssets/Prefabs/Teleportation Environment.prefab using Guid(3e07eccb5e6f459d886de95044adb1d9) Importer(2089858483,192608db42251d675da83286b1cce702) (ScriptedImporter) -> (artifact id: 'db166c75b1050ab2248050569fb95569') in 0.010764 seconds
Number of updated asset objects reloaded before import = 0Number of asset objects unloaded after import = 103

========================================================================
Received Import Request.
  Time since last request: 0.000026 seconds.
  path: Assets/Samples/XR Interaction Toolkit/3.2.2/Hands Interaction Demo/HandsDemoSceneAssets/Scripts/ToggleGameObject.cs
  artifactKey: Guid(646ef16ad2fbd1944b40157feffe8574) Importer(2089858483,192608db42251d675da83286b1cce702)
Start importing Assets/Samples/XR Interaction Toolkit/3.2.2/Hands Interaction Demo/HandsDemoSceneAssets/Scripts/ToggleGameObject.cs using Guid(646ef16ad2fbd1944b40157feffe8574) Importer(2089858483,192608db42251d675da83286b1cce702) (ScriptedImporter) -> (artifact id: '81f0cd38d0a51ccb915f84b7a06dcaee') in 0.003604 seconds
Number of updated asset objects reloaded before import = 0Number of asset objects unloaded after import = 0

========================================================================
Received Import Request.
  Time since last request: 0.000016 seconds.
  path: Assets/Samples/XR Interaction Toolkit/3.2.2/Starter Assets/Materials/Telport Anchor.mat
  artifactKey: Guid(fd3c5d8fce991e04f9c11109dde95b3b) Importer(2089858483,192608db42251d675da83286b1cce702)
Start importing Assets/Samples/XR Interaction Toolkit/3.2.2/Starter Assets/Materials/Telport Anchor.mat using Guid(fd3c5d8fce991e04f9c11109dde95b3b) Importer(2089858483,192608db42251d675da83286b1cce702) (ScriptedImporter) -> (artifact id: '4f590a995a798cd66929fb8384efc29c') in 0.0048686 seconds
Number of updated asset objects reloaded before import = 0Number of asset objects unloaded after import = 2

========================================================================
Received Import Request.
  Time since last request: 0.000015 seconds.
  path: Assets/Samples/XR Interaction Toolkit/3.2.2/Hands Interaction Demo/HandsDemoSceneAssets/Prefabs/TableHandle.prefab
  artifactKey: Guid(ed5fdb8d3e523e94ca6d8a239d40615a) Importer(2089858483,192608db42251d675da83286b1cce702)
Start importing Assets/Samples/XR Interaction Toolkit/3.2.2/Hands Interaction Demo/HandsDemoSceneAssets/Prefabs/TableHandle.prefab using Guid(ed5fdb8d3e523e94ca6d8a239d40615a) Importer(2089858483,192608db42251d675da83286b1cce702) (ScriptedImporter) -> (artifact id: '73b25f374ef9729cc6b940d44b261b58') in 0.0222199 seconds
Number of updated asset objects reloaded before import = 0Number of asset objects unloaded after import = 45

========================================================================
Received Import Request.
  Time since last request: 0.000016 seconds.
  path: Assets/Samples/XR Interaction Toolkit/3.2.2/Starter Assets/DemoSceneAssets/Sprites/Circle_60x60 Outline 4.png
  artifactKey: Guid(2f8349570a152884fb6cf7ebdc8c18b3) Importer(2089858483,192608db42251d675da83286b1cce702)
Start importing Assets/Samples/XR Interaction Toolkit/3.2.2/Starter Assets/DemoSceneAssets/Sprites/Circle_60x60 Outline 4.png using Guid(2f8349570a152884fb6cf7ebdc8c18b3) Importer(2089858483,192608db42251d675da83286b1cce702) (ScriptedImporter) -> (artifact id: '69325921ad4227019dfaf099dbf10674') in 0.0138343 seconds
Number of updated asset objects reloaded before import = 0Number of asset objects unloaded after import = 3

========================================================================
Received Import Request.
  Time since last request: 0.000014 seconds.
  path: Assets/Samples/XR Interaction Toolkit/3.2.2/XR Device Simulator/UI/Controller/ControllerLeft.png
  artifactKey: Guid(10abf1be8eef148d4aa4b96b2af7a9f0) Importer(2089858483,192608db42251d675da83286b1cce702)
Start importing Assets/Samples/XR Interaction Toolkit/3.2.2/XR Device Simulator/UI/Controller/ControllerLeft.png using Guid(10abf1be8eef148d4aa4b96b2af7a9f0) Importer(2089858483,192608db42251d675da83286b1cce702) (ScriptedImporter) -> (artifact id: 'c1d6f48d493dc17add831321837d1a7e') in 0.0515784 seconds
Number of updated asset objects reloaded before import = 0Number of asset objects unloaded after import = 3

========================================================================
Received Import Request.
  Time since last request: 0.000019 seconds.
  path: Assets/Samples/XR Interaction Toolkit/3.2.2/Starter Assets/Prefabs/Affordances/HighlightInteractionAffordance.prefab
  artifactKey: Guid(6b12f432fa58c224baf0d659706362be) Importer(2089858483,192608db42251d675da83286b1cce702)
Start importing Assets/Samples/XR Interaction Toolkit/3.2.2/Starter Assets/Prefabs/Affordances/HighlightInteractionAffordance.prefab using Guid(6b12f432fa58c224baf0d659706362be) Importer(2089858483,192608db42251d675da83286b1cce702) (ScriptedImporter) -> (artifact id: '2f860797fb48b090f4a773ce56507af5') in 0.0200765 seconds
Number of updated asset objects reloaded before import = 0Number of asset objects unloaded after import = 12

========================================================================
Received Import Request.
  Time since last request: 0.000025 seconds.
  path: Assets/Samples/XR Interaction Toolkit/3.2.2/Starter Assets/Prefabs/Controllers/XR Controller Left.prefab
  artifactKey: Guid(1392f805216c47742996d4742c80721c) Importer(2089858483,192608db42251d675da83286b1cce702)
Start importing Assets/Samples/XR Interaction Toolkit/3.2.2/Starter Assets/Prefabs/Controllers/XR Controller Left.prefab using Guid(1392f805216c47742996d4742c80721c) Importer(2089858483,192608db42251d675da83286b1cce702) (ScriptedImporter) -> (artifact id: '3565c5238c87acd3fee1dd98a0ab974a') in 0.0139953 seconds
Number of updated asset objects reloaded before import = 0Number of asset objects unloaded after import = 59

========================================================================
Received Import Request.
  Time since last request: 0.000017 seconds.
  path: Assets/Samples/XR Interaction Toolkit/3.2.2/Starter Assets/DemoSceneAssets/Textures/Concrete_Normal.tif
  artifactKey: Guid(cdebec39dbf81a14688e1de8d12897b4) Importer(2089858483,192608db42251d675da83286b1cce702)
Start importing Assets/Samples/XR Interaction Toolkit/3.2.2/Starter Assets/DemoSceneAssets/Textures/Concrete_Normal.tif using Guid(cdebec39dbf81a14688e1de8d12897b4) Importer(2089858483,192608db42251d675da83286b1cce702) (ScriptedImporter) -> (artifact id: '823a624c35ac6be7181e733de76a7879') in 0.009497 seconds
Number of updated asset objects reloaded before import = 0Number of asset objects unloaded after import = 1

========================================================================
Received Import Request.
  Time since last request: 0.000015 seconds.
  path: Assets/Samples/XR Interaction Toolkit/3.2.2/Starter Assets/DemoSceneAssets/Settings/GazeTeleportAnchorFilter.asset
  artifactKey: Guid(14af1242b4be8e2458dd5bee35c06ae5) Importer(2089858483,192608db42251d675da83286b1cce702)
Start importing Assets/Samples/XR Interaction Toolkit/3.2.2/Starter Assets/DemoSceneAssets/Settings/GazeTeleportAnchorFilter.asset using Guid(14af1242b4be8e2458dd5bee35c06ae5) Importer(2089858483,192608db42251d675da83286b1cce702) (ScriptedImporter) -> (artifact id: 'fb1d6b2906bf1e3fcbc9a397be184d99') in 0.0049175 seconds
Number of updated asset objects reloaded before import = 0Number of asset objects unloaded after import = 1

========================================================================
Received Import Request.
  Time since last request: 0.000015 seconds.
  path: Assets/Samples/XR Interaction Toolkit/3.2.2/Starter Assets/Prefabs/Teleport/Blocking Teleport Reticle.prefab
  artifactKey: Guid(a3fde713df4d99042a0403c4be9eea32) Importer(2089858483,192608db42251d675da83286b1cce702)
Start importing Assets/Samples/XR Interaction Toolkit/3.2.2/Starter Assets/Prefabs/Teleport/Blocking Teleport Reticle.prefab using Guid(a3fde713df4d99042a0403c4be9eea32) Importer(2089858483,192608db42251d675da83286b1cce702) (ScriptedImporter) -> (artifact id: '68fd32b700faebc0e08ad0562fad19de') in 0.0048661 seconds
Number of updated asset objects reloaded before import = 0Number of asset objects unloaded after import = 17

========================================================================
Received Import Request.
  Time since last request: 0.000014 seconds.
  path: Assets/Samples/XR Interaction Toolkit/3.2.2/Starter Assets/Prefabs/Controllers/XR Controller Right.prefab
  artifactKey: Guid(9f3369e30fbd31f4bb596b1a99babe83) Importer(2089858483,192608db42251d675da83286b1cce702)
Start importing Assets/Samples/XR Interaction Toolkit/3.2.2/Starter Assets/Prefabs/Controllers/XR Controller Right.prefab using Guid(9f3369e30fbd31f4bb596b1a99babe83) Importer(2089858483,192608db42251d675da83286b1cce702) (ScriptedImporter) -> (artifact id: 'b01c1a080da0abc87c89fcfd4ff79910') in 0.0101707 seconds
Number of updated asset objects reloaded before import = 0Number of asset objects unloaded after import = 59

========================================================================
Received Import Request.
  Time since last request: 0.000018 seconds.
  path: Assets/Samples/XR Interaction Toolkit/3.2.2/Starter Assets/Prefabs/Interactors/Poke Interactor.prefab
  artifactKey: Guid(27024f5809f4a4347b9cd7f26a1bdf93) Importer(2089858483,192608db42251d675da83286b1cce702)
Start importing Assets/Samples/XR Interaction Toolkit/3.2.2/Starter Assets/Prefabs/Interactors/Poke Interactor.prefab using Guid(27024f5809f4a4347b9cd7f26a1bdf93) Importer(2089858483,192608db42251d675da83286b1cce702) (ScriptedImporter) -> (artifact id: '695b156b3a3fe2fb22b4221978bb774c') in 0.0395463 seconds
Number of updated asset objects reloaded before import = 0Number of asset objects unloaded after import = 12

========================================================================
Received Import Request.
  Time since last request: 0.000024 seconds.
  path: Assets/Samples/XR Interaction Toolkit/3.2.2/XR Device Simulator/UI/Hands/Hand_Open.png
  artifactKey: Guid(ceccab26080354140af21950c6d338d5) Importer(2089858483,192608db42251d675da83286b1cce702)
Start importing Assets/Samples/XR Interaction Toolkit/3.2.2/XR Device Simulator/UI/Hands/Hand_Open.png using Guid(ceccab26080354140af21950c6d338d5) Importer(2089858483,192608db42251d675da83286b1cce702) (ScriptedImporter) -> (artifact id: 'a032e543c03fe7fa09ea1e84ed08284a') in 0.0096038 seconds
Number of updated asset objects reloaded before import = 0Number of asset objects unloaded after import = 3

========================================================================
Received Import Request.
  Time since last request: 0.000014 seconds.
  path: Assets/Samples/XR Interaction Toolkit/3.2.2/XR Device Simulator/UI/Mouse/MouseR.png
  artifactKey: Guid(14e910c1fb9c7514a8106ffd25f1d892) Importer(2089858483,192608db42251d675da83286b1cce702)
Start importing Assets/Samples/XR Interaction Toolkit/3.2.2/XR Device Simulator/UI/Mouse/MouseR.png using Guid(14e910c1fb9c7514a8106ffd25f1d892) Importer(2089858483,192608db42251d675da83286b1cce702) (ScriptedImporter) -> (artifact id: 'e33691decadd0bc9caa467d6576fd192') in 0.0095821 seconds
Number of updated asset objects reloaded before import = 0Number of asset objects unloaded after import = 3

========================================================================
Received Import Request.
  Time since last request: 0.000015 seconds.
  path: Assets/Samples/XR Interaction Toolkit/3.2.2/XR Device Simulator/UI/Head/Movement.png
  artifactKey: Guid(1d56a2d39cfbb49149abbf0076259327) Importer(2089858483,192608db42251d675da83286b1cce702)
Start importing Assets/Samples/XR Interaction Toolkit/3.2.2/XR Device Simulator/UI/Head/Movement.png using Guid(1d56a2d39cfbb49149abbf0076259327) Importer(2089858483,192608db42251d675da83286b1cce702) (ScriptedImporter) -> (artifact id: 'fb22f4c17896b9b6f4db71a38161b21c') in 0.0524442 seconds
Number of updated asset objects reloaded before import = 0Number of asset objects unloaded after import = 3

========================================================================
Received Import Request.
  Time since last request: 0.000014 seconds.
  path: Assets/Samples/XR Interaction Toolkit/3.2.2/XR Device Simulator/UI/General/btn_bgbottom.png
  artifactKey: Guid(89cb99e3e22696848a1cbce7b320f520) Importer(2089858483,192608db42251d675da83286b1cce702)
Start importing Assets/Samples/XR Interaction Toolkit/3.2.2/XR Device Simulator/UI/General/btn_bgbottom.png using Guid(89cb99e3e22696848a1cbce7b320f520) Importer(2089858483,192608db42251d675da83286b1cce702) (ScriptedImporter) -> (artifact id: '7ee7f03d4bd12611bbdc09793e34226a') in 0.009112 seconds
Number of updated asset objects reloaded before import = 0Number of asset objects unloaded after import = 3

========================================================================
Received Import Request.
  Time since last request: 0.000020 seconds.
  path: Assets/Samples/XR Interaction Toolkit/3.2.2/XR Device Simulator/UI/Head/xr_hmd.png
  artifactKey: Guid(08548d5ac6b7bc64da0b332636c5cc91) Importer(2089858483,192608db42251d675da83286b1cce702)
Start importing Assets/Samples/XR Interaction Toolkit/3.2.2/XR Device Simulator/UI/Head/xr_hmd.png using Guid(08548d5ac6b7bc64da0b332636c5cc91) Importer(2089858483,192608db42251d675da83286b1cce702) (ScriptedImporter) -> (artifact id: '46953082196b8dde669462bb7a1211b4') in 0.0093019 seconds
Number of updated asset objects reloaded before import = 0Number of asset objects unloaded after import = 3

========================================================================
Received Import Request.
  Time since last request: 0.000022 seconds.
  path: Assets/Samples/XR Interaction Toolkit/3.2.2/XR Device Simulator/UI/Hands/hand.png
  artifactKey: Guid(290d158031622c645aa55f8bd981be12) Importer(2089858483,192608db42251d675da83286b1cce702)
Start importing Assets/Samples/XR Interaction Toolkit/3.2.2/XR Device Simulator/UI/Hands/hand.png using Guid(290d158031622c645aa55f8bd981be12) Importer(2089858483,192608db42251d675da83286b1cce702) (ScriptedImporter) -> (artifact id: '455b56bc031ad7539054acc3dfafb630') in 0.0166158 seconds
Number of updated asset objects reloaded before import = 0Number of asset objects unloaded after import = 3

========================================================================
Received Import Request.
  Time since last request: 0.000017 seconds.
  path: Assets/Samples/XR Interaction Toolkit/3.2.2/XR Device Simulator/UI/Head/HMD_d.png
  artifactKey: Guid(177f60e6b21ff774093004ca330b2241) Importer(2089858483,192608db42251d675da83286b1cce702)
Start importing Assets/Samples/XR Interaction Toolkit/3.2.2/XR Device Simulator/UI/Head/HMD_d.png using Guid(177f60e6b21ff774093004ca330b2241) Importer(2089858483,192608db42251d675da83286b1cce702) (ScriptedImporter) -> (artifact id: '95c09f3a1737abbb2126d35c90e861fb') in 0.0094648 seconds
Number of updated asset objects reloaded before import = 0Number of asset objects unloaded after import = 3

========================================================================
Received Import Request.
  Time since last request: 0.000015 seconds.
  path: Assets/Samples/XR Interaction Toolkit/3.2.2/XR Device Simulator/UI/Mouse/Cursor.png
  artifactKey: Guid(9e4e923f2e0534a56b6a0c2321388194) Importer(2089858483,192608db42251d675da83286b1cce702)
Start importing Assets/Samples/XR Interaction Toolkit/3.2.2/XR Device Simulator/UI/Mouse/Cursor.png using Guid(9e4e923f2e0534a56b6a0c2321388194) Importer(2089858483,192608db42251d675da83286b1cce702) (ScriptedImporter) -> (artifact id: 'c65a9843e3f2825b006784e399c42162') in 0.0089838 seconds
Number of updated asset objects reloaded before import = 0Number of asset objects unloaded after import = 3

========================================================================
Received Import Request.
  Time since last request: 0.000015 seconds.
  path: Assets/Samples/XR Interaction Toolkit/3.2.2/XR Device Simulator/UI/Hands/Hand_Default.png
  artifactKey: Guid(7d3dbc333af046c4193982e1166659dd) Importer(2089858483,192608db42251d675da83286b1cce702)
Start importing Assets/Samples/XR Interaction Toolkit/3.2.2/XR Device Simulator/UI/Hands/Hand_Default.png using Guid(7d3dbc333af046c4193982e1166659dd) Importer(2089858483,192608db42251d675da83286b1cce702) (ScriptedImporter) -> (artifact id: '2cbb121a7f585d91be0dbb7602857524') in 0.0095364 seconds
Number of updated asset objects reloaded before import = 0Number of asset objects unloaded after import = 3

========================================================================
Received Import Request.
  Time since last request: 0.000014 seconds.
  path: Assets/Samples/XR Interaction Toolkit/3.2.2/XR Device Simulator/UI/Mouse/MouseMoveAround.png
  artifactKey: Guid(013811fdd48c040339e9adc40e692381) Importer(2089858483,192608db42251d675da83286b1cce702)
Start importing Assets/Samples/XR Interaction Toolkit/3.2.2/XR Device Simulator/UI/Mouse/MouseMoveAround.png using Guid(013811fdd48c040339e9adc40e692381) Importer(2089858483,192608db42251d675da83286b1cce702) (ScriptedImporter) -> (artifact id: '568c332295685c7891d017aeb5ffd99a') in 0.0096619 seconds
Number of updated asset objects reloaded before import = 0Number of asset objects unloaded after import = 3

========================================================================
Received Import Request.
  Time since last request: 0.000018 seconds.
  path: Assets/Samples/XR Interaction Toolkit/3.2.2/Hands Interaction Demo/HandsDemoSceneAssets/Models/Chess/Chess_Board.fbx
  artifactKey: Guid(714a27c3372b8074d8370e2bc0cecf56) Importer(2089858483,192608db42251d675da83286b1cce702)
Start importing Assets/Samples/XR Interaction Toolkit/3.2.2/Hands Interaction Demo/HandsDemoSceneAssets/Models/Chess/Chess_Board.fbx using Guid(714a27c3372b8074d8370e2bc0cecf56) Importer(2089858483,192608db42251d675da83286b1cce702) (ScriptedImporter) -> (artifact id: '778c208ed5f1050a75c97ce054e12d5a') in 0.1191325 seconds
Number of updated asset objects reloaded before import = 0Number of asset objects unloaded after import = 326

========================================================================
Received Import Request.
  Time since last request: 0.000028 seconds.
  path: Assets/Samples/XR Interaction Toolkit/3.2.2/Starter Assets/DemoSceneAssets/Prefabs/Climb/ClimbTeleportReticle.prefab
  artifactKey: Guid(6eb816e9b7ce30f4cadff3d4ad7ad10c) Importer(2089858483,192608db42251d675da83286b1cce702)
Start importing Assets/Samples/XR Interaction Toolkit/3.2.2/Starter Assets/DemoSceneAssets/Prefabs/Climb/ClimbTeleportReticle.prefab using Guid(6eb816e9b7ce30f4cadff3d4ad7ad10c) Importer(2089858483,192608db42251d675da83286b1cce702) (ScriptedImporter) -> (artifact id: '17b91f7335b2cdbc90ab885c686b4a0e') in 0.0072214 seconds
Number of updated asset objects reloaded before import = 0Number of asset objects unloaded after import = 40

========================================================================
Received Import Request.
  Time since last request: 0.000017 seconds.
  path: Assets/Samples/XR Interaction Toolkit/3.2.2/Hands Interaction Demo/HandsDemoSceneAssets/Prefabs/UI/TouchPadButton.prefab
  artifactKey: Guid(b0c78422845bac948a9080175e57ffff) Importer(2089858483,192608db42251d675da83286b1cce702)
Start importing Assets/Samples/XR Interaction Toolkit/3.2.2/Hands Interaction Demo/HandsDemoSceneAssets/Prefabs/UI/TouchPadButton.prefab using Guid(b0c78422845bac948a9080175e57ffff) Importer(2089858483,192608db42251d675da83286b1cce702) (ScriptedImporter) -> (artifact id: 'b027017f8a074bff27cefc7999dfd731') in 0.0346242 seconds
Number of updated asset objects reloaded before import = 0Number of asset objects unloaded after import = 24

========================================================================
Received Import Request.
  Time since last request: 0.000015 seconds.
  path: Assets/Samples/XR Interaction Toolkit/3.2.2/Hands Interaction Demo/HandsDemoSceneAssets/Prefabs/UI/ScrollHandMenu.prefab
  artifactKey: Guid(30194602712a0eb4980318e2379d1bb8) Importer(2089858483,192608db42251d675da83286b1cce702)
Start importing Assets/Samples/XR Interaction Toolkit/3.2.2/Hands Interaction Demo/HandsDemoSceneAssets/Prefabs/UI/ScrollHandMenu.prefab using Guid(30194602712a0eb4980318e2379d1bb8) Importer(2089858483,192608db42251d675da83286b1cce702) (ScriptedImporter) -> (artifact id: '7340661c9a8a43c2bb2a06641f105aa6') in 0.016673 seconds
Number of updated asset objects reloaded before import = 0Number of asset objects unloaded after import = 243

========================================================================
Received Import Request.
  Time since last request: 0.000040 seconds.
  path: Assets/Samples/XR Interaction Toolkit/3.2.2/Starter Assets/DemoSceneAssets/Prefabs/Climb/Single Floor Ladder.prefab
  artifactKey: Guid(1f62bdd0e59688d4bb754afe89fa2f5a) Importer(2089858483,192608db42251d675da83286b1cce702)
Start importing Assets/Samples/XR Interaction Toolkit/3.2.2/Starter Assets/DemoSceneAssets/Prefabs/Climb/Single Floor Ladder.prefab using Guid(1f62bdd0e59688d4bb754afe89fa2f5a) Importer(2089858483,192608db42251d675da83286b1cce702) (ScriptedImporter) -> (artifact id: 'a261eeae58907715b8ef0ce4960f9e0d') in 0.015717 seconds
Number of updated asset objects reloaded before import = 0Number of asset objects unloaded after import = 198

========================================================================
Received Import Request.
  Time since last request: 0.000018 seconds.
  path: Assets/Samples/XR Interaction Toolkit/3.2.2/XR Device Simulator/UI/General/KeyboardIcon.png
  artifactKey: Guid(76dc0abb2ebb44c9a9bd39266f0b3c91) Importer(2089858483,192608db42251d675da83286b1cce702)
Start importing Assets/Samples/XR Interaction Toolkit/3.2.2/XR Device Simulator/UI/General/KeyboardIcon.png using Guid(76dc0abb2ebb44c9a9bd39266f0b3c91) Importer(2089858483,192608db42251d675da83286b1cce702) (ScriptedImporter) -> (artifact id: '9e86b9a719f3fb69b2c872ebe0a0cf61') in 0.0144987 seconds
Number of updated asset objects reloaded before import = 0Number of asset objects unloaded after import = 3

========================================================================
Received Import Request.
  Time since last request: 0.000030 seconds.
  path: Assets/Samples/XR Interaction Toolkit/3.2.2/Hands Interaction Demo/HandsDemoSceneAssets/Models/Chess/Chess_Pawn.fbx
  artifactKey: Guid(45b2a246bd435f74989d22078ec2752e) Importer(2089858483,192608db42251d675da83286b1cce702)
Start importing Assets/Samples/XR Interaction Toolkit/3.2.2/Hands Interaction Demo/HandsDemoSceneAssets/Models/Chess/Chess_Pawn.fbx using Guid(45b2a246bd435f74989d22078ec2752e) Importer(2089858483,192608db42251d675da83286b1cce702) (ScriptedImporter) -> (artifact id: 'be0771ad95143f7fdec40b1ea462a9e2') in 0.0092419 seconds
Number of updated asset objects reloaded before import = 0Number of asset objects unloaded after import = 9

========================================================================
Received Import Request.
  Time since last request: 0.000015 seconds.
  path: Assets/Samples/XR Interaction Toolkit/3.2.2/Starter Assets/Prefabs/Teleport/Directional Teleport Reticle.prefab
  artifactKey: Guid(893219773891c784ab469a39151879b4) Importer(2089858483,192608db42251d675da83286b1cce702)
Start importing Assets/Samples/XR Interaction Toolkit/3.2.2/Starter Assets/Prefabs/Teleport/Directional Teleport Reticle.prefab using Guid(893219773891c784ab469a39151879b4) Importer(2089858483,192608db42251d675da83286b1cce702) (ScriptedImporter) -> (artifact id: '333959f2845f9e1cb5eb25851dc431f7') in 0.0048742 seconds
Number of updated asset objects reloaded before import = 0Number of asset objects unloaded after import = 13

========================================================================
Received Import Request.
  Time since last request: 0.000018 seconds.
  path: Assets/Samples/XR Interaction Toolkit/3.2.2/Starter Assets/DemoSceneAssets/Prefabs/Interactables/Confetti.prefab
  artifactKey: Guid(7942e6544a2b2ae48bcf988d9aed838d) Importer(2089858483,192608db42251d675da83286b1cce702)
Start importing Assets/Samples/XR Interaction Toolkit/3.2.2/Starter Assets/DemoSceneAssets/Prefabs/Interactables/Confetti.prefab using Guid(7942e6544a2b2ae48bcf988d9aed838d) Importer(2089858483,192608db42251d675da83286b1cce702) (ScriptedImporter) -> (artifact id: '9df17b5fe837749009bca86239f8389e') in 0.0212367 seconds
Number of updated asset objects reloaded before import = 0Number of asset objects unloaded after import = 6

========================================================================
Received Import Request.
  Time since last request: 0.000015 seconds.
  path: Assets/Samples/XR Interaction Toolkit/3.2.2/Starter Assets/DemoSceneAssets/Prefabs/UI/Icon Toggle.prefab
  artifactKey: Guid(541ed11e270c6994ca5910042c7e04da) Importer(2089858483,192608db42251d675da83286b1cce702)
Start importing Assets/Samples/XR Interaction Toolkit/3.2.2/Starter Assets/DemoSceneAssets/Prefabs/UI/Icon Toggle.prefab using Guid(541ed11e270c6994ca5910042c7e04da) Importer(2089858483,192608db42251d675da83286b1cce702) (ScriptedImporter) -> (artifact id: '4ddba2e3dc6580d463e23db47dfb6bd4') in 0.0311895 seconds
Number of updated asset objects reloaded before import = 0Number of asset objects unloaded after import = 21

========================================================================
Received Import Request.
  Time since last request: 0.000016 seconds.
  path: Assets/Samples/XR Interaction Toolkit/3.2.2/Starter Assets/DemoSceneAssets/Prefabs/Teleport/Teleport Area.prefab
  artifactKey: Guid(beb4e2871579447497fe41dfb108e2cd) Importer(2089858483,192608db42251d675da83286b1cce702)
Start importing Assets/Samples/XR Interaction Toolkit/3.2.2/Starter Assets/DemoSceneAssets/Prefabs/Teleport/Teleport Area.prefab using Guid(beb4e2871579447497fe41dfb108e2cd) Importer(2089858483,192608db42251d675da83286b1cce702) (ScriptedImporter) -> (artifact id: '4065625c3c284f2a3d377c26a46da41c') in 0.0236409 seconds
Number of updated asset objects reloaded before import = 0Number of asset objects unloaded after import = 10

========================================================================
Received Import Request.
  Time since last request: 0.000024 seconds.
  path: Assets/Samples/XR Interaction Toolkit/3.2.2/Starter Assets/DemoSceneAssets/Prefabs/UI/TextButton.prefab
  artifactKey: Guid(e5db301629853dd4a99835fa70099d79) Importer(2089858483,192608db42251d675da83286b1cce702)
Start importing Assets/Samples/XR Interaction Toolkit/3.2.2/Starter Assets/DemoSceneAssets/Prefabs/UI/TextButton.prefab using Guid(e5db301629853dd4a99835fa70099d79) Importer(2089858483,192608db42251d675da83286b1cce702) (ScriptedImporter) -> (artifact id: '69c661874975c5e2018f7e6fbd65b5b9') in 0.0133588 seconds
Number of updated asset objects reloaded before import = 0Number of asset objects unloaded after import = 24

========================================================================
Received Import Request.
  Time since last request: 0.000023 seconds.
  path: Assets/Samples/XR Interaction Toolkit/3.2.2/Hands Interaction Demo/HandsDemoSceneAssets/Models/Primitives/Cone.fbx
  artifactKey: Guid(30ab630b2b7264c1c85cca8ce81b06c3) Importer(2089858483,192608db42251d675da83286b1cce702)
Start importing Assets/Samples/XR Interaction Toolkit/3.2.2/Hands Interaction Demo/HandsDemoSceneAssets/Models/Primitives/Cone.fbx using Guid(30ab630b2b7264c1c85cca8ce81b06c3) Importer(2089858483,192608db42251d675da83286b1cce702) (ScriptedImporter) -> (artifact id: '29e68f0b34fc6a26f7a118493018b202') in 0.0095758 seconds
Number of updated asset objects reloaded before import = 0Number of asset objects unloaded after import = 8

========================================================================
Received Import Request.
  Time since last request: 0.000021 seconds.
  path: Assets/Samples/XR Interaction Toolkit/3.2.2/Starter Assets/DemoSceneAssets/Prefabs/Climb/Climbing Wall.prefab
  artifactKey: Guid(a0ea40bd139aedc43b0e8374d6139437) Importer(2089858483,192608db42251d675da83286b1cce702)
Start importing Assets/Samples/XR Interaction Toolkit/3.2.2/Starter Assets/DemoSceneAssets/Prefabs/Climb/Climbing Wall.prefab using Guid(a0ea40bd139aedc43b0e8374d6139437) Importer(2089858483,192608db42251d675da83286b1cce702) (ScriptedImporter) -> (artifact id: 'c09702320db8c608ec4bbb345c535967') in 0.0533854 seconds
Number of updated asset objects reloaded before import = 0Number of asset objects unloaded after import = 345

========================================================================
Received Import Request.
  Time since last request: 0.000017 seconds.
  path: Assets/Samples/XR Interaction Toolkit/3.2.2/Starter Assets/Presets/XRI Default Continuous Turn.preset
  artifactKey: Guid(735a78fc7c2a98a4e85e0e42bf895f48) Importer(2089858483,192608db42251d675da83286b1cce702)
Start importing Assets/Samples/XR Interaction Toolkit/3.2.2/Starter Assets/Presets/XRI Default Continuous Turn.preset using Guid(735a78fc7c2a98a4e85e0e42bf895f48) Importer(2089858483,192608db42251d675da83286b1cce702) (ScriptedImporter) -> (artifact id: '94f37bf5ae7a7e4c7df07c0c40dc9753') in 0.0063329 seconds
Number of updated asset objects reloaded before import = 0Number of asset objects unloaded after import = 4

========================================================================
Received Import Request.
  Time since last request: 0.000020 seconds.
  path: Assets/Samples/XR Hands/1.6.1/HandVisualizer/Scripts/JointVisualizer.cs
  artifactKey: Guid(6e1c395ff62a3a14dbeb293298bb46bf) Importer(2089858483,192608db42251d675da83286b1cce702)
Start importing Assets/Samples/XR Hands/1.6.1/HandVisualizer/Scripts/JointVisualizer.cs using Guid(6e1c395ff62a3a14dbeb293298bb46bf) Importer(2089858483,192608db42251d675da83286b1cce702) (ScriptedImporter) -> (artifact id: 'c62743b60cfeed13f00f7fa4decddc0e') in 0.0037786 seconds
Number of updated asset objects reloaded before import = 0Number of asset objects unloaded after import = 0

========================================================================
Received Import Request.
  Time since last request: 0.000027 seconds.
  path: Assets/Samples/XR Interaction Toolkit/3.2.2/Hands Interaction Demo/Prefabs/XR Origin Hands (XR Rig).prefab
  artifactKey: Guid(d6878e1999eb4b44a9f5a263af86c185) Importer(2089858483,192608db42251d675da83286b1cce702)
Start importing Assets/Samples/XR Interaction Toolkit/3.2.2/Hands Interaction Demo/Prefabs/XR Origin Hands (XR Rig).prefab using Guid(d6878e1999eb4b44a9f5a263af86c185) Importer(2089858483,192608db42251d675da83286b1cce702) (ScriptedImporter) -> (artifact id: '7da24b139928b27bed49f967b7d0cab9') in 0.075643 seconds
Number of updated asset objects reloaded before import = 0Number of asset objects unloaded after import = 1097

========================================================================
Received Import Request.
  Time since last request: 0.000018 seconds.
  path: Assets/resources/Scenes/final 2/NavMesh-Teleportation Area PLAYER.asset
  artifactKey: Guid(220ff81097dcbfc41a5f67d1b7879b39) Importer(2089858483,192608db42251d675da83286b1cce702)
Start importing Assets/resources/Scenes/final 2/NavMesh-Teleportation Area PLAYER.asset using Guid(220ff81097dcbfc41a5f67d1b7879b39) Importer(2089858483,192608db42251d675da83286b1cce702) (ScriptedImporter) -> (artifact id: '5021a0489fa93110189bc91b1f5f5131') in 0.0088155 seconds
Number of updated asset objects reloaded before import = 0Number of asset objects unloaded after import = 1

========================================================================
Received Import Request.
  Time since last request: 0.000014 seconds.
  path: Assets/Castle imported/Prefab/Castles/EvilCastle/CS_Evil_Castle_Stage02 Variant.prefab
  artifactKey: Guid(5256e95745d64174399f98bed56a1696) Importer(2089858483,192608db42251d675da83286b1cce702)
Start importing Assets/Castle imported/Prefab/Castles/EvilCastle/CS_Evil_Castle_Stage02 Variant.prefab using Guid(5256e95745d64174399f98bed56a1696) Importer(2089858483,192608db42251d675da83286b1cce702) (ScriptedImporter) -> (artifact id: 'b1c0d5fb76320317111b21c059bdb4ae') in 0.0073117 seconds
Number of updated asset objects reloaded before import = 0Number of asset objects unloaded after import = 14

========================================================================
Received Import Request.
  Time since last request: 0.000018 seconds.
  path: Assets/_Tanks/Prefabs/UI/Fonts/Moonscape Demo SDF.asset
  artifactKey: Guid(5dce1b1ae921cbb4fa6f2e84f6a71494) Importer(2089858483,192608db42251d675da83286b1cce702)
Start importing Assets/_Tanks/Prefabs/UI/Fonts/Moonscape Demo SDF.asset using Guid(5dce1b1ae921cbb4fa6f2e84f6a71494) Importer(2089858483,192608db42251d675da83286b1cce702) (ScriptedImporter) -> (artifact id: 'a99ff74657d75df1cada3eb77ea8053b') in 0.014784 seconds
Number of updated asset objects reloaded before import = 0Number of asset objects unloaded after import = 3

========================================================================
Received Import Request.
  Time since last request: 0.000025 seconds.
  path: Assets/_Tanks/Art/Materials/Environment/BuildingMetal.mat
  artifactKey: Guid(e7df269b1d6121e4787b2f27aab18dbe) Importer(2089858483,192608db42251d675da83286b1cce702)
Start importing Assets/_Tanks/Art/Materials/Environment/BuildingMetal.mat using Guid(e7df269b1d6121e4787b2f27aab18dbe) Importer(2089858483,192608db42251d675da83286b1cce702) (ScriptedImporter) -> (artifact id: '10560857a625a22c0c9a8f81d766e3be') in 0.0051967 seconds
Number of updated asset objects reloaded before import = 0Number of asset objects unloaded after import = 1

========================================================================
Received Import Request.
  Time since last request: 0.000015 seconds.
  path: Assets/_Tanks/Art/Materials/Environment/YellowLight.mat
  artifactKey: Guid(df3167d6df0aba54bba9a1a40f79c38f) Importer(2089858483,192608db42251d675da83286b1cce702)
Start importing Assets/_Tanks/Art/Materials/Environment/YellowLight.mat using Guid(df3167d6df0aba54bba9a1a40f79c38f) Importer(2089858483,192608db42251d675da83286b1cce702) (ScriptedImporter) -> (artifact id: 'ba1e647eb9a50736a7b2c62d31edcf72') in 0.0049347 seconds
Number of updated asset objects reloaded before import = 0Number of asset objects unloaded after import = 1

========================================================================
Received Import Request.
  Time since last request: 0.000021 seconds.
  path: Assets/_Tanks/Prefabs/Environment/Moon/FlagMoon.prefab
  artifactKey: Guid(d11b37d20b0811043a8f64fbda789281) Importer(2089858483,192608db42251d675da83286b1cce702)
Start importing Assets/_Tanks/Prefabs/Environment/Moon/FlagMoon.prefab using Guid(d11b37d20b0811043a8f64fbda789281) Importer(2089858483,192608db42251d675da83286b1cce702) (ScriptedImporter) -> (artifact id: '90910af419b51bb6acd386e796ddbf70') in 0.0053387 seconds
Number of updated asset objects reloaded before import = 0Number of asset objects unloaded after import = 27

========================================================================
Received Import Request.
  Time since last request: 0.000022 seconds.
  path: Assets/_Tanks/Tutorial_Demo/Demo_Scenes/Demo_Scene_Data/Demo_LightingData/Lightmap-1_comp_dir.png
  artifactKey: Guid(144288ae8f51047e6a7aff3d483cba8b) Importer(2089858483,192608db42251d675da83286b1cce702)
Start importing Assets/_Tanks/Tutorial_Demo/Demo_Scenes/Demo_Scene_Data/Demo_LightingData/Lightmap-1_comp_dir.png using Guid(144288ae8f51047e6a7aff3d483cba8b) Importer(2089858483,192608db42251d675da83286b1cce702) (ScriptedImporter) -> (artifact id: 'b50a2697e053d71820490b9cb6c85f78') in 0.0097599 seconds
Number of updated asset objects reloaded before import = 0Number of asset objects unloaded after import = 1

========================================================================
Received Import Request.
  Time since last request: 0.000015 seconds.
  path: Assets/_Tanks/Art/Materials/Environment/Building.mat
  artifactKey: Guid(19ac713c0cb29a84db9ed6bb394ad8f1) Importer(2089858483,192608db42251d675da83286b1cce702)
Start importing Assets/_Tanks/Art/Materials/Environment/Building.mat using Guid(19ac713c0cb29a84db9ed6bb394ad8f1) Importer(2089858483,192608db42251d675da83286b1cce702) (ScriptedImporter) -> (artifact id: '6fd692c407599a254162de40083e2f34') in 0.0058647 seconds
Number of updated asset objects reloaded before import = 0Number of asset objects unloaded after import = 1

========================================================================
Received Import Request.
  Time since last request: 0.000022 seconds.
  path: Assets/Castle imported/Prefab/Castles/SmallCastle/CS_Small_Castle_Stage01 Variant.prefab
  artifactKey: Guid(969e9f13843ad0242a3dd2dfb881c5a8) Importer(2089858483,192608db42251d675da83286b1cce702)
Start importing Assets/Castle imported/Prefab/Castles/SmallCastle/CS_Small_Castle_Stage01 Variant.prefab using Guid(969e9f13843ad0242a3dd2dfb881c5a8) Importer(2089858483,192608db42251d675da83286b1cce702) (ScriptedImporter) -> (artifact id: '69793c9b7416a496662daa1204d2d8d1') in 0.0074911 seconds
Number of updated asset objects reloaded before import = 0Number of asset objects unloaded after import = 14

========================================================================
Received Import Request.
  Time since last request: 0.000019 seconds.
  path: Assets/_Tanks/Prefabs/Environment/Moon/RuinsMoon.prefab
  artifactKey: Guid(7bf356bbd7817924ab583d3362420429) Importer(2089858483,192608db42251d675da83286b1cce702)
Start importing Assets/_Tanks/Prefabs/Environment/Moon/RuinsMoon.prefab using Guid(7bf356bbd7817924ab583d3362420429) Importer(2089858483,192608db42251d675da83286b1cce702) (ScriptedImporter) -> (artifact id: 'a749b949667816cdb08250ca72782be6') in 0.0083569 seconds
Number of updated asset objects reloaded before import = 0Number of asset objects unloaded after import = 18

========================================================================
Received Import Request.
  Time since last request: 0.000029 seconds.
  path: Assets/_Tanks/Art/Fonts/IBM_Plex_Mono/OFL.txt
  artifactKey: Guid(8a59d2daea6874ea18c42e5e01123bb0) Importer(2089858483,192608db42251d675da83286b1cce702)
Start importing Assets/_Tanks/Art/Fonts/IBM_Plex_Mono/OFL.txt using Guid(8a59d2daea6874ea18c42e5e01123bb0) Importer(2089858483,192608db42251d675da83286b1cce702) (ScriptedImporter) -> (artifact id: '9c3d4603f29ae180024e8402a27cc25d') in 0.00338 seconds
Number of updated asset objects reloaded before import = 0Number of asset objects unloaded after import = 1

========================================================================
Received Import Request.
  Time since last request: 0.000015 seconds.
  path: Assets/Samples/XR Interaction Toolkit/3.2.2/Starter Assets/DemoSceneAssets/Settings/TeleportDestinationSettings.asset
  artifactKey: Guid(8d66c9762e1587643a1164368c8a2c58) Importer(2089858483,192608db42251d675da83286b1cce702)
Start importing Assets/Samples/XR Interaction Toolkit/3.2.2/Starter Assets/DemoSceneAssets/Settings/TeleportDestinationSettings.asset using Guid(8d66c9762e1587643a1164368c8a2c58) Importer(2089858483,192608db42251d675da83286b1cce702) (ScriptedImporter) -> (artifact id: '84a936d6c70ba92b9abf6c23bdfb06a4') in 0.0073235 seconds
Number of updated asset objects reloaded before import = 0Number of asset objects unloaded after import = 2

========================================================================
Received Import Request.
  Time since last request: 0.000018 seconds.
  path: Assets/Samples/XR Interaction Toolkit/3.2.2/Hands Interaction Demo/Materials/Unity_Hand_Medium.mat
  artifactKey: Guid(61d033f3a51f40647a5458ea14f3b4af) Importer(2089858483,192608db42251d675da83286b1cce702)
Start importing Assets/Samples/XR Interaction Toolkit/3.2.2/Hands Interaction Demo/Materials/Unity_Hand_Medium.mat using Guid(61d033f3a51f40647a5458ea14f3b4af) Importer(2089858483,192608db42251d675da83286b1cce702) (ScriptedImporter) -> (artifact id: '41efb3e03622a0eec8058c9ca9b13ba1') in 0.0094678 seconds
Number of updated asset objects reloaded before import = 0Number of asset objects unloaded after import = 11

========================================================================
Received Import Request.
  Time since last request: 0.000018 seconds.
  path: Assets/Castle imported/Models/Objects/CS_YellowFlower.fbx
  artifactKey: Guid(7763d6999b991994bafede10e52a0f14) Importer(2089858483,192608db42251d675da83286b1cce702)
Start importing Assets/Castle imported/Models/Objects/CS_YellowFlower.fbx using Guid(7763d6999b991994bafede10e52a0f14) Importer(2089858483,192608db42251d675da83286b1cce702) (ScriptedImporter) -> (artifact id: '0b1c444793033756905bb628b5a5cfa1') in 0.0103569 seconds
Number of updated asset objects reloaded before import = 0Number of asset objects unloaded after import = 9

========================================================================
Received Import Request.
  Time since last request: 0.000017 seconds.
  path: Assets/resources/Scripts/Deck/SelectedDeck.cs
  artifactKey: Guid(508b03a6d18df1a4ca762bd99f6a9bc2) Importer(2089858483,192608db42251d675da83286b1cce702)
Start importing Assets/resources/Scripts/Deck/SelectedDeck.cs using Guid(508b03a6d18df1a4ca762bd99f6a9bc2) Importer(2089858483,192608db42251d675da83286b1cce702) (ScriptedImporter) -> (artifact id: '591879b3c87b59dff61ef5c03daae4c8') in 0.0034981 seconds
Number of updated asset objects reloaded before import = 0Number of asset objects unloaded after import = 0

========================================================================
Received Import Request.
  Time since last request: 0.000018 seconds.
  path: Assets/_Tanks/Prefabs/Environment/Moon/PathMoon01.prefab
  artifactKey: Guid(807ff3179f1501043bee1e9ba58bb53c) Importer(2089858483,192608db42251d675da83286b1cce702)
Start importing Assets/_Tanks/Prefabs/Environment/Moon/PathMoon01.prefab using Guid(807ff3179f1501043bee1e9ba58bb53c) Importer(2089858483,192608db42251d675da83286b1cce702) (ScriptedImporter) -> (artifact id: 'a9d7f17e212deecc75a4d1efc63ecc81') in 0.0051506 seconds
Number of updated asset objects reloaded before import = 0Number of asset objects unloaded after import = 34

========================================================================
Received Import Request.
  Time since last request: 0.000028 seconds.
  path: Assets/_Tanks/Art/Models/PowerUps/MovementSpeed.FBX
  artifactKey: Guid(1edba0bd458db1f4b89951898b2738ad) Importer(2089858483,192608db42251d675da83286b1cce702)
Start importing Assets/_Tanks/Art/Models/PowerUps/MovementSpeed.FBX using Guid(1edba0bd458db1f4b89951898b2738ad) Importer(2089858483,192608db42251d675da83286b1cce702) (ScriptedImporter) -> (artifact id: '5a94fb3f54b94febdcbff3e9e1822742') in 0.0159395 seconds
Number of updated asset objects reloaded before import = 0Number of asset objects unloaded after import = 7

========================================================================
Received Import Request.
  Time since last request: 0.000014 seconds.
  path: Assets/_Tanks/Art/Models/Environment/Bush 04.FBX
  artifactKey: Guid(55ef98a4ffee7ef41bacf8215c7f45e4) Importer(2089858483,192608db42251d675da83286b1cce702)
Start importing Assets/_Tanks/Art/Models/Environment/Bush 04.FBX using Guid(55ef98a4ffee7ef41bacf8215c7f45e4) Importer(2089858483,192608db42251d675da83286b1cce702) (ScriptedImporter) -> (artifact id: '637efc662184e6ee63f133e1aff769c5') in 0.0133191 seconds
Number of updated asset objects reloaded before import = 0Number of asset objects unloaded after import = 9

========================================================================
Received Import Request.
  Time since last request: 0.000018 seconds.
  path: Assets/Samples/XR Interaction Toolkit/3.2.2/XR Device Simulator/XR Device Hand Controls.inputactions
  artifactKey: Guid(b72ab2a46d9094be38774d023beb4d34) Importer(2089858483,192608db42251d675da83286b1cce702)
Start importing Assets/Samples/XR Interaction Toolkit/3.2.2/XR Device Simulator/XR Device Hand Controls.inputactions using Guid(b72ab2a46d9094be38774d023beb4d34) Importer(2089858483,192608db42251d675da83286b1cce702) (ScriptedImporter) -> (artifact id: '40c71c23441b4ddb51c714c4b4d31869') in 0.0094742 seconds
Number of updated asset objects reloaded before import = 0Number of asset objects unloaded after import = 9

========================================================================
Received Import Request.
  Time since last request: 18.535761 seconds.
  path: Assets/resources/Yuvraj/Result.unity
  artifactKey: Guid(2820fc83c178b2a468bc4fdad49e0345) Importer(2089858483,192608db42251d675da83286b1cce702)
Start importing Assets/resources/Yuvraj/Result.unity using Guid(2820fc83c178b2a468bc4fdad49e0345) Importer(2089858483,192608db42251d675da83286b1cce702) (ScriptedImporter) -> (artifact id: 'ef2f81d2739faf6dda3c26c0c6f36ade') in 0.011652 seconds
Number of updated asset objects reloaded before import = 53Number of asset objects unloaded after import = 1

========================================================================
Received Import Request.
  Time since last request: 483.944434 seconds.
  path: Assets/resources/Prefab/Battle_HUD.prefab
  artifactKey: Guid(fae75bd34a1703e41a0af6fc5ee10610) Importer(815301076,1909f56bfc062723c751e8b465ee728b)
Start importing Assets/resources/Prefab/Battle_HUD.prefab using Guid(fae75bd34a1703e41a0af6fc5ee10610) Importer(815301076,1909f56bfc062723c751e8b465ee728b) (PreviewImporter) -> (artifact id: 'a996a9afd73040624ca72e97b82f8e43') in 0.0349091 seconds
Number of updated asset objects reloaded before import = 0Number of asset objects unloaded after import = 169

========================================================================
Received Import Request.
  Time since last request: 0.000018 seconds.
  path: Assets/resources/Prefab/EnvironmentComp.prefab
  artifactKey: Guid(c975509d035c4554fb1c1ff7f4d8ead8) Importer(815301076,1909f56bfc062723c751e8b465ee728b)
Start importing Assets/resources/Prefab/EnvironmentComp.prefab using Guid(c975509d035c4554fb1c1ff7f4d8ead8) Importer(815301076,1909f56bfc062723c751e8b465ee728b) (PreviewImporter) -> (artifact id: '469ea8fe57845eddd732bc28b78d3953') in 5.2425567 seconds
Number of updated asset objects reloaded before import = 0Number of asset objects unloaded after import = 1324

========================================================================
Received Import Request.
  Time since last request: 1732.544327 seconds.
  path: Assets/resources/UI/Archer.png
  artifactKey: Guid(ca6d1a7d1cdc8d546b0afa3e8f34ab4a) Importer(815301076,1909f56bfc062723c751e8b465ee728b)
Start importing Assets/resources/UI/Archer.png using Guid(ca6d1a7d1cdc8d546b0afa3e8f34ab4a) Importer(815301076,1909f56bfc062723c751e8b465ee728b) (PreviewImporter) -> (artifact id: 'cb075c7ca58d9949dee7d4e743b4332d') in 0.0326829 seconds
Number of updated asset objects reloaded before import = 0Number of asset objects unloaded after import = 3

========================================================================
Received Import Request.
  Time since last request: 0.000032 seconds.
  path: Assets/resources/UI/Img-ArcherButton.jpeg
  artifactKey: Guid(cad6840115df16a4bb804f83b0c2b99d) Importer(815301076,1909f56bfc062723c751e8b465ee728b)
Start importing Assets/resources/UI/Img-ArcherButton.jpeg using Guid(cad6840115df16a4bb804f83b0c2b99d) Importer(815301076,1909f56bfc062723c751e8b465ee728b) (PreviewImporter) -> (artifact id: 'f051950985ea5c865ccdaf6c7d3b9e82') in 0.037403 seconds
Number of updated asset objects reloaded before import = 0Number of asset objects unloaded after import = 3

========================================================================
Received Import Request.
  Time since last request: 0.000025 seconds.
  path: Assets/resources/UI/Game Title place (1).png
  artifactKey: Guid(16430de93106b9547baf73bf7aad33d6) Importer(815301076,1909f56bfc062723c751e8b465ee728b)
Start importing Assets/resources/UI/Game Title place (1).png using Guid(16430de93106b9547baf73bf7aad33d6) Importer(815301076,1909f56bfc062723c751e8b465ee728b) (PreviewImporter) -> (artifact id: 'cd6ff76da77ae5003ab93e3926fe1efc') in 0.0080154 seconds
Number of updated asset objects reloaded before import = 0Number of asset objects unloaded after import = 2

========================================================================
Received Import Request.
  Time since last request: 0.000038 seconds.
  path: Assets/resources/UI/Troops.png
  artifactKey: Guid(d077da19b4ba7354694079974964550a) Importer(815301076,1909f56bfc062723c751e8b465ee728b)
Start importing Assets/resources/UI/Troops.png using Guid(d077da19b4ba7354694079974964550a) Importer(815301076,1909f56bfc062723c751e8b465ee728b) (PreviewImporter) -> (artifact id: 'e4263d436eff9e25cc7a3702ac2647e5') in 0.0221544 seconds
Number of updated asset objects reloaded before import = 0Number of asset objects unloaded after import = 3

========================================================================
Received Import Request.
  Time since last request: 0.000026 seconds.
  path: Assets/resources/UI/Img-Melee.jpeg
  artifactKey: Guid(5a9f911041af4304ea6c9c0facf91bb9) Importer(815301076,1909f56bfc062723c751e8b465ee728b)
Start importing Assets/resources/UI/Img-Melee.jpeg using Guid(5a9f911041af4304ea6c9c0facf91bb9) Importer(815301076,1909f56bfc062723c751e8b465ee728b) (PreviewImporter) -> (artifact id: '920a1f085cb8531ad1ef48ea599be057') in 0.0257603 seconds
Number of updated asset objects reloaded before import = 0Number of asset objects unloaded after import = 2

========================================================================
Received Import Request.
  Time since last request: 0.000023 seconds.
  path: Assets/resources/UI/MenuBackground.png
  artifactKey: Guid(5133acc33b32fb84694ca85f50c27ee0) Importer(815301076,1909f56bfc062723c751e8b465ee728b)
Start importing Assets/resources/UI/MenuBackground.png using Guid(5133acc33b32fb84694ca85f50c27ee0) Importer(815301076,1909f56bfc062723c751e8b465ee728b) (PreviewImporter) -> (artifact id: 'ad5ced699b9aa5d3cd507407d802a55c') in 0.0170108 seconds
Number of updated asset objects reloaded before import = 0Number of asset objects unloaded after import = 3

========================================================================
Received Import Request.
  Time since last request: 0.000023 seconds.
  path: Assets/resources/UI/Health-removebg-preview.png
  artifactKey: Guid(56104db3cc2bca845b98935e433855ef) Importer(815301076,1909f56bfc062723c751e8b465ee728b)
Start importing Assets/resources/UI/Health-removebg-preview.png using Guid(56104db3cc2bca845b98935e433855ef) Importer(815301076,1909f56bfc062723c751e8b465ee728b) (PreviewImporter) -> (artifact id: 'dca36000fd598d09d543e3ff701363dc') in 0.0198019 seconds
Number of updated asset objects reloaded before import = 0Number of asset objects unloaded after import = 3

========================================================================
Received Import Request.
  Time since last request: 2.474821 seconds.
  path: Assets/resources/UI/Main Controll panel/CARD-Panel.png
  artifactKey: Guid(0558917d030052948b1deac7bca16b1f) Importer(815301076,1909f56bfc062723c751e8b465ee728b)
Start importing Assets/resources/UI/Main Controll panel/CARD-Panel.png using Guid(0558917d030052948b1deac7bca16b1f) Importer(815301076,1909f56bfc062723c751e8b465ee728b) (PreviewImporter) -> (artifact id: '4c21784fce9db34df8c83dbd2f58e4ca') in 0.055878 seconds
Number of updated asset objects reloaded before import = 0Number of asset objects unloaded after import = 3

========================================================================
Received Import Request.
  Time since last request: 0.000020 seconds.
  path: Assets/resources/UI/Main Controll panel/QUIT.png
  artifactKey: Guid(a634e6ad9037cf242aa17def51ceb4f2) Importer(815301076,1909f56bfc062723c751e8b465ee728b)
Start importing Assets/resources/UI/Main Controll panel/QUIT.png using Guid(a634e6ad9037cf242aa17def51ceb4f2) Importer(815301076,1909f56bfc062723c751e8b465ee728b) (PreviewImporter) -> (artifact id: '41304b2ff4b8777d83b29f2cfff03d77') in 0.021678 seconds
Number of updated asset objects reloaded before import = 0Number of asset objects unloaded after import = 3

