[Licensing::Module] Trying to connect to existing licensing client channel...
Built from '6000.2/respin/6000.2.7f1-2eb0c79396db' branch; Version is '6000.2.7f2 (2b518236b676) revision 2838914'; Using compiler version '194234433'; Build Type 'Release'
[Licensing::IpcConnector] Successfully connected to: "LicenseClient-user10" at "2025-12-30T06:04:00.1482753Z"
OS: 'Windows 11  (10.0.26100) 64bit Professional' Language: 'en' Physical Memory: 31865 MB
BatchMode: 1, IsHumanControllingUs: 0, StartBugReporterOnCrash: 0, Is64bit: 1
Date: 2025-12-30T06:04:00Z

COMMAND LINE ARGUMENTS:
C:\Program Files\Unity\Hub\Editor\6000.2.7f2\Editor\Unity.exe
-adb2
-batchMode
-noUpm
-name
AssetImportWorker0
-projectPath
C:/Users/user10/Desktop/Roshan Amancha 082/GithubVR/Clash-Royal-VRGame/exportedVR12
-logFile
Logs/AssetImportWorker0.log
-srvPort
51965
-licensingIpc
LicenseClient-user10
-job-worker-count
5
-background-job-worker-count
8
-gc-helper-count
1
-name
AssetImport
Successfully changed project path to: C:/Users/user10/Desktop/Roshan Amancha 082/GithubVR/Clash-Royal-VRGame/exportedVR12
C:/Users/user10/Desktop/Roshan Amancha 082/GithubVR/Clash-Royal-VRGame/exportedVR12
[UnityMemory] Configuration Parameters - Can be set up in boot.config
    "memorysetup-allocator-temp-initial-block-size-main=262144"
    "memorysetup-allocator-temp-initial-block-size-worker=262144"
    "memorysetup-bucket-allocator-granularity=16"
    "memorysetup-bucket-allocator-bucket-count=8"
    "memorysetup-bucket-allocator-block-size=33554432"
    "memorysetup-bucket-allocator-block-count=8"
    "memorysetup-main-allocator-block-size=16777216"
    "memorysetup-thread-allocator-block-size=16777216"
    "memorysetup-gfx-main-allocator-block-size=16777216"
    "memorysetup-gfx-thread-allocator-block-size=16777216"
    "memorysetup-cache-allocator-block-size=4194304"
    "memorysetup-typetree-allocator-block-size=2097152"
    "memorysetup-profiler-bucket-allocator-granularity=16"
    "memorysetup-profiler-bucket-allocator-bucket-count=8"
    "memorysetup-profiler-bucket-allocator-block-size=33554432"
    "memorysetup-profiler-bucket-allocator-block-count=8"
    "memorysetup-profiler-allocator-block-size=16777216"
    "memorysetup-profiler-editor-allocator-block-size=1048576"
    "memorysetup-temp-allocator-size-main=16777216"
    "memorysetup-job-temp-allocator-block-size=2097152"
    "memorysetup-job-temp-allocator-block-size-background=1048576"
    "memorysetup-job-temp-allocator-reduction-small-platforms=262144"
    "memorysetup-temp-allocator-size-background-worker=32768"
    "memorysetup-temp-allocator-size-job-worker=262144"
    "memorysetup-temp-allocator-size-preload-manager=33554432"
    "memorysetup-temp-allocator-size-nav-mesh-worker=65536"
    "memorysetup-temp-allocator-size-audio-worker=65536"
    "memorysetup-temp-allocator-size-cloud-worker=32768"
    "memorysetup-temp-allocator-size-gi-baking-worker=262144"
    "memorysetup-temp-allocator-size-gi-baking-worker=262144"
    "memorysetup-temp-allocator-size-gi-baking-worker=262144"
    "memorysetup-temp-allocator-size-gi-baking-worker=262144"
    "memorysetup-temp-allocator-size-gi-baking-worker=262144"
    "memorysetup-temp-allocator-size-gfx=262144"
Player connection [12360]  Target information:

Player connection [12360]  * "[IP] 192.168.0.76 [Port] 0 [Flags] 2 [Guid] 2810362878 [EditorId] 2810362878 [Version] 1048832 [Id] WindowsEditor(7,DESKTOP-AIF5K7P) [Debug] 1 [PackageName] WindowsEditor [ProjectName] Editor" 

Player connection [12360] Host joined multi-casting on [225.0.0.222:54997]...
Player connection [12360] Host joined alternative multi-casting on [225.0.0.222:34997]...
JobSystem: Creating JobQueue using job-worker-count value 5
Input System module state changed to: Initialized.
[Physics::Module] Initialized fallback backend.
[Physics::Module] Id: 0xdecafbad
[Licensing::Client] Code 10 while verifying Licensing Client signature (process Id: 11424, path: "C:/Program Files/Unity Hub/UnityLicensingClient_V1/Unity.Licensing.Client.exe")
[Licensing::Module] LicensingClient has failed validation; ignoring
[Licensing::Client] Handshaking with LicensingClient:
  Version:                 1.17.4+4293ba1
  Session Id:              09b4673dff2e40009d20eefc6f5ce9c8
  Correlation Id:          dc602dc9aa36ae887cf9bbb7a667e0f3
  External correlation Id: 2411482245792102848
  Machine Id:              7j9dtXEEMj4OZ04fmnkxtMHNaBY=
[Licensing::Module] Successfully connected to LicensingClient on channel: "LicenseClient-user10" (connect: 0.00s, validation: 0.00s, handshake: 0.03s)
[Licensing::IpcConnector] Successfully connected to: "LicenseClient-user10-notifications" at "2025-12-30T06:04:00.1812289Z"
[Licensing::Module] Licensing Background thread has ended after 0.03s
Library Redirect Path: Library/
[Physics::Module] Selected backend.
[Physics::Module] Name: PhysX
[Physics::Module] Id: 0xf2b8ea05
[Physics::Module] SDK Version: 4.1.2
[Physics::Module] Integration Version: 1.0.0
[Physics::Module] Threading Mode: Multi-Threaded
Refreshing native plugins compatible for Editor in 25.91 ms, found 17 plugins.
Unity memory allocator detected: MetaXRAudio native memory allocations will be tracked.
Preloading 2 native plugins for Editor in 2.12 ms.
Initialize engine version: 6000.2.7f2 (2b518236b676)
[Subsystems] Discovering subsystems at path C:/Program Files/Unity/Hub/Editor/6000.2.7f2/Editor/Data/Resources/UnitySubsystems
[Subsystems] Discovering subsystems at path C:/Users/user10/Desktop/Roshan Amancha 082/GithubVR/Clash-Royal-VRGame/exportedVR12/Assets
GfxDevice: creating device client; kGfxThreadingModeNonThreaded
Direct3D:
    Version:  Direct3D 11.0 [level 11.1]
    Renderer: NVIDIA GeForce RTX 3060 Ti (ID=0x2414)
    Vendor:   NVIDIA
    VRAM:     8024 MB
    Driver:   32.0.15.9144
Shader 'Meta/MRUK/Scene/HighlightsAndShadows': fallback shader 'Off' not found
Shader 'Oculus/OVRMRCameraFrameLit': fallback shader 'Alpha-Diffuse' not found
Initialize mono
Mono path[0] = 'C:/Program Files/Unity/Hub/Editor/6000.2.7f2/Editor/Data/Managed'
Mono path[1] = 'C:/Program Files/Unity/Hub/Editor/6000.2.7f2/Editor/Data/MonoBleedingEdge/lib/mono/unityjit-win32'
Mono config path = 'C:/Program Files/Unity/Hub/Editor/6000.2.7f2/Editor/Data/MonoBleedingEdge/etc'
Using monoOptions --debugger-agent=transport=dt_socket,embedding=1,server=y,suspend=n,address=127.0.0.1:56580
Begin MonoManager ReloadAssembly
Registering precompiled unity dll's ...
Register platform support module: C:/Program Files/Unity/Hub/Editor/6000.2.7f2/Editor/Data/PlaybackEngines/WindowsStandaloneSupport/UnityEditor.WindowsStandalone.Extensions.dll
[Licensing::Client] Successfully resolved entitlement details
[Licensing::Module] License group:
  Id: 13469871408863-UnityPersXXXX
  Product: Unity Personal
  Type: Assigned
  Expiration: Unlimited
Register platform support module: C:/Program Files/Unity/Hub/Editor/6000.2.7f2/Editor/Data/PlaybackEngines/AndroidPlayer/UnityEditor.Android.Extensions.dll
Registered in 0.004431 seconds.
- Loaded All Assemblies, in  0.334 seconds
Native extension for Android target not found
Android Extension - Scanning For ADB Devices 215 ms
Native extension for WindowsStandalone target not found
Mono: successfully reloaded assembly
- Finished resetting the current domain, in  0.507 seconds
Domain Reload Profiling: 839ms
	BeginReloadAssembly (101ms)
		ExecutionOrderSort (0ms)
		DisableScriptedObjects (0ms)
		BackupInstance (0ms)
		ReleaseScriptingObjects (0ms)
		CreateAndSetChildDomain (1ms)
	RebuildCommonClasses (29ms)
	RebuildNativeTypeToScriptingClass (15ms)
	initialDomainReloadingComplete (53ms)
	LoadAllAssembliesAndSetupDomain (133ms)
		LoadAssemblies (99ms)
		RebuildTransferFunctionScriptingTraits (0ms)
		AnalyzeDomain (130ms)
			TypeCache.Refresh (129ms)
				TypeCache.ScanAssembly (118ms)
			BuildScriptInfoCaches (0ms)
			ResolveRequiredComponents (0ms)
	FinalizeReload (507ms)
		ReleaseScriptCaches (0ms)
		RebuildScriptCaches (0ms)
		SetupLoadedEditorAssemblies (478ms)
			LogAssemblyErrors (0ms)
			InitializePlatformSupportModulesInManaged (285ms)
			SetLoadedEditorAssemblies (3ms)
			BeforeProcessingInitializeOnLoad (53ms)
			ProcessInitializeOnLoadAttributes (94ms)
			ProcessInitializeOnLoadMethodAttributes (44ms)
			AfterProcessingInitializeOnLoad (0ms)
			EditorAssembliesLoaded (0ms)
		ExecutionOrderSort2 (0ms)
		AwakeInstancesAfterBackupRestoration (0ms)
========================================================================
Worker process is ready to serve import requests
Import Worker Mode flag is 0x00
Begin MonoManager ReloadAssembly
[Licensing::Client] Successfully resolved entitlement details
Symbol file LoadedFromMemory is not a mono symbol file
- Loaded All Assemblies, in  0.870 seconds
Script 'CharacterController' has the same name as built-in Unity component.
AddComponent and GetComponent will not work with this script.
'Packages/com.meta.xr.sdk.core/Editor/BuildingBlocks/BlocksWindow.cs' contains partial class of Unity.Object, exactly 1 of the partial classes needs to be in a file with the same filename. This is to know the one that can be referenced from ie. GameObjects
'Packages/com.meta.xr.sdk.core/Editor/BuildingBlocks/BlocksWindowDetailsExtension.cs' contains partial class of Unity.Object, exactly 1 of the partial classes needs to be in a file with the same filename. This is to know the one that can be referenced from ie. GameObjects
'Packages/com.meta.xr.sdk.core/Editor/BuildingBlocks/BlocksWindowCollectionsPageExtension.cs' contains partial class of Unity.Object, exactly 1 of the partial classes needs to be in a file with the same filename. This is to know the one that can be referenced from ie. GameObjects
Refreshing native plugins compatible for Editor in 10.88 ms, found 17 plugins.
Native extension for Android target not found
Native extension for WindowsStandalone target not found
✔ Editor Prefs cleaned.
UnityEngine.Debug:ExtractStackTraceNoAlloc (byte*,int,string)
UnityEngine.StackTraceUtility:ExtractStackTrace ()
UnityEngine.DebugLogHandler:Internal_Log (UnityEngine.LogType,UnityEngine.LogOption,string,UnityEngine.Object)
UnityEngine.DebugLogHandler:LogFormat (UnityEngine.LogType,UnityEngine.Object,string,object[])
UnityEngine.Logger:Log (UnityEngine.LogType,object)
UnityEngine.Debug:Log (object)
ClearUnityEditorPrefs:.cctor () (at C:/Users/user10/Desktop/Roshan Amancha 082/Zip Files/exportedVR12/Assets/Editor/ClearMetaGuidePrefs.cs:11)
System.Runtime.CompilerServices.RuntimeHelpers:RunClassConstructor (System.RuntimeTypeHandle)
UnityEditor.EditorAssemblies:ProcessInitializeOnLoadAttributes (System.Type[])

(Filename: C:/Users/user10/Desktop/Roshan Amancha 082/Zip Files/exportedVR12/Assets/Editor/ClearMetaGuidePrefs.cs Line: 11)

Package Manager log level set to [2]
[Package Manager] Failed to launch server process. Reason: Unity was launched with the -noUpm command-line argument
[Package Manager] Unable to send message (not connected to server process).
[Package Manager] Cannot connect to Unity Package Manager local server
Refreshing native plugins compatible for Editor in 9.74 ms, found 17 plugins.
[Package Manager] Failed to launch server process. Reason: Unity was launched with the -noUpm command-line argument
[Package Manager] Unable to send message (not connected to server process).
[Package Manager] Cannot connect to Unity Package Manager local server
[Package Manager] Failed to launch server process. Reason: Unity was launched with the -noUpm command-line argument
[Package Manager] Unable to send message (not connected to server process).
[Package Manager] Cannot connect to Unity Package Manager local server
Mono: successfully reloaded assembly
[Package Manager] Failed to launch server process. Reason: Unity was launched with the -noUpm command-line argument
[Package Manager] Unable to send message (not connected to server process).
[Package Manager] Cannot connect to Unity Package Manager local server
[Package Manager] Failed to launch server process. Reason: Unity was launched with the -noUpm command-line argument
[Package Manager] Unable to send message (not connected to server process).
[Package Manager] Cannot connect to Unity Package Manager local server
- Finished resetting the current domain, in  1.182 seconds
Domain Reload Profiling: 2045ms
	BeginReloadAssembly (162ms)
		ExecutionOrderSort (0ms)
		DisableScriptedObjects (4ms)
		BackupInstance (0ms)
		ReleaseScriptingObjects (0ms)
		CreateAndSetChildDomain (32ms)
	RebuildCommonClasses (34ms)
	RebuildNativeTypeToScriptingClass (11ms)
	initialDomainReloadingComplete (36ms)
	LoadAllAssembliesAndSetupDomain (619ms)
		LoadAssemblies (380ms)
		RebuildTransferFunctionScriptingTraits (0ms)
		AnalyzeDomain (328ms)
			TypeCache.Refresh (222ms)
				TypeCache.ScanAssembly (203ms)
			BuildScriptInfoCaches (84ms)
			ResolveRequiredComponents (17ms)
	FinalizeReload (1183ms)
		ReleaseScriptCaches (0ms)
		RebuildScriptCaches (0ms)
		SetupLoadedEditorAssemblies (995ms)
			LogAssemblyErrors (0ms)
			InitializePlatformSupportModulesInManaged (8ms)
			SetLoadedEditorAssemblies (5ms)
			BeforeProcessingInitializeOnLoad (161ms)
			ProcessInitializeOnLoadAttributes (694ms)
			ProcessInitializeOnLoadMethodAttributes (123ms)
			AfterProcessingInitializeOnLoad (4ms)
			EditorAssembliesLoaded (0ms)
		ExecutionOrderSort2 (0ms)
		AwakeInstancesAfterBackupRestoration (5ms)
Shader 'Meta/MRUK/Scene/HighlightsAndShadows': fallback shader 'Off' not found
Shader 'Oculus/OVRMRCameraFrameLit': fallback shader 'Alpha-Diffuse' not found
Launched and connected shader compiler UnityShaderCompiler.exe after 0.01 seconds
Refreshing native plugins compatible for Editor in 10.34 ms, found 17 plugins.
Preloading 2 native plugins for Editor in 0.09 ms.
Unloading 16 Unused Serialized files (Serialized files now loaded: 0)
Unloading 9821 unused Assets / (6.8 MB). Loaded Objects now: 10593.
Memory consumption went from 179.1 MB to 172.4 MB.
Total: 17.079800 ms (FindLiveObjects: 1.100200 ms CreateObjectMapping: 1.425600 ms MarkObjects: 9.576600 ms  DeleteObjects: 4.975900 ms)

========================================================================
Received Import Request.
  Time since last request: 526153.184927 seconds.
  path: Assets/resources/UI/Tank.png
  artifactKey: Guid(4f2fed7814aa5354599f70c9dc38a589) Importer(2089858483,192608db42251d675da83286b1cce702)
Start importing Assets/resources/UI/Tank.png using Guid(4f2fed7814aa5354599f70c9dc38a589) Importer(2089858483,192608db42251d675da83286b1cce702) (ScriptedImporter) -> (artifact id: '8486cd5813b1290c5f50ce95fb5d71a2') in 0.3319839 seconds
Number of updated asset objects reloaded before import = 0Number of asset objects unloaded after import = 3

========================================================================
Received Import Request.
  Time since last request: 0.000020 seconds.
  path: Assets/TextMesh Pro/Shaders/TMP_SDF Overlay.shader
  artifactKey: Guid(dd89cf5b9246416f84610a006f916af7) Importer(2089858483,192608db42251d675da83286b1cce702)
Start importing Assets/TextMesh Pro/Shaders/TMP_SDF Overlay.shader using Guid(dd89cf5b9246416f84610a006f916af7) Importer(2089858483,192608db42251d675da83286b1cce702) (ScriptedImporter) -> (artifact id: 'b73dd5b1cef6e1fd0836ff7a78aa4ec2') in 0.0078712 seconds
Number of updated asset objects reloaded before import = 0Number of asset objects unloaded after import = 1

========================================================================
Received Import Request.
  Time since last request: 0.000026 seconds.
  path: Assets/resources/Scenes/Victory.unity
  artifactKey: Guid(6ed3be4eed7d63c4797b98548250269e) Importer(2089858483,192608db42251d675da83286b1cce702)
Start importing Assets/resources/Scenes/Victory.unity using Guid(6ed3be4eed7d63c4797b98548250269e) Importer(2089858483,192608db42251d675da83286b1cce702) (ScriptedImporter) -> (artifact id: '125fd99efae02960ba7d132214b5febe') in 0.0039567 seconds
Number of updated asset objects reloaded before import = 0Number of asset objects unloaded after import = 1

========================================================================
Received Import Request.
  Time since last request: 0.000016 seconds.
  path: Assets/TextMesh Pro/Shaders/TMP_SDF-Mobile.shader
  artifactKey: Guid(fe393ace9b354375a9cb14cdbbc28be4) Importer(2089858483,192608db42251d675da83286b1cce702)
Start importing Assets/TextMesh Pro/Shaders/TMP_SDF-Mobile.shader using Guid(fe393ace9b354375a9cb14cdbbc28be4) Importer(2089858483,192608db42251d675da83286b1cce702) (ScriptedImporter) -> (artifact id: 'a3a8fe65e921926ed7274bcdf196cd1e') in 0.0041842 seconds
Number of updated asset objects reloaded before import = 0Number of asset objects unloaded after import = 1

========================================================================
Received Import Request.
  Time since last request: 0.000014 seconds.
  path: Assets/resources/MetaXRAudioSettings.asset
  artifactKey: Guid(56c9f937b38444449b2c20f828891d0c) Importer(2089858483,192608db42251d675da83286b1cce702)
Start importing Assets/resources/MetaXRAudioSettings.asset using Guid(56c9f937b38444449b2c20f828891d0c) Importer(2089858483,192608db42251d675da83286b1cce702) (ScriptedImporter) -> (artifact id: 'a939b63c2770dfc06e6b3fd160ad9d3f') in 0.0139239 seconds
Number of updated asset objects reloaded before import = 0Number of asset objects unloaded after import = 1

========================================================================
Received Import Request.
  Time since last request: 0.000019 seconds.
  path: Assets/TextMesh Pro/Shaders/TMP_SDF-Mobile SSD.shader
  artifactKey: Guid(c8d12adcee749c344b8117cf7c7eb912) Importer(2089858483,192608db42251d675da83286b1cce702)
Start importing Assets/TextMesh Pro/Shaders/TMP_SDF-Mobile SSD.shader using Guid(c8d12adcee749c344b8117cf7c7eb912) Importer(2089858483,192608db42251d675da83286b1cce702) (ScriptedImporter) -> (artifact id: '609a270d8929efd4247d9b8bd48ed764') in 0.0054257 seconds
Number of updated asset objects reloaded before import = 0Number of asset objects unloaded after import = 1

========================================================================
Received Import Request.
  Time since last request: 0.000018 seconds.
  path: Assets/TextMesh Pro/Resources/LineBreaking Following Characters.txt
  artifactKey: Guid(fade42e8bc714b018fac513c043d323b) Importer(2089858483,192608db42251d675da83286b1cce702)
Start importing Assets/TextMesh Pro/Resources/LineBreaking Following Characters.txt using Guid(fade42e8bc714b018fac513c043d323b) Importer(2089858483,192608db42251d675da83286b1cce702) (ScriptedImporter) -> (artifact id: '957f6e7ad563c9f16d37cda759ba61a6') in 0.0038159 seconds
Number of updated asset objects reloaded before import = 0Number of asset objects unloaded after import = 1

========================================================================
Received Import Request.
  Time since last request: 0.000018 seconds.
  path: Assets/Settings/PC_RPAsset.asset
  artifactKey: Guid(4b83569d67af61e458304325a23e5dfd) Importer(2089858483,192608db42251d675da83286b1cce702)
Start importing Assets/Settings/PC_RPAsset.asset using Guid(4b83569d67af61e458304325a23e5dfd) Importer(2089858483,192608db42251d675da83286b1cce702) (ScriptedImporter) -> (artifact id: '395fe118d33e0b795e0954ec47c672d3') in 0.0412192 seconds
Number of updated asset objects reloaded before import = 0Number of asset objects unloaded after import = 1

========================================================================
Received Import Request.
  Time since last request: 0.000024 seconds.
  path: Assets/resources/Prefab/LevelLoader.prefab
  artifactKey: Guid(22408e1c64f8aba4dbaa5425b96da27c) Importer(2089858483,192608db42251d675da83286b1cce702)
Start importing Assets/resources/Prefab/LevelLoader.prefab using Guid(22408e1c64f8aba4dbaa5425b96da27c) Importer(2089858483,192608db42251d675da83286b1cce702) (ScriptedImporter) -> (artifact id: '95cdcf6572be08794accc8db4c5acdc5') in 0.0147976 seconds
Number of updated asset objects reloaded before import = 0Number of asset objects unloaded after import = 16

========================================================================
Received Import Request.
  Time since last request: 0.000013 seconds.
  path: Assets/resources/UI/Img-ArcherButton.jpeg
  artifactKey: Guid(cad6840115df16a4bb804f83b0c2b99d) Importer(2089858483,192608db42251d675da83286b1cce702)
Start importing Assets/resources/UI/Img-ArcherButton.jpeg using Guid(cad6840115df16a4bb804f83b0c2b99d) Importer(2089858483,192608db42251d675da83286b1cce702) (ScriptedImporter) -> (artifact id: '3d3bf89cc247619cf5f506f50f1b9b5a') in 0.0091273 seconds
Number of updated asset objects reloaded before import = 0Number of asset objects unloaded after import = 3

========================================================================
Received Import Request.
  Time since last request: 0.000017 seconds.
  path: Assets/TextMesh Pro/Shaders/TMP_Bitmap-Mobile.shader
  artifactKey: Guid(1e3b057af24249748ff873be7fafee47) Importer(2089858483,192608db42251d675da83286b1cce702)
Start importing Assets/TextMesh Pro/Shaders/TMP_Bitmap-Mobile.shader using Guid(1e3b057af24249748ff873be7fafee47) Importer(2089858483,192608db42251d675da83286b1cce702) (ScriptedImporter) -> (artifact id: '66d1f783f6eb45d51824e677e57f68a5') in 0.0043575 seconds
Number of updated asset objects reloaded before import = 0Number of asset objects unloaded after import = 1

========================================================================
Received Import Request.
  Time since last request: 0.000016 seconds.
  path: Assets/Oculus/OculusProjectConfig.asset
  artifactKey: Guid(7f5ff36ab83c4fc4f9278f9a93d6d8c8) Importer(2089858483,192608db42251d675da83286b1cce702)
Start importing Assets/Oculus/OculusProjectConfig.asset using Guid(7f5ff36ab83c4fc4f9278f9a93d6d8c8) Importer(2089858483,192608db42251d675da83286b1cce702) (ScriptedImporter) -> (artifact id: '9e5c429d228bdb53ce322cf3550d2d9a') in 0.0126013 seconds
Number of updated asset objects reloaded before import = 0Number of asset objects unloaded after import = 1

========================================================================
Received Import Request.
  Time since last request: 0.000014 seconds.
  path: Assets/Oculus/OculusProjectSetupSettings.asset
  artifactKey: Guid(39e764a0f180628439c4cd8a4e043ed6) Importer(2089858483,192608db42251d675da83286b1cce702)
Start importing Assets/Oculus/OculusProjectSetupSettings.asset using Guid(39e764a0f180628439c4cd8a4e043ed6) Importer(2089858483,192608db42251d675da83286b1cce702) (ScriptedImporter) -> (artifact id: '8293b82ddfa954b25a08cd5da24627c4') in 0.005058 seconds
Number of updated asset objects reloaded before import = 0Number of asset objects unloaded after import = 1

========================================================================
Received Import Request.
  Time since last request: 0.000017 seconds.
  path: Assets/XR/Settings/OpenXR Editor Settings.asset
  artifactKey: Guid(6b2ba51a3af97ae41a42b653560f0437) Importer(2089858483,192608db42251d675da83286b1cce702)
Start importing Assets/XR/Settings/OpenXR Editor Settings.asset using Guid(6b2ba51a3af97ae41a42b653560f0437) Importer(2089858483,192608db42251d675da83286b1cce702) (ScriptedImporter) -> (artifact id: '8e3c8d76630b927e989f43fc1bf40992') in 0.0058494 seconds
Number of updated asset objects reloaded before import = 0Number of asset objects unloaded after import = 1

========================================================================
Received Import Request.
  Time since last request: 0.000041 seconds.
  path: Assets/TextMesh Pro/Shaders/TMP_SDF-Surface.shader
  artifactKey: Guid(f7ada0af4f174f0694ca6a487b8f543d) Importer(2089858483,192608db42251d675da83286b1cce702)
Start importing Assets/TextMesh Pro/Shaders/TMP_SDF-Surface.shader using Guid(f7ada0af4f174f0694ca6a487b8f543d) Importer(2089858483,192608db42251d675da83286b1cce702) (ScriptedImporter) -> (artifact id: 'ac1402514b55eef229d7e37fb8801bc3') in 0.004785 seconds
Number of updated asset objects reloaded before import = 0Number of asset objects unloaded after import = 1

========================================================================
Received Import Request.
  Time since last request: 0.000016 seconds.
  path: Assets/resources/Scenes/Result.unity
  artifactKey: Guid(963e9cf3ef889944b86f12f713991165) Importer(2089858483,192608db42251d675da83286b1cce702)
Start importing Assets/resources/Scenes/Result.unity using Guid(963e9cf3ef889944b86f12f713991165) Importer(2089858483,192608db42251d675da83286b1cce702) (ScriptedImporter) -> (artifact id: 'cf46074be31b233340f1df74013401ac') in 0.0111241 seconds
Number of updated asset objects reloaded before import = 0Number of asset objects unloaded after import = 1

========================================================================
Received Import Request.
  Time since last request: 0.000016 seconds.
  path: Assets/Editor/ClearMetaGuidePrefs.cs
  artifactKey: Guid(5a28374c3274f4242b01e55bfe9fa70f) Importer(2089858483,192608db42251d675da83286b1cce702)
Start importing Assets/Editor/ClearMetaGuidePrefs.cs using Guid(5a28374c3274f4242b01e55bfe9fa70f) Importer(2089858483,192608db42251d675da83286b1cce702) (ScriptedImporter) -> (artifact id: '653346783ebde627574837d6fe11de2f') in 0.0036594 seconds
Number of updated asset objects reloaded before import = 0Number of asset objects unloaded after import = 0

========================================================================
Received Import Request.
  Time since last request: 0.000013 seconds.
  path: Assets/TextMesh Pro/Shaders/TMP_SDF.shader
  artifactKey: Guid(68e6db2ebdc24f95958faec2be5558d6) Importer(2089858483,192608db42251d675da83286b1cce702)
Start importing Assets/TextMesh Pro/Shaders/TMP_SDF.shader using Guid(68e6db2ebdc24f95958faec2be5558d6) Importer(2089858483,192608db42251d675da83286b1cce702) (ScriptedImporter) -> (artifact id: 'dd51c823081f68b9f6a859613ef00dc7') in 0.0040819 seconds
Number of updated asset objects reloaded before import = 0Number of asset objects unloaded after import = 1

========================================================================
Received Import Request.
  Time since last request: 0.000017 seconds.
  path: Assets/TextMesh Pro/Shaders/TMP_SDF-Surface-Mobile.shader
  artifactKey: Guid(85187c2149c549c5b33f0cdb02836b17) Importer(2089858483,192608db42251d675da83286b1cce702)
Start importing Assets/TextMesh Pro/Shaders/TMP_SDF-Surface-Mobile.shader using Guid(85187c2149c549c5b33f0cdb02836b17) Importer(2089858483,192608db42251d675da83286b1cce702) (ScriptedImporter) -> (artifact id: '998068ebc0723ff1eca4cee34a809766') in 0.0077262 seconds
Number of updated asset objects reloaded before import = 0Number of asset objects unloaded after import = 1

========================================================================
Received Import Request.
  Time since last request: 0.000017 seconds.
  path: Assets/resources/TankData.asset
  artifactKey: Guid(c6b87280f56d6c9488503b4f3684c93e) Importer(2089858483,192608db42251d675da83286b1cce702)
Start importing Assets/resources/TankData.asset using Guid(c6b87280f56d6c9488503b4f3684c93e) Importer(2089858483,192608db42251d675da83286b1cce702) (ScriptedImporter) -> (artifact id: '2b80e2b52731ba35e885a5887f184d3d') in 0.0136395 seconds
Number of updated asset objects reloaded before import = 0Number of asset objects unloaded after import = 49

========================================================================
Received Import Request.
  Time since last request: 0.000019 seconds.
  path: Assets/resources/MetaXRAcousticSettings.asset
  artifactKey: Guid(783436b91866b324fb38050e5d94ee8a) Importer(2089858483,192608db42251d675da83286b1cce702)
Start importing Assets/resources/MetaXRAcousticSettings.asset using Guid(783436b91866b324fb38050e5d94ee8a) Importer(2089858483,192608db42251d675da83286b1cce702) (ScriptedImporter) -> (artifact id: '14052cca03eba4b55558aaf1a657237c') in 0.0060116 seconds
Number of updated asset objects reloaded before import = 0Number of asset objects unloaded after import = 1

========================================================================
Received Import Request.
  Time since last request: 0.000026 seconds.
  path: Assets/TextMesh Pro/Shaders/TMPro_Mobile.cginc
  artifactKey: Guid(c334973cef89a9840b0b0c507e0377ab) Importer(2089858483,192608db42251d675da83286b1cce702)
Start importing Assets/TextMesh Pro/Shaders/TMPro_Mobile.cginc using Guid(c334973cef89a9840b0b0c507e0377ab) Importer(2089858483,192608db42251d675da83286b1cce702) (ScriptedImporter) -> (artifact id: '2a7a80b77ecdeaa0464ecf3091d3172d') in 0.0037051 seconds
Number of updated asset objects reloaded before import = 0Number of asset objects unloaded after import = 1

========================================================================
Received Import Request.
  Time since last request: 0.000015 seconds.
  path: Assets/TextMesh Pro/Sprites/EmojiOne.json
  artifactKey: Guid(8f05276190cf498a8153f6cbe761d4e6) Importer(2089858483,192608db42251d675da83286b1cce702)
Start importing Assets/TextMesh Pro/Sprites/EmojiOne.json using Guid(8f05276190cf498a8153f6cbe761d4e6) Importer(2089858483,192608db42251d675da83286b1cce702) (ScriptedImporter) -> (artifact id: 'cfc9d6765ae6b08dde2f7a979ce4f59f') in 0.003413 seconds
Number of updated asset objects reloaded before import = 0Number of asset objects unloaded after import = 1

========================================================================
Received Import Request.
  Time since last request: 0.000016 seconds.
  path: Assets/Castle imported/Material/ShowCaseGrass.mat
  artifactKey: Guid(ed324aeac5236734eb99adbbe5924063) Importer(2089858483,192608db42251d675da83286b1cce702)
Start importing Assets/Castle imported/Material/ShowCaseGrass.mat using Guid(ed324aeac5236734eb99adbbe5924063) Importer(2089858483,192608db42251d675da83286b1cce702) (ScriptedImporter) -> (artifact id: 'e1ce44f9897c7738ff6b949dded090bb') in 0.0154401 seconds
Number of updated asset objects reloaded before import = 0Number of asset objects unloaded after import = 1

========================================================================
Received Import Request.
  Time since last request: 0.000016 seconds.
  path: Assets/resources/UI/MenuBackground.png
  artifactKey: Guid(5133acc33b32fb84694ca85f50c27ee0) Importer(2089858483,192608db42251d675da83286b1cce702)
Start importing Assets/resources/UI/MenuBackground.png using Guid(5133acc33b32fb84694ca85f50c27ee0) Importer(2089858483,192608db42251d675da83286b1cce702) (ScriptedImporter) -> (artifact id: 'bcd2228c8a864b5bb9fca6771d6d0667') in 0.0115175 seconds
Number of updated asset objects reloaded before import = 0Number of asset objects unloaded after import = 3

========================================================================
Received Import Request.
  Time since last request: 0.000017 seconds.
  path: Assets/resources/Material/Black.mat
  artifactKey: Guid(7ad7b956517cb75418163eaa2868e712) Importer(2089858483,192608db42251d675da83286b1cce702)
Start importing Assets/resources/Material/Black.mat using Guid(7ad7b956517cb75418163eaa2868e712) Importer(2089858483,192608db42251d675da83286b1cce702) (ScriptedImporter) -> (artifact id: '2a7752d274c4823482147d864821b23d') in 0.0115375 seconds
Number of updated asset objects reloaded before import = 0Number of asset objects unloaded after import = 1

========================================================================
Received Import Request.
  Time since last request: 0.000015 seconds.
  path: Assets/TextMesh Pro/Shaders/SDFFunctions.hlsl
  artifactKey: Guid(96de908384869cd409c75efa351d5edf) Importer(2089858483,192608db42251d675da83286b1cce702)
Start importing Assets/TextMesh Pro/Shaders/SDFFunctions.hlsl using Guid(96de908384869cd409c75efa351d5edf) Importer(2089858483,192608db42251d675da83286b1cce702) (ScriptedImporter) -> (artifact id: '41a188c0f45929d726570da4044871fa') in 0.0271945 seconds
Number of updated asset objects reloaded before import = 0Number of asset objects unloaded after import = 1

========================================================================
Received Import Request.
  Time since last request: 0.000026 seconds.
  path: Assets/resources/Prefab/Card_Prefab.prefab
  artifactKey: Guid(1a4cb745b939e5849bef627c163cf628) Importer(2089858483,192608db42251d675da83286b1cce702)
Start importing Assets/resources/Prefab/Card_Prefab.prefab using Guid(1a4cb745b939e5849bef627c163cf628) Importer(2089858483,192608db42251d675da83286b1cce702) (ScriptedImporter) -> (artifact id: '0bf2d14b7ae5ac6f87347970ede53dea') in 0.0672099 seconds
Number of updated asset objects reloaded before import = 0Number of asset objects unloaded after import = 28

========================================================================
Received Import Request.
  Time since last request: 0.000015 seconds.
  path: Assets/Plugins/AssetUsageDetector/Editor/VariableGetter.cs
  artifactKey: Guid(9e94c83e8b850514ca0217aeff1491a6) Importer(2089858483,192608db42251d675da83286b1cce702)
Start importing Assets/Plugins/AssetUsageDetector/Editor/VariableGetter.cs using Guid(9e94c83e8b850514ca0217aeff1491a6) Importer(2089858483,192608db42251d675da83286b1cce702) (ScriptedImporter) -> (artifact id: '54f6d64c2a1cddc9bdf8937999040b79') in 0.0040895 seconds
Number of updated asset objects reloaded before import = 0Number of asset objects unloaded after import = 0

========================================================================
Received Import Request.
  Time since last request: 0.000013 seconds.
  path: Assets/Castle imported/Models/Objects/CS_GrassPatch.fbx
  artifactKey: Guid(1e91d841b3b6a1b4098f4f581da7b2b3) Importer(2089858483,192608db42251d675da83286b1cce702)
Start importing Assets/Castle imported/Models/Objects/CS_GrassPatch.fbx using Guid(1e91d841b3b6a1b4098f4f581da7b2b3) Importer(2089858483,192608db42251d675da83286b1cce702) (ScriptedImporter) -> (artifact id: '3e3a1f7eeedd05f3cf95ee253e33d8b0') in 0.0453769 seconds
Number of updated asset objects reloaded before import = 0Number of asset objects unloaded after import = 9

========================================================================
Received Import Request.
  Time since last request: 0.000021 seconds.
  path: Assets/Castle imported/Prefab/RoadConstructor/CS_Road_square Variant.prefab
  artifactKey: Guid(429c822777da7c546bb411e19f0704da) Importer(2089858483,192608db42251d675da83286b1cce702)
Start importing Assets/Castle imported/Prefab/RoadConstructor/CS_Road_square Variant.prefab using Guid(429c822777da7c546bb411e19f0704da) Importer(2089858483,192608db42251d675da83286b1cce702) (ScriptedImporter) -> (artifact id: 'e96e1bede8c77d5ab2a52fdb6ea355c2') in 0.0083651 seconds
Number of updated asset objects reloaded before import = 0Number of asset objects unloaded after import = 14

========================================================================
Received Import Request.
  Time since last request: 0.000029 seconds.
  path: Assets/Plugins/AssetUsageDetector/Editor/Utilities.cs
  artifactKey: Guid(52b272b7591fb90499916205261524e0) Importer(2089858483,192608db42251d675da83286b1cce702)
Start importing Assets/Plugins/AssetUsageDetector/Editor/Utilities.cs using Guid(52b272b7591fb90499916205261524e0) Importer(2089858483,192608db42251d675da83286b1cce702) (ScriptedImporter) -> (artifact id: 'facb0537a90b39b99af3ca74143db753') in 0.0041971 seconds
Number of updated asset objects reloaded before import = 0Number of asset objects unloaded after import = 0

========================================================================
Received Import Request.
  Time since last request: 0.000021 seconds.
  path: Assets/Castle imported/Prefab/Objects/CS_RedFlower Variant.prefab
  artifactKey: Guid(5fde7e0ab46d1614ebcbdf792e21ce09) Importer(2089858483,192608db42251d675da83286b1cce702)
Start importing Assets/Castle imported/Prefab/Objects/CS_RedFlower Variant.prefab using Guid(5fde7e0ab46d1614ebcbdf792e21ce09) Importer(2089858483,192608db42251d675da83286b1cce702) (ScriptedImporter) -> (artifact id: '2324cf277d69779547f5d68844a011e2') in 0.0084436 seconds
Number of updated asset objects reloaded before import = 0Number of asset objects unloaded after import = 14

========================================================================
Received Import Request.
  Time since last request: 0.000017 seconds.
  path: Assets/Plugins/AssetUsageDetector/Editor/SearchRefactoring.cs
  artifactKey: Guid(3d15ef8bd8f7c7c4e8d228c99713b7eb) Importer(2089858483,192608db42251d675da83286b1cce702)
Start importing Assets/Plugins/AssetUsageDetector/Editor/SearchRefactoring.cs using Guid(3d15ef8bd8f7c7c4e8d228c99713b7eb) Importer(2089858483,192608db42251d675da83286b1cce702) (ScriptedImporter) -> (artifact id: 'ca9f2df2bacebf79cbb92109b4eb74ec') in 0.003566 seconds
Number of updated asset objects reloaded before import = 0Number of asset objects unloaded after import = 0

========================================================================
Received Import Request.
  Time since last request: 0.000013 seconds.
  path: Assets/Castle imported/Models/Objects/CS_Fountain.fbx
  artifactKey: Guid(8428a40f00760ca4390979054d6c5e02) Importer(2089858483,192608db42251d675da83286b1cce702)
Start importing Assets/Castle imported/Models/Objects/CS_Fountain.fbx using Guid(8428a40f00760ca4390979054d6c5e02) Importer(2089858483,192608db42251d675da83286b1cce702) (ScriptedImporter) -> (artifact id: '71b8b52a06fbb9761aa5c8bdb7e3185c') in 0.0102012 seconds
Number of updated asset objects reloaded before import = 0Number of asset objects unloaded after import = 9

========================================================================
Received Import Request.
  Time since last request: 0.000014 seconds.
  path: Assets/resources/Prefab/troops/PlayerTroopC.prefab
  artifactKey: Guid(95b7878d59cb7664b847406a805e12ba) Importer(2089858483,192608db42251d675da83286b1cce702)
Start importing Assets/resources/Prefab/troops/PlayerTroopC.prefab using Guid(95b7878d59cb7664b847406a805e12ba) Importer(2089858483,192608db42251d675da83286b1cce702) (ScriptedImporter) -> (artifact id: 'f40b52dd075a789592e2b58bf2966854') in 0.0110439 seconds
Number of updated asset objects reloaded before import = 0Number of asset objects unloaded after import = 48

========================================================================
Received Import Request.
  Time since last request: 0.000017 seconds.
  path: Assets/LowlyPoly/Stylized Grass Texture/Materials/Vol_42_1_Base_Color.mat
  artifactKey: Guid(8c045ee6f8267564eb3d90a3e5d7dab9) Importer(2089858483,192608db42251d675da83286b1cce702)
Start importing Assets/LowlyPoly/Stylized Grass Texture/Materials/Vol_42_1_Base_Color.mat using Guid(8c045ee6f8267564eb3d90a3e5d7dab9) Importer(2089858483,192608db42251d675da83286b1cce702) (ScriptedImporter) -> (artifact id: '87e7bd70e0ca71efcbe67633f455cb49') in 0.0065494 seconds
Number of updated asset objects reloaded before import = 0Number of asset objects unloaded after import = 2

========================================================================
Received Import Request.
  Time since last request: 0.000027 seconds.
  path: Assets/Plugins/AssetUsageDetector/Editor/AssetUsageDetectorSearchFunctions.cs
  artifactKey: Guid(93aaae685d4c3db44baeb91a0296855e) Importer(2089858483,192608db42251d675da83286b1cce702)
Start importing Assets/Plugins/AssetUsageDetector/Editor/AssetUsageDetectorSearchFunctions.cs using Guid(93aaae685d4c3db44baeb91a0296855e) Importer(2089858483,192608db42251d675da83286b1cce702) (ScriptedImporter) -> (artifact id: '0d5153286ebe2c8b2b8f790d8be512f5') in 0.0038396 seconds
Number of updated asset objects reloaded before import = 0Number of asset objects unloaded after import = 0

========================================================================
Received Import Request.
  Time since last request: 0.000016 seconds.
  path: Assets/Plugins/AssetUsageDetector/Editor/ListDrawer.cs
  artifactKey: Guid(88a4a4e861026b2498a437ce1e12b054) Importer(2089858483,192608db42251d675da83286b1cce702)
Start importing Assets/Plugins/AssetUsageDetector/Editor/ListDrawer.cs using Guid(88a4a4e861026b2498a437ce1e12b054) Importer(2089858483,192608db42251d675da83286b1cce702) (ScriptedImporter) -> (artifact id: 'cc6f5b0b786b8de85bd7bf3859b4f9fb') in 0.0036756 seconds
Number of updated asset objects reloaded before import = 0Number of asset objects unloaded after import = 0

========================================================================
Received Import Request.
  Time since last request: 0.000017 seconds.
  path: Assets/Plugins/AssetUsageDetector/Editor/AssetUsageDetector.cs
  artifactKey: Guid(2c0dea52dcdb16e4e9b13f8dacc1590f) Importer(2089858483,192608db42251d675da83286b1cce702)
Start importing Assets/Plugins/AssetUsageDetector/Editor/AssetUsageDetector.cs using Guid(2c0dea52dcdb16e4e9b13f8dacc1590f) Importer(2089858483,192608db42251d675da83286b1cce702) (ScriptedImporter) -> (artifact id: 'c990ec1609355155ab9639f7fb08f919') in 0.0039896 seconds
Number of updated asset objects reloaded before import = 0Number of asset objects unloaded after import = 0

========================================================================
Received Import Request.
  Time since last request: 0.000019 seconds.
  path: Assets/LowlyPoly/Stylized Grass Texture/Textures/Vol_42_1_Normal.png
  artifactKey: Guid(9e91cd5bde426714d9f0ef165f143d7c) Importer(2089858483,192608db42251d675da83286b1cce702)
Start importing Assets/LowlyPoly/Stylized Grass Texture/Textures/Vol_42_1_Normal.png using Guid(9e91cd5bde426714d9f0ef165f143d7c) Importer(2089858483,192608db42251d675da83286b1cce702) (ScriptedImporter) -> (artifact id: '55408ff9ccef570e1fef084e70711487') in 0.0174837 seconds
Number of updated asset objects reloaded before import = 0Number of asset objects unloaded after import = 1

========================================================================
Received Import Request.
  Time since last request: 0.000021 seconds.
  path: Assets/Castle imported/Prefab/Objects/CS_Tree Variant.prefab
  artifactKey: Guid(1524e5f41144e22418f0c1b72be84974) Importer(2089858483,192608db42251d675da83286b1cce702)
Start importing Assets/Castle imported/Prefab/Objects/CS_Tree Variant.prefab using Guid(1524e5f41144e22418f0c1b72be84974) Importer(2089858483,192608db42251d675da83286b1cce702) (ScriptedImporter) -> (artifact id: '626488148707b6f2a94bffd69d977901') in 0.0111295 seconds
Number of updated asset objects reloaded before import = 0Number of asset objects unloaded after import = 14

========================================================================
Received Import Request.
  Time since last request: 0.000015 seconds.
  path: Assets/Castle imported/Prefab/Objects/CS_Fountain Variant.prefab
  artifactKey: Guid(5471d065044113c4b99d883eb0e99145) Importer(2089858483,192608db42251d675da83286b1cce702)
Start importing Assets/Castle imported/Prefab/Objects/CS_Fountain Variant.prefab using Guid(5471d065044113c4b99d883eb0e99145) Importer(2089858483,192608db42251d675da83286b1cce702) (ScriptedImporter) -> (artifact id: '94bf73d22a520d346b51f0db9353b8fc') in 0.0071703 seconds
Number of updated asset objects reloaded before import = 0Number of asset objects unloaded after import = 14

========================================================================
Received Import Request.
  Time since last request: 0.000025 seconds.
  path: Assets/resources/Scenes/final 1/NavMesh-Plane.asset
  artifactKey: Guid(b1b8e5d908f92d642b0c38698a2f95c6) Importer(2089858483,192608db42251d675da83286b1cce702)
Start importing Assets/resources/Scenes/final 1/NavMesh-Plane.asset using Guid(b1b8e5d908f92d642b0c38698a2f95c6) Importer(2089858483,192608db42251d675da83286b1cce702) (ScriptedImporter) -> (artifact id: '289e21d6d9498c06a8eb8d7c5a1c25ad') in 0.0049645 seconds
Number of updated asset objects reloaded before import = 0Number of asset objects unloaded after import = 1

========================================================================
Received Import Request.
  Time since last request: 0.000013 seconds.
  path: Assets/resources/UI/Health-removebg-preview.png
  artifactKey: Guid(56104db3cc2bca845b98935e433855ef) Importer(2089858483,192608db42251d675da83286b1cce702)
Start importing Assets/resources/UI/Health-removebg-preview.png using Guid(56104db3cc2bca845b98935e433855ef) Importer(2089858483,192608db42251d675da83286b1cce702) (ScriptedImporter) -> (artifact id: 'e7978fe6f408024b8bb7a75311ac0c23') in 0.0088896 seconds
Number of updated asset objects reloaded before import = 0Number of asset objects unloaded after import = 3

========================================================================
Received Import Request.
  Time since last request: 0.000019 seconds.
  path: Assets/resources/Scenes/final 1.unity
  artifactKey: Guid(0ce1785ec2e0b484099b59738fdcc19f) Importer(2089858483,192608db42251d675da83286b1cce702)
Start importing Assets/resources/Scenes/final 1.unity using Guid(0ce1785ec2e0b484099b59738fdcc19f) Importer(2089858483,192608db42251d675da83286b1cce702) (ScriptedImporter) -> (artifact id: 'a55e9fd7e475a2ede56b59b0c7d50f74') in 0.0129452 seconds
Number of updated asset objects reloaded before import = 0Number of asset objects unloaded after import = 1

========================================================================
Received Import Request.
  Time since last request: 0.000019 seconds.
  path: Assets/Castle imported/Prefab/Objects/CS_Blue_Block Variant.prefab
  artifactKey: Guid(3b0c8bd87bb870947b3353a993525734) Importer(2089858483,192608db42251d675da83286b1cce702)
Start importing Assets/Castle imported/Prefab/Objects/CS_Blue_Block Variant.prefab using Guid(3b0c8bd87bb870947b3353a993525734) Importer(2089858483,192608db42251d675da83286b1cce702) (ScriptedImporter) -> (artifact id: 'b234973b8b97eb6405cade8f9ab82b0b') in 0.0066002 seconds
Number of updated asset objects reloaded before import = 0Number of asset objects unloaded after import = 14

========================================================================
Received Import Request.
  Time since last request: 0.000049 seconds.
  path: Assets/TextMesh Pro/Shaders/TMPro_Surface.cginc
  artifactKey: Guid(d930090c0cd643c7b55f19a38538c162) Importer(2089858483,192608db42251d675da83286b1cce702)
Start importing Assets/TextMesh Pro/Shaders/TMPro_Surface.cginc using Guid(d930090c0cd643c7b55f19a38538c162) Importer(2089858483,192608db42251d675da83286b1cce702) (ScriptedImporter) -> (artifact id: 'bd107a4595a40ce57bc640dd09be9295') in 0.0062116 seconds
Number of updated asset objects reloaded before import = 0Number of asset objects unloaded after import = 1

========================================================================
Received Import Request.
  Time since last request: 0.000035 seconds.
  path: Assets/resources/UI/ButtonImages/ButtonBG2 1.png
  artifactKey: Guid(2218b75adc60f6f439fc1b4de797a697) Importer(2089858483,192608db42251d675da83286b1cce702)
Start importing Assets/resources/UI/ButtonImages/ButtonBG2 1.png using Guid(2218b75adc60f6f439fc1b4de797a697) Importer(2089858483,192608db42251d675da83286b1cce702) (ScriptedImporter) -> (artifact id: 'b555dd9aa34495eccf31ca1d1d9e9dba') in 0.0117136 seconds
Number of updated asset objects reloaded before import = 0Number of asset objects unloaded after import = 3

========================================================================
Received Import Request.
  Time since last request: 0.000019 seconds.
  path: Assets/resources/UI/ButtonImages/MainMenu.png
  artifactKey: Guid(8110c4d6e7d0f594dabdca184ae6da21) Importer(2089858483,192608db42251d675da83286b1cce702)
Start importing Assets/resources/UI/ButtonImages/MainMenu.png using Guid(8110c4d6e7d0f594dabdca184ae6da21) Importer(2089858483,192608db42251d675da83286b1cce702) (ScriptedImporter) -> (artifact id: 'ea7cbd0a852e3be06620a5d4b876ae86') in 0.0097946 seconds
Number of updated asset objects reloaded before import = 0Number of asset objects unloaded after import = 1

========================================================================
Received Import Request.
  Time since last request: 0.000021 seconds.
  path: Assets/resources/Scripts/GamePlay/AudioManager.cs
  artifactKey: Guid(595c2c861167aa74f867b2a7543f4d91) Importer(2089858483,192608db42251d675da83286b1cce702)
Start importing Assets/resources/Scripts/GamePlay/AudioManager.cs using Guid(595c2c861167aa74f867b2a7543f4d91) Importer(2089858483,192608db42251d675da83286b1cce702) (ScriptedImporter) -> (artifact id: '48192a75e276f86d5813c2ee69fbaef9') in 0.0080533 seconds
Number of updated asset objects reloaded before import = 0Number of asset objects unloaded after import = 0

========================================================================
Received Import Request.
  Time since last request: 0.000021 seconds.
  path: Assets/TextMesh Pro/Resources/Style Sheets/Default Style Sheet.asset
  artifactKey: Guid(f952c082cb03451daed3ee968ac6c63e) Importer(2089858483,192608db42251d675da83286b1cce702)
Start importing Assets/TextMesh Pro/Resources/Style Sheets/Default Style Sheet.asset using Guid(f952c082cb03451daed3ee968ac6c63e) Importer(2089858483,192608db42251d675da83286b1cce702) (ScriptedImporter) -> (artifact id: '4998af678dbdcf5492b5d50679f5de3d') in 0.0063071 seconds
Number of updated asset objects reloaded before import = 0Number of asset objects unloaded after import = 1

========================================================================
Received Import Request.
  Time since last request: 0.000019 seconds.
  path: Assets/TextMesh Pro/Resources/Fonts & Materials/LiberationSans SDF.asset
  artifactKey: Guid(8f586378b4e144a9851e7b34d9b748ee) Importer(2089858483,192608db42251d675da83286b1cce702)
Start importing Assets/TextMesh Pro/Resources/Fonts & Materials/LiberationSans SDF.asset using Guid(8f586378b4e144a9851e7b34d9b748ee) Importer(2089858483,192608db42251d675da83286b1cce702) (ScriptedImporter) -> (artifact id: 'f0d56c1b3ed551743a39e14917c722e3') in 0.0466743 seconds
Number of updated asset objects reloaded before import = 0Number of asset objects unloaded after import = 8

========================================================================
Received Import Request.
  Time since last request: 0.000030 seconds.
  path: Assets/resources/Scripts/UI/VRButtonFeedback.cs
  artifactKey: Guid(339819b6f525a384f8fa999e2dcba7c3) Importer(2089858483,192608db42251d675da83286b1cce702)
Start importing Assets/resources/Scripts/UI/VRButtonFeedback.cs using Guid(339819b6f525a384f8fa999e2dcba7c3) Importer(2089858483,192608db42251d675da83286b1cce702) (ScriptedImporter) -> (artifact id: '4c6796ced261b5e296d19d9c50c120a6') in 0.0041768 seconds
Number of updated asset objects reloaded before import = 0Number of asset objects unloaded after import = 0

========================================================================
Received Import Request.
  Time since last request: 0.000020 seconds.
  path: Assets/resources/UI/Main Controll panel/BG.png
  artifactKey: Guid(f733524a1f164454190aeb54f24a4822) Importer(2089858483,192608db42251d675da83286b1cce702)
Start importing Assets/resources/UI/Main Controll panel/BG.png using Guid(f733524a1f164454190aeb54f24a4822) Importer(2089858483,192608db42251d675da83286b1cce702) (ScriptedImporter) -> (artifact id: 'e79f99b6753420b55a10cf82f6037e81') in 0.027197 seconds
Number of updated asset objects reloaded before import = 0Number of asset objects unloaded after import = 3

========================================================================
Received Import Request.
  Time since last request: 0.000020 seconds.
  path: Assets/resources/Scripts/Managers/GameManagerVR.cs
  artifactKey: Guid(61f24fc2b11c9de49be6cf29d8f689c8) Importer(2089858483,192608db42251d675da83286b1cce702)
Start importing Assets/resources/Scripts/Managers/GameManagerVR.cs using Guid(61f24fc2b11c9de49be6cf29d8f689c8) Importer(2089858483,192608db42251d675da83286b1cce702) (ScriptedImporter) -> (artifact id: 'fcedc4a6002d5a7d1b6e0e531a474444') in 0.0044398 seconds
Number of updated asset objects reloaded before import = 0Number of asset objects unloaded after import = 0

========================================================================
Received Import Request.
  Time since last request: 0.000019 seconds.
  path: Assets/resources/Scripts/UI/HealthBar.cs
  artifactKey: Guid(b11bc165cfb89a44a82d4d92410b24b5) Importer(2089858483,192608db42251d675da83286b1cce702)
Start importing Assets/resources/Scripts/UI/HealthBar.cs using Guid(b11bc165cfb89a44a82d4d92410b24b5) Importer(2089858483,192608db42251d675da83286b1cce702) (ScriptedImporter) -> (artifact id: 'c7dff76133fb448ff0f73be28180b9e6') in 0.0043975 seconds
Number of updated asset objects reloaded before import = 0Number of asset objects unloaded after import = 0

========================================================================
Received Import Request.
  Time since last request: 0.000016 seconds.
  path: Assets/resources/UI/ButtonImages/Tank.png
  artifactKey: Guid(21360715cc9f7574c800454f0ce478b4) Importer(2089858483,192608db42251d675da83286b1cce702)
Start importing Assets/resources/UI/ButtonImages/Tank.png using Guid(21360715cc9f7574c800454f0ce478b4) Importer(2089858483,192608db42251d675da83286b1cce702) (ScriptedImporter) -> (artifact id: '254ef8060b30b7827b579ca0babf18ed') in 0.0088542 seconds
Number of updated asset objects reloaded before import = 0Number of asset objects unloaded after import = 1

========================================================================
Received Import Request.
  Time since last request: 0.000032 seconds.
  path: Assets/resources/Scripts/Managers/SceneLoader.cs
  artifactKey: Guid(d9073df77acf36e45801cb2352007c66) Importer(2089858483,192608db42251d675da83286b1cce702)
Start importing Assets/resources/Scripts/Managers/SceneLoader.cs using Guid(d9073df77acf36e45801cb2352007c66) Importer(2089858483,192608db42251d675da83286b1cce702) (ScriptedImporter) -> (artifact id: '70e745cba54e38396512a453672c6952') in 0.0039833 seconds
Number of updated asset objects reloaded before import = 0Number of asset objects unloaded after import = 0

========================================================================
Received Import Request.
  Time since last request: 0.000019 seconds.
  path: Assets/resources/Scripts/GamePlay/EnemySpawnerVR.cs
  artifactKey: Guid(b4d722d0fef1bbe43875490ed5097a9f) Importer(2089858483,192608db42251d675da83286b1cce702)
Start importing Assets/resources/Scripts/GamePlay/EnemySpawnerVR.cs using Guid(b4d722d0fef1bbe43875490ed5097a9f) Importer(2089858483,192608db42251d675da83286b1cce702) (ScriptedImporter) -> (artifact id: '2cb9524ee6eaca0572e863ea68da321c') in 0.0037184 seconds
Number of updated asset objects reloaded before import = 0Number of asset objects unloaded after import = 0

========================================================================
Received Import Request.
  Time since last request: 0.000021 seconds.
  path: Assets/TextMesh Pro/Resources/Sprite Assets/MixedIndexTest.asset
  artifactKey: Guid(8a731a09451cba54096a9002cd9b9be5) Importer(2089858483,192608db42251d675da83286b1cce702)
Start importing Assets/TextMesh Pro/Resources/Sprite Assets/MixedIndexTest.asset using Guid(8a731a09451cba54096a9002cd9b9be5) Importer(2089858483,192608db42251d675da83286b1cce702) (ScriptedImporter) -> (artifact id: '8813e4fb3c4cc90e8d78f8ac344a9061') in 0.016583 seconds
Number of updated asset objects reloaded before import = 0Number of asset objects unloaded after import = 208

========================================================================
Received Import Request.
  Time since last request: 0.000018 seconds.
  path: Assets/resources/Scenes/Title/NavMesh-Teleportation Area.asset
  artifactKey: Guid(ed207eeb6e919424088cbcb20818cf0c) Importer(2089858483,192608db42251d675da83286b1cce702)
Start importing Assets/resources/Scenes/Title/NavMesh-Teleportation Area.asset using Guid(ed207eeb6e919424088cbcb20818cf0c) Importer(2089858483,192608db42251d675da83286b1cce702) (ScriptedImporter) -> (artifact id: '943904083b2b72858d496c724a55bce3') in 0.0053746 seconds
Number of updated asset objects reloaded before import = 0Number of asset objects unloaded after import = 1

========================================================================
Received Import Request.
  Time since last request: 0.000016 seconds.
  path: Assets/resources/Scripts/Base/HealthBar.cs
  artifactKey: Guid(2e3720b0160eeb943a9e757986013fb5) Importer(2089858483,192608db42251d675da83286b1cce702)
Start importing Assets/resources/Scripts/Base/HealthBar.cs using Guid(2e3720b0160eeb943a9e757986013fb5) Importer(2089858483,192608db42251d675da83286b1cce702) (ScriptedImporter) -> (artifact id: 'adcc9054facbd0fbf8d2c235e8d03346') in 0.004461 seconds
Number of updated asset objects reloaded before import = 0Number of asset objects unloaded after import = 0

========================================================================
Received Import Request.
  Time since last request: 0.000017 seconds.
  path: Assets/_Tanks/Art/Textures/SandPattern.png
  artifactKey: Guid(ff06329081b6029438386e5c3c49248a) Importer(2089858483,192608db42251d675da83286b1cce702)
Start importing Assets/_Tanks/Art/Textures/SandPattern.png using Guid(ff06329081b6029438386e5c3c49248a) Importer(2089858483,192608db42251d675da83286b1cce702) (ScriptedImporter) -> (artifact id: '26fd3cd6ccd30cd6ce5db11dc64cdd4f') in 0.0108982 seconds
Number of updated asset objects reloaded before import = 0Number of asset objects unloaded after import = 1

========================================================================
Received Import Request.
  Time since last request: 0.000028 seconds.
  path: Assets/_Tanks/Audio/SFX/PickupPowerUp.wav
  artifactKey: Guid(9c3f923d9d0e6ac45b94846fce0e3420) Importer(2089858483,192608db42251d675da83286b1cce702)
Start importing Assets/_Tanks/Audio/SFX/PickupPowerUp.wav using Guid(9c3f923d9d0e6ac45b94846fce0e3420) Importer(2089858483,192608db42251d675da83286b1cce702) (ScriptedImporter) -> (artifact id: 'e4c2c3602fd708f337d584a171e26a33') in 0.0242291 seconds
Number of updated asset objects reloaded before import = 0Number of asset objects unloaded after import = 1

========================================================================
Received Import Request.
  Time since last request: 0.000017 seconds.
  path: Assets/_Tanks/Art/Sprites/Aim Arrow_Purple.png
  artifactKey: Guid(a7f795a5044b947aa81a57a339319526) Importer(2089858483,192608db42251d675da83286b1cce702)
Start importing Assets/_Tanks/Art/Sprites/Aim Arrow_Purple.png using Guid(a7f795a5044b947aa81a57a339319526) Importer(2089858483,192608db42251d675da83286b1cce702) (ScriptedImporter) -> (artifact id: 'c0a3b417596514221dcf3be063ebcf17') in 0.0102907 seconds
Number of updated asset objects reloaded before import = 0Number of asset objects unloaded after import = 3

========================================================================
Received Import Request.
  Time since last request: 0.000018 seconds.
  path: Assets/_Tanks/Audio/SFX/ShotCharging.wav
  artifactKey: Guid(c17f124fcdc0f5446a72f793898bd74b) Importer(2089858483,192608db42251d675da83286b1cce702)
Start importing Assets/_Tanks/Audio/SFX/ShotCharging.wav using Guid(c17f124fcdc0f5446a72f793898bd74b) Importer(2089858483,192608db42251d675da83286b1cce702) (ScriptedImporter) -> (artifact id: '2d19245c9b0b377f8c40137043f7ec6e') in 0.0250808 seconds
Number of updated asset objects reloaded before import = 0Number of asset objects unloaded after import = 1

========================================================================
Received Import Request.
  Time since last request: 0.000018 seconds.
  path: Assets/_Tanks/Art/Sprites/Aim Arrow_Red.png
  artifactKey: Guid(48fcaefda3f60410aac1f3b904885b45) Importer(2089858483,192608db42251d675da83286b1cce702)
Start importing Assets/_Tanks/Art/Sprites/Aim Arrow_Red.png using Guid(48fcaefda3f60410aac1f3b904885b45) Importer(2089858483,192608db42251d675da83286b1cce702) (ScriptedImporter) -> (artifact id: '87ea0c030fbe3a05e706d41481744114') in 0.0104099 seconds
Number of updated asset objects reloaded before import = 0Number of asset objects unloaded after import = 3

========================================================================
Received Import Request.
  Time since last request: 0.000023 seconds.
  path: Assets/_Tanks/Prefabs/PowerUps/DamageReduction.prefab
  artifactKey: Guid(9ad06fe863d692e4a969198bd2130e8c) Importer(2089858483,192608db42251d675da83286b1cce702)
Start importing Assets/_Tanks/Prefabs/PowerUps/DamageReduction.prefab using Guid(9ad06fe863d692e4a969198bd2130e8c) Importer(2089858483,192608db42251d675da83286b1cce702) (ScriptedImporter) -> (artifact id: 'b7f65e2d0b3eb992d738ebf5ff8f3241') in 0.0184483 seconds
Number of updated asset objects reloaded before import = 0Number of asset objects unloaded after import = 48

========================================================================
Received Import Request.
  Time since last request: 0.000026 seconds.
  path: Assets/_Tanks/Art/Textures/Moon Crator.png
  artifactKey: Guid(32b62a38c02601448bceb9f690c85b86) Importer(2089858483,192608db42251d675da83286b1cce702)
Start importing Assets/_Tanks/Art/Textures/Moon Crator.png using Guid(32b62a38c02601448bceb9f690c85b86) Importer(2089858483,192608db42251d675da83286b1cce702) (ScriptedImporter) -> (artifact id: 'e52cee71595cd0bff44e5f4391787215') in 0.0152795 seconds
Number of updated asset objects reloaded before import = 0Number of asset objects unloaded after import = 1

========================================================================
Received Import Request.
  Time since last request: 0.000017 seconds.
  path: Assets/_Tanks/Art/Textures/JungleMud.png
  artifactKey: Guid(c940bcb4535ef564b9bb578f44bea17e) Importer(2089858483,192608db42251d675da83286b1cce702)
Start importing Assets/_Tanks/Art/Textures/JungleMud.png using Guid(c940bcb4535ef564b9bb578f44bea17e) Importer(2089858483,192608db42251d675da83286b1cce702) (ScriptedImporter) -> (artifact id: '1cc5103d2e0ff56dd25c05050586b7a9') in 0.0168233 seconds
Number of updated asset objects reloaded before import = 0Number of asset objects unloaded after import = 1

========================================================================
Received Import Request.
  Time since last request: 0.000014 seconds.
  path: Assets/_Tanks/Prefabs/Explosives/CompleteShellExplosion.prefab
  artifactKey: Guid(537afde59eeba4c82897def1dccfba0a) Importer(2089858483,192608db42251d675da83286b1cce702)
Start importing Assets/_Tanks/Prefabs/Explosives/CompleteShellExplosion.prefab using Guid(537afde59eeba4c82897def1dccfba0a) Importer(2089858483,192608db42251d675da83286b1cce702) (ScriptedImporter) -> (artifact id: '16deb653fe0f32e103718d913749a1cc') in 0.1428897 seconds
Number of updated asset objects reloaded before import = 0Number of asset objects unloaded after import = 17

========================================================================
Received Import Request.
  Time since last request: 0.000020 seconds.
  path: Assets/_Tanks/Art/Textures/rock Moon.png
  artifactKey: Guid(6dedbcf515678b44786a4e3cee1acc6c) Importer(2089858483,192608db42251d675da83286b1cce702)
Start importing Assets/_Tanks/Art/Textures/rock Moon.png using Guid(6dedbcf515678b44786a4e3cee1acc6c) Importer(2089858483,192608db42251d675da83286b1cce702) (ScriptedImporter) -> (artifact id: '52f0b478700f7ad0093324a5a47b2148') in 0.009431 seconds
Number of updated asset objects reloaded before import = 0Number of asset objects unloaded after import = 1

========================================================================
Received Import Request.
  Time since last request: 0.000030 seconds.
  path: Assets/_Tanks/Prefabs/PowerUps/Cone.prefab
  artifactKey: Guid(7e82cb9dc4b578e4ca07396975f35a43) Importer(2089858483,192608db42251d675da83286b1cce702)
Start importing Assets/_Tanks/Prefabs/PowerUps/Cone.prefab using Guid(7e82cb9dc4b578e4ca07396975f35a43) Importer(2089858483,192608db42251d675da83286b1cce702) (ScriptedImporter) -> (artifact id: 'da2aaabb94dcf5461c8c02a1a7721f4d') in 0.0057523 seconds
Number of updated asset objects reloaded before import = 0Number of asset objects unloaded after import = 26

========================================================================
Received Import Request.
  Time since last request: 0.000021 seconds.
  path: Assets/_Tanks/Art/Sprites/Aim Arrow_Green.png
  artifactKey: Guid(ebf654de1e2c74bbfb0f4993dc27fefb) Importer(2089858483,192608db42251d675da83286b1cce702)
Start importing Assets/_Tanks/Art/Sprites/Aim Arrow_Green.png using Guid(ebf654de1e2c74bbfb0f4993dc27fefb) Importer(2089858483,192608db42251d675da83286b1cce702) (ScriptedImporter) -> (artifact id: '69c7e99ae19edcad20516ebd195b1844') in 0.0331754 seconds
Number of updated asset objects reloaded before import = 0Number of asset objects unloaded after import = 3

========================================================================
Received Import Request.
  Time since last request: 0.000018 seconds.
  path: Assets/_Tanks/Art/Textures/Gradient.png
  artifactKey: Guid(0636ba10686aa3148b65403abf22cc3d) Importer(2089858483,192608db42251d675da83286b1cce702)
Start importing Assets/_Tanks/Art/Textures/Gradient.png using Guid(0636ba10686aa3148b65403abf22cc3d) Importer(2089858483,192608db42251d675da83286b1cce702) (ScriptedImporter) -> (artifact id: 'ff2c6738507b4d5fef09e427dd6e5fb3') in 0.0116272 seconds
Number of updated asset objects reloaded before import = 0Number of asset objects unloaded after import = 1

========================================================================
Received Import Request.
  Time since last request: 0.000012 seconds.
  path: Assets/_Tanks/Prefabs/PowerUps/EnhancedShooting.prefab
  artifactKey: Guid(fc7b7f2ea1b8e2949a71217d6d42bbfb) Importer(2089858483,192608db42251d675da83286b1cce702)
Start importing Assets/_Tanks/Prefabs/PowerUps/EnhancedShooting.prefab using Guid(fc7b7f2ea1b8e2949a71217d6d42bbfb) Importer(2089858483,192608db42251d675da83286b1cce702) (ScriptedImporter) -> (artifact id: 'e9d1240dec43cfc7ec00540a9ba0c21f') in 0.0155519 seconds
Number of updated asset objects reloaded before import = 0Number of asset objects unloaded after import = 27

========================================================================
Received Import Request.
  Time since last request: 0.000022 seconds.
  path: Assets/_Tanks/Scripts/Editor/PowerUpEditor.cs
  artifactKey: Guid(cba466e3de1054446b5035c4461bcabb) Importer(2089858483,192608db42251d675da83286b1cce702)
Start importing Assets/_Tanks/Scripts/Editor/PowerUpEditor.cs using Guid(cba466e3de1054446b5035c4461bcabb) Importer(2089858483,192608db42251d675da83286b1cce702) (ScriptedImporter) -> (artifact id: 'bfc2af8cb51f592abfc9e762202bbc91') in 0.004305 seconds
Number of updated asset objects reloaded before import = 0Number of asset objects unloaded after import = 0

========================================================================
Received Import Request.
  Time since last request: 0.000026 seconds.
  path: Assets/_Tanks/Prefabs/PowerUps/Healing.prefab
  artifactKey: Guid(21916af07e754774baa508caf181a2c2) Importer(2089858483,192608db42251d675da83286b1cce702)
Start importing Assets/_Tanks/Prefabs/PowerUps/Healing.prefab using Guid(21916af07e754774baa508caf181a2c2) Importer(2089858483,192608db42251d675da83286b1cce702) (ScriptedImporter) -> (artifact id: '78a51eaf3500ff2437b47ae7942b7b00') in 0.0120585 seconds
Number of updated asset objects reloaded before import = 0Number of asset objects unloaded after import = 39

========================================================================
Received Import Request.
  Time since last request: 0.000023 seconds.
  path: Assets/_Tanks/Scripts/Tank/TankInputUser.cs
  artifactKey: Guid(9ebdf30e74a0c65478e737ea47a6b433) Importer(2089858483,192608db42251d675da83286b1cce702)
Start importing Assets/_Tanks/Scripts/Tank/TankInputUser.cs using Guid(9ebdf30e74a0c65478e737ea47a6b433) Importer(2089858483,192608db42251d675da83286b1cce702) (ScriptedImporter) -> (artifact id: 'a2d0dcc1124d7bbd3ba1b4abfa64379c') in 0.0042882 seconds
Number of updated asset objects reloaded before import = 0Number of asset objects unloaded after import = 0

========================================================================
Received Import Request.
  Time since last request: 0.000019 seconds.
  path: Assets/_Tanks/Scripts/Camera/CameraControl.cs
  artifactKey: Guid(a9e26b621854da943aeca10c9a73880c) Importer(2089858483,192608db42251d675da83286b1cce702)
Start importing Assets/_Tanks/Scripts/Camera/CameraControl.cs using Guid(a9e26b621854da943aeca10c9a73880c) Importer(2089858483,192608db42251d675da83286b1cce702) (ScriptedImporter) -> (artifact id: '88eab68e69e46538443ee10bb424bb7e') in 0.0045887 seconds
Number of updated asset objects reloaded before import = 0Number of asset objects unloaded after import = 0

========================================================================
Received Import Request.
  Time since last request: 0.000016 seconds.
  path: Assets/_Tanks/Prefabs/PowerUps/PowerUpSpawner.prefab
  artifactKey: Guid(5b268cad32d016747980e87b864177bf) Importer(2089858483,192608db42251d675da83286b1cce702)
Start importing Assets/_Tanks/Prefabs/PowerUps/PowerUpSpawner.prefab using Guid(5b268cad32d016747980e87b864177bf) Importer(2089858483,192608db42251d675da83286b1cce702) (ScriptedImporter) -> (artifact id: '3e75c85d928d2c22896a9e6665731597') in 0.0058592 seconds
Number of updated asset objects reloaded before import = 0Number of asset objects unloaded after import = 5

========================================================================
Received Import Request.
  Time since last request: 0.000021 seconds.
  path: Assets/_Tanks/Scripts/PowerUp/PowerUpFX.cs
  artifactKey: Guid(03cb4b6dfdc37f248aad8e592d509422) Importer(2089858483,192608db42251d675da83286b1cce702)
Start importing Assets/_Tanks/Scripts/PowerUp/PowerUpFX.cs using Guid(03cb4b6dfdc37f248aad8e592d509422) Importer(2089858483,192608db42251d675da83286b1cce702) (ScriptedImporter) -> (artifact id: '445c773f853c727f694e7f8b1144f077') in 0.0048547 seconds
Number of updated asset objects reloaded before import = 0Number of asset objects unloaded after import = 0

========================================================================
Received Import Request.
  Time since last request: 0.000024 seconds.
  path: Assets/_Tanks/Prefabs/UI/HealthSlider.prefab
  artifactKey: Guid(1d30ac653c80f4afeba76b72f7111a7f) Importer(2089858483,192608db42251d675da83286b1cce702)
Start importing Assets/_Tanks/Prefabs/UI/HealthSlider.prefab using Guid(1d30ac653c80f4afeba76b72f7111a7f) Importer(2089858483,192608db42251d675da83286b1cce702) (ScriptedImporter) -> (artifact id: 'ba17c44c199c1e25c2371661d4c8e27d') in 0.0249407 seconds
Number of updated asset objects reloaded before import = 0Number of asset objects unloaded after import = 16

========================================================================
Received Import Request.
  Time since last request: 0.000019 seconds.
  path: Assets/_Tanks/Scripts/UI/StartMenuSlot.cs
  artifactKey: Guid(729af9c0cfd6ec84197245dbf4b0f1e1) Importer(2089858483,192608db42251d675da83286b1cce702)
Start importing Assets/_Tanks/Scripts/UI/StartMenuSlot.cs using Guid(729af9c0cfd6ec84197245dbf4b0f1e1) Importer(2089858483,192608db42251d675da83286b1cce702) (ScriptedImporter) -> (artifact id: 'b6beb083f4ae6481f1ae0b8b34ed9ead') in 0.0051784 seconds
Number of updated asset objects reloaded before import = 0Number of asset objects unloaded after import = 0

========================================================================
Received Import Request.
  Time since last request: 0.000018 seconds.
  path: Assets/_Tanks/Scripts/Managers/TankManager.cs
  artifactKey: Guid(edb8cdb8b19a50648b1ef1fb26a74db4) Importer(2089858483,192608db42251d675da83286b1cce702)
Start importing Assets/_Tanks/Scripts/Managers/TankManager.cs using Guid(edb8cdb8b19a50648b1ef1fb26a74db4) Importer(2089858483,192608db42251d675da83286b1cce702) (ScriptedImporter) -> (artifact id: '6952eeb638050845cb5fbb7d0851a124') in 0.0042476 seconds
Number of updated asset objects reloaded before import = 0Number of asset objects unloaded after import = 0

========================================================================
Received Import Request.
  Time since last request: 0.000015 seconds.
  path: Assets/_Tanks/Prefabs/Explosives/CompleteShell.prefab
  artifactKey: Guid(008ecb1b70bec724fa2cd34255b0d8f8) Importer(2089858483,192608db42251d675da83286b1cce702)
Start importing Assets/_Tanks/Prefabs/Explosives/CompleteShell.prefab using Guid(008ecb1b70bec724fa2cd34255b0d8f8) Importer(2089858483,192608db42251d675da83286b1cce702) (ScriptedImporter) -> (artifact id: '7513de5d871d69a04916fee7d050158d') in 0.0413447 seconds
Number of updated asset objects reloaded before import = 0Number of asset objects unloaded after import = 26

========================================================================
Received Import Request.
  Time since last request: 0.000026 seconds.
  path: Assets/_Tanks/Scripts/PowerUp/PowerUp.cs
  artifactKey: Guid(b8e2506db19762a4bb229b6473091302) Importer(2089858483,192608db42251d675da83286b1cce702)
Start importing Assets/_Tanks/Scripts/PowerUp/PowerUp.cs using Guid(b8e2506db19762a4bb229b6473091302) Importer(2089858483,192608db42251d675da83286b1cce702) (ScriptedImporter) -> (artifact id: '83972a285af0ef650c2be32065908bc0') in 0.0049556 seconds
Number of updated asset objects reloaded before import = 0Number of asset objects unloaded after import = 0

========================================================================
Received Import Request.
  Time since last request: 0.000028 seconds.
  path: Assets/_Tanks/Audio/Music/Music_Western.ogg
  artifactKey: Guid(32be629fd9aa74da38fbf2835fc9de50) Importer(2089858483,192608db42251d675da83286b1cce702)
Start importing Assets/_Tanks/Audio/Music/Music_Western.ogg using Guid(32be629fd9aa74da38fbf2835fc9de50) Importer(2089858483,192608db42251d675da83286b1cce702) (ScriptedImporter) -> (artifact id: 'aedbf420793f5cb7025782958ea52d9a') in 0.022143 seconds
Number of updated asset objects reloaded before import = 0Number of asset objects unloaded after import = 1

========================================================================
Received Import Request.
  Time since last request: 0.000016 seconds.
  path: Assets/resources/MetaXRAcousticMaterialMapping.asset
  artifactKey: Guid(7779293cd9d29294c849ecf025a84812) Importer(2089858483,192608db42251d675da83286b1cce702)
Start importing Assets/resources/MetaXRAcousticMaterialMapping.asset using Guid(7779293cd9d29294c849ecf025a84812) Importer(2089858483,192608db42251d675da83286b1cce702) (ScriptedImporter) -> (artifact id: 'd2fc50b29d24f035f8895fd098bf1188') in 0.005496 seconds
Number of updated asset objects reloaded before import = 0Number of asset objects unloaded after import = 1

========================================================================
Received Import Request.
  Time since last request: 0.000016 seconds.
  path: Assets/resources/UI/Troops.png
  artifactKey: Guid(d077da19b4ba7354694079974964550a) Importer(2089858483,192608db42251d675da83286b1cce702)
Start importing Assets/resources/UI/Troops.png using Guid(d077da19b4ba7354694079974964550a) Importer(2089858483,192608db42251d675da83286b1cce702) (ScriptedImporter) -> (artifact id: '4b7ec7943bf3b8f0af39a388ee76d6e5') in 0.0101266 seconds
Number of updated asset objects reloaded before import = 0Number of asset objects unloaded after import = 3

========================================================================
Received Import Request.
  Time since last request: 0.000016 seconds.
  path: Assets/Castle imported/Models/Castles/SmallCastle/CS_Small_Castle_Stage01.fbx
  artifactKey: Guid(aee4daf4ee90331409ff98778ce747c8) Importer(2089858483,192608db42251d675da83286b1cce702)
Start importing Assets/Castle imported/Models/Castles/SmallCastle/CS_Small_Castle_Stage01.fbx using Guid(aee4daf4ee90331409ff98778ce747c8) Importer(2089858483,192608db42251d675da83286b1cce702) (ScriptedImporter) -> (artifact id: '7af5ee611f36280de268dbe2c9d638d5') in 0.017186 seconds
Number of updated asset objects reloaded before import = 0Number of asset objects unloaded after import = 9

========================================================================
Received Import Request.
  Time since last request: 0.000022 seconds.
  path: Assets/_Tanks/Settings/Profiles/UniversalRenderPipelineGlobalSettings.asset
  artifactKey: Guid(cf07407bc0775514ea197ad3de8be003) Importer(2089858483,192608db42251d675da83286b1cce702)
Start importing Assets/_Tanks/Settings/Profiles/UniversalRenderPipelineGlobalSettings.asset using Guid(cf07407bc0775514ea197ad3de8be003) Importer(2089858483,192608db42251d675da83286b1cce702) (ScriptedImporter) -> (artifact id: 'ad1d5668a80eed4f292896c4e33c954a') in 0.0602122 seconds
Number of updated asset objects reloaded before import = 0Number of asset objects unloaded after import = 1

========================================================================
Received Import Request.
  Time since last request: 0.000030 seconds.
  path: Assets/resources/Scripts/GamePlay/Troops/PlayerTroopSpawnerVR.cs
  artifactKey: Guid(0444cc162f6f8d840a5b4b66482ac66c) Importer(2089858483,192608db42251d675da83286b1cce702)
Start importing Assets/resources/Scripts/GamePlay/Troops/PlayerTroopSpawnerVR.cs using Guid(0444cc162f6f8d840a5b4b66482ac66c) Importer(2089858483,192608db42251d675da83286b1cce702) (ScriptedImporter) -> (artifact id: 'edf6b474fc2fa3cfed9461ba6b593cb8') in 0.0035101 seconds
Number of updated asset objects reloaded before import = 0Number of asset objects unloaded after import = 0

========================================================================
Received Import Request.
  Time since last request: 0.000018 seconds.
  path: Assets/Castle imported/Prefab/Castles/SmallCastle/CS_Small_Castle_Stage01 Variant.prefab
  artifactKey: Guid(969e9f13843ad0242a3dd2dfb881c5a8) Importer(2089858483,192608db42251d675da83286b1cce702)
Start importing Assets/Castle imported/Prefab/Castles/SmallCastle/CS_Small_Castle_Stage01 Variant.prefab using Guid(969e9f13843ad0242a3dd2dfb881c5a8) Importer(2089858483,192608db42251d675da83286b1cce702) (ScriptedImporter) -> (artifact id: '7449ea8c8f59b47388820aaff67f0485') in 0.0089687 seconds
Number of updated asset objects reloaded before import = 0Number of asset objects unloaded after import = 14

========================================================================
Received Import Request.
  Time since last request: 0.000035 seconds.
  path: Assets/Castle imported/Prefab/Castles/HexagonCastle/CS_Hexagon_Castle_Stage02 Variant.prefab
  artifactKey: Guid(eb6bf577cfeddcd459222445fefb9f6f) Importer(2089858483,192608db42251d675da83286b1cce702)
Start importing Assets/Castle imported/Prefab/Castles/HexagonCastle/CS_Hexagon_Castle_Stage02 Variant.prefab using Guid(eb6bf577cfeddcd459222445fefb9f6f) Importer(2089858483,192608db42251d675da83286b1cce702) (ScriptedImporter) -> (artifact id: '6456835ef9da70097296378fd861c5c4') in 0.007649 seconds
Number of updated asset objects reloaded before import = 0Number of asset objects unloaded after import = 14

========================================================================
Received Import Request.
  Time since last request: 0.000020 seconds.
  path: Assets/resources/Scripts/GamePlay/Projectile/ProjectilePool.cs
  artifactKey: Guid(2eebcfcac23b02d43847fdc9fd712724) Importer(2089858483,192608db42251d675da83286b1cce702)
Start importing Assets/resources/Scripts/GamePlay/Projectile/ProjectilePool.cs using Guid(2eebcfcac23b02d43847fdc9fd712724) Importer(2089858483,192608db42251d675da83286b1cce702) (ScriptedImporter) -> (artifact id: 'd37f76246f2dc316e7bb1d3c34f85b2f') in 0.0040038 seconds
Number of updated asset objects reloaded before import = 0Number of asset objects unloaded after import = 0

========================================================================
Received Import Request.
  Time since last request: 0.000023 seconds.
  path: Assets/Castle imported/Models/Castles/EvilCastle/CS_Evil_Castle_Stage02.fbx
  artifactKey: Guid(6f24d7587cd123d4dbfa3cb3388765e8) Importer(2089858483,192608db42251d675da83286b1cce702)
Start importing Assets/Castle imported/Models/Castles/EvilCastle/CS_Evil_Castle_Stage02.fbx using Guid(6f24d7587cd123d4dbfa3cb3388765e8) Importer(2089858483,192608db42251d675da83286b1cce702) (ScriptedImporter) -> (artifact id: '820e877cee53c779f883c0999661c1df') in 0.011891 seconds
Number of updated asset objects reloaded before import = 0Number of asset objects unloaded after import = 9

========================================================================
Received Import Request.
  Time since last request: 0.000019 seconds.
  path: Assets/resources/Scripts/GamePlay/Projectile/ProjectileType.cs
  artifactKey: Guid(1f2b77188537a324a87edf61149be656) Importer(2089858483,192608db42251d675da83286b1cce702)
Start importing Assets/resources/Scripts/GamePlay/Projectile/ProjectileType.cs using Guid(1f2b77188537a324a87edf61149be656) Importer(2089858483,192608db42251d675da83286b1cce702) (ScriptedImporter) -> (artifact id: 'edfd1c48d00c9f17bdea59d33d15ef3d') in 0.0073755 seconds
Number of updated asset objects reloaded before import = 0Number of asset objects unloaded after import = 0

========================================================================
Received Import Request.
  Time since last request: 0.000029 seconds.
  path: Assets/Castle imported/Prefab/Castles/BigCastle/CS_Big_Castle_Stage03 Variant.prefab
  artifactKey: Guid(5f3837865488cab4f89907bd20a0bf2c) Importer(2089858483,192608db42251d675da83286b1cce702)
Start importing Assets/Castle imported/Prefab/Castles/BigCastle/CS_Big_Castle_Stage03 Variant.prefab using Guid(5f3837865488cab4f89907bd20a0bf2c) Importer(2089858483,192608db42251d675da83286b1cce702) (ScriptedImporter) -> (artifact id: 'eb97b05fb01d434186edee3e3d53ba2b') in 0.0122817 seconds
Number of updated asset objects reloaded before import = 0Number of asset objects unloaded after import = 14

========================================================================
Received Import Request.
  Time since last request: 0.000017 seconds.
  path: Assets/Castle imported/Prefab/Castles/SmallCastle/CS_Small_Castle_Stage03 Variant.prefab
  artifactKey: Guid(fec19b044766ac64898aa08f94fab5a3) Importer(2089858483,192608db42251d675da83286b1cce702)
Start importing Assets/Castle imported/Prefab/Castles/SmallCastle/CS_Small_Castle_Stage03 Variant.prefab using Guid(fec19b044766ac64898aa08f94fab5a3) Importer(2089858483,192608db42251d675da83286b1cce702) (ScriptedImporter) -> (artifact id: '5b919341633f1fa30571c8f016a18aeb') in 0.0084663 seconds
Number of updated asset objects reloaded before import = 0Number of asset objects unloaded after import = 14

========================================================================
Received Import Request.
  Time since last request: 0.000015 seconds.
  path: Assets/Castle imported/Models/Castles/HexagonCastle/CS_Hexagon_Castle_Stage01.fbx
  artifactKey: Guid(5e5b53ca3b07322418bd969910a1a844) Importer(2089858483,192608db42251d675da83286b1cce702)
Start importing Assets/Castle imported/Models/Castles/HexagonCastle/CS_Hexagon_Castle_Stage01.fbx using Guid(5e5b53ca3b07322418bd969910a1a844) Importer(2089858483,192608db42251d675da83286b1cce702) (ScriptedImporter) -> (artifact id: 'ae49758eb5e5f51d6ffb8f7f6bb21947') in 0.0121132 seconds
Number of updated asset objects reloaded before import = 0Number of asset objects unloaded after import = 9

========================================================================
Received Import Request.
  Time since last request: 0.000014 seconds.
  path: Assets/Castle imported/Models/Castles/BigCstle/CS_Big_Castle_Stage02.fbx
  artifactKey: Guid(28aa71f2bf1e7484daadd55edf836046) Importer(2089858483,192608db42251d675da83286b1cce702)
Start importing Assets/Castle imported/Models/Castles/BigCstle/CS_Big_Castle_Stage02.fbx using Guid(28aa71f2bf1e7484daadd55edf836046) Importer(2089858483,192608db42251d675da83286b1cce702) (ScriptedImporter) -> (artifact id: 'bf12d206f510251a5bd48f0507adbb8f') in 0.0124662 seconds
Number of updated asset objects reloaded before import = 0Number of asset objects unloaded after import = 9

========================================================================
Received Import Request.
  Time since last request: 0.000023 seconds.
  path: Assets/LowlyPoly/Stylized Grass Texture/Scene/Stylized Grass Texture/LightingData.asset
  artifactKey: Guid(b0f0d931c1f051b45a6ffcfa049f5aa4) Importer(2089858483,192608db42251d675da83286b1cce702)
Start importing Assets/LowlyPoly/Stylized Grass Texture/Scene/Stylized Grass Texture/LightingData.asset using Guid(b0f0d931c1f051b45a6ffcfa049f5aa4) Importer(2089858483,192608db42251d675da83286b1cce702) (ScriptedImporter) -> (artifact id: 'a996d32a1ead3116cf32446ca9fed92f') in 0.005564 seconds
Number of updated asset objects reloaded before import = 0Number of asset objects unloaded after import = 2

========================================================================
Received Import Request.
  Time since last request: 0.000023 seconds.
  path: Assets/Castle imported/Scenes/SampleScene.unity
  artifactKey: Guid(9fc0d4010bbf28b4594072e72b8655ab) Importer(2089858483,192608db42251d675da83286b1cce702)
Start importing Assets/Castle imported/Scenes/SampleScene.unity using Guid(9fc0d4010bbf28b4594072e72b8655ab) Importer(2089858483,192608db42251d675da83286b1cce702) (ScriptedImporter) -> (artifact id: 'de576de152aa6dcf860832b59293a528') in 0.0084094 seconds
Number of updated asset objects reloaded before import = 0Number of asset objects unloaded after import = 1

========================================================================
Received Import Request.
  Time since last request: 0.000014 seconds.
  path: Assets/Samples/XR Hands/1.6.1/HandVisualizer/Unity.XR.Hands.Samples.VisualizerSample.asmdef
  artifactKey: Guid(60e576d96416ac94182fe26f63acf9ff) Importer(2089858483,192608db42251d675da83286b1cce702)
Start importing Assets/Samples/XR Hands/1.6.1/HandVisualizer/Unity.XR.Hands.Samples.VisualizerSample.asmdef using Guid(60e576d96416ac94182fe26f63acf9ff) Importer(2089858483,192608db42251d675da83286b1cce702) (ScriptedImporter) -> (artifact id: '193737a7e2f11b505cc7ad1a8cd95ec2') in 0.0044413 seconds
Number of updated asset objects reloaded before import = 0Number of asset objects unloaded after import = 1

========================================================================
Received Import Request.
  Time since last request: 0.000015 seconds.
  path: Assets/Samples/XR Interaction Toolkit/3.2.2/XR Device Simulator/XR Device Simulator Controls.inputactions
  artifactKey: Guid(da2b439d1a2de5c46a4f428f8cf4fe19) Importer(2089858483,192608db42251d675da83286b1cce702)
Start importing Assets/Samples/XR Interaction Toolkit/3.2.2/XR Device Simulator/XR Device Simulator Controls.inputactions using Guid(da2b439d1a2de5c46a4f428f8cf4fe19) Importer(2089858483,192608db42251d675da83286b1cce702) (ScriptedImporter) -> (artifact id: 'b8ece6c9e7fd69776dcd007f56a0875f') in 0.1572205 seconds
Number of updated asset objects reloaded before import = 0Number of asset objects unloaded after import = 28

========================================================================
Received Import Request.
  Time since last request: 0.000023 seconds.
  path: Assets/_Tanks/Art/Fonts/Bowlby_One/FontLicense.txt
  artifactKey: Guid(327f44d86230f28468dc6a953ee98fa5) Importer(2089858483,192608db42251d675da83286b1cce702)
Start importing Assets/_Tanks/Art/Fonts/Bowlby_One/FontLicense.txt using Guid(327f44d86230f28468dc6a953ee98fa5) Importer(2089858483,192608db42251d675da83286b1cce702) (ScriptedImporter) -> (artifact id: 'b193e478ef86801c8b2a8b5f43aaf7c1') in 0.0043683 seconds
Number of updated asset objects reloaded before import = 0Number of asset objects unloaded after import = 1

========================================================================
Received Import Request.
  Time since last request: 0.000036 seconds.
  path: Assets/_Tanks/Art/Fonts/IBM_Plex_Mono/IBMPlexMono-Regular.ttf
  artifactKey: Guid(d0d7f82bec59f4652a7330d469da5f77) Importer(2089858483,192608db42251d675da83286b1cce702)
Start importing Assets/_Tanks/Art/Fonts/IBM_Plex_Mono/IBMPlexMono-Regular.ttf using Guid(d0d7f82bec59f4652a7330d469da5f77) Importer(2089858483,192608db42251d675da83286b1cce702) (ScriptedImporter) -> (artifact id: '2af1812494ece9421cb73abdf5c52b90') in 0.011931 seconds
Number of updated asset objects reloaded before import = 0Number of asset objects unloaded after import = 3

========================================================================
Received Import Request.
  Time since last request: 0.000016 seconds.
  path: Assets/_Tanks/Art/Fonts/Big_Shoulders_Stencil/BigShouldersStencil.ttf
  artifactKey: Guid(85b1670f365314085bb32523e89d6a21) Importer(2089858483,192608db42251d675da83286b1cce702)
Start importing Assets/_Tanks/Art/Fonts/Big_Shoulders_Stencil/BigShouldersStencil.ttf using Guid(85b1670f365314085bb32523e89d6a21) Importer(2089858483,192608db42251d675da83286b1cce702) (ScriptedImporter) -> (artifact id: '16557746e31d06ab5cef20d29b67cff0') in 0.0080444 seconds
Number of updated asset objects reloaded before import = 0Number of asset objects unloaded after import = 3

========================================================================
Received Import Request.
  Time since last request: 0.000022 seconds.
  path: Assets/Samples/XR Interaction Toolkit/3.2.2/World Space UI/Unity.XR.Interaction.Toolkit.Samples.WorldSpaceUI.asmdef
  artifactKey: Guid(af0be129d6e9d4144b6e4c1a32973ef5) Importer(2089858483,192608db42251d675da83286b1cce702)
Start importing Assets/Samples/XR Interaction Toolkit/3.2.2/World Space UI/Unity.XR.Interaction.Toolkit.Samples.WorldSpaceUI.asmdef using Guid(af0be129d6e9d4144b6e4c1a32973ef5) Importer(2089858483,192608db42251d675da83286b1cce702) (ScriptedImporter) -> (artifact id: 'a6447f869de086a262abf447d166b541') in 0.0037951 seconds
Number of updated asset objects reloaded before import = 0Number of asset objects unloaded after import = 1

========================================================================
Received Import Request.
  Time since last request: 0.000018 seconds.
  path: Assets/resources/Scripts/UI/EnergySystem/PlayerEnergySystem.cs
  artifactKey: Guid(45902e1db64718f44bb1078ed43f7e99) Importer(2089858483,192608db42251d675da83286b1cce702)
Start importing Assets/resources/Scripts/UI/EnergySystem/PlayerEnergySystem.cs using Guid(45902e1db64718f44bb1078ed43f7e99) Importer(2089858483,192608db42251d675da83286b1cce702) (ScriptedImporter) -> (artifact id: 'd06cd8a98ac8b161b85591cc4896fc23') in 0.0077751 seconds
Number of updated asset objects reloaded before import = 0Number of asset objects unloaded after import = 0

========================================================================
Received Import Request.
  Time since last request: 0.000019 seconds.
  path: Assets/Samples/XR Interaction Toolkit/3.2.2/Starter Assets/DemoScene.unity
  artifactKey: Guid(319dafa5c80f29f428dc1e0d03f04177) Importer(2089858483,192608db42251d675da83286b1cce702)
Start importing Assets/Samples/XR Interaction Toolkit/3.2.2/Starter Assets/DemoScene.unity using Guid(319dafa5c80f29f428dc1e0d03f04177) Importer(2089858483,192608db42251d675da83286b1cce702) (ScriptedImporter) -> (artifact id: '3910c2e455699bf4cee83310a2c388e9') in 0.0120789 seconds
Number of updated asset objects reloaded before import = 0Number of asset objects unloaded after import = 1

========================================================================
Received Import Request.
  Time since last request: 0.000017 seconds.
  path: Assets/_Tanks/Art/Fonts/Bowlby_One/BowlbyOne_Underlay.asset
  artifactKey: Guid(c9894b6817c97c746bc8ab3a73448cbe) Importer(2089858483,192608db42251d675da83286b1cce702)
Start importing Assets/_Tanks/Art/Fonts/Bowlby_One/BowlbyOne_Underlay.asset using Guid(c9894b6817c97c746bc8ab3a73448cbe) Importer(2089858483,192608db42251d675da83286b1cce702) (ScriptedImporter) -> (artifact id: '188ca80d0aecba15894cad3ef296cb6f') in 0.011499 seconds
Number of updated asset objects reloaded before import = 0Number of asset objects unloaded after import = 5

========================================================================
Received Import Request.
  Time since last request: 0.000023 seconds.
  path: Assets/_Tanks/Art/Fonts/Bowlby_One/BowlbyOne_Underlay_Outline.asset
  artifactKey: Guid(9389bfa0d5a9a7e4288ca317ff4c657c) Importer(2089858483,192608db42251d675da83286b1cce702)
Start importing Assets/_Tanks/Art/Fonts/Bowlby_One/BowlbyOne_Underlay_Outline.asset using Guid(9389bfa0d5a9a7e4288ca317ff4c657c) Importer(2089858483,192608db42251d675da83286b1cce702) (ScriptedImporter) -> (artifact id: '8d5f31271d04381f7c5b313a06171f05') in 0.01338 seconds
Number of updated asset objects reloaded before import = 0Number of asset objects unloaded after import = 5

========================================================================
Received Import Request.
  Time since last request: 0.000019 seconds.
  path: Assets/_Tanks/Art/Fonts/Exo_2/Exo2 SDF.asset
  artifactKey: Guid(3fa8dbda4123a42b8b4b3d0efaa3091e) Importer(2089858483,192608db42251d675da83286b1cce702)
Start importing Assets/_Tanks/Art/Fonts/Exo_2/Exo2 SDF.asset using Guid(3fa8dbda4123a42b8b4b3d0efaa3091e) Importer(2089858483,192608db42251d675da83286b1cce702) (ScriptedImporter) -> (artifact id: '860c68229109c8cde5dca17a1aad389a') in 0.0171235 seconds
Number of updated asset objects reloaded before import = 0Number of asset objects unloaded after import = 3

========================================================================
Received Import Request.
  Time since last request: 0.000018 seconds.
  path: Assets/_Tanks/Art/Fonts/Lora/Lora-Bold.ttf
  artifactKey: Guid(c6aa2629434b748ffa237090651dd00a) Importer(2089858483,192608db42251d675da83286b1cce702)
Start importing Assets/_Tanks/Art/Fonts/Lora/Lora-Bold.ttf using Guid(c6aa2629434b748ffa237090651dd00a) Importer(2089858483,192608db42251d675da83286b1cce702) (ScriptedImporter) -> (artifact id: '31fa0cbb4c875175e0c722b8c9aaf070') in 0.0077279 seconds
Number of updated asset objects reloaded before import = 0Number of asset objects unloaded after import = 3

========================================================================
Received Import Request.
  Time since last request: 0.000017 seconds.
  path: Assets/_Tanks/Art/Materials/Environment/Building.mat
  artifactKey: Guid(19ac713c0cb29a84db9ed6bb394ad8f1) Importer(2089858483,192608db42251d675da83286b1cce702)
Start importing Assets/_Tanks/Art/Materials/Environment/Building.mat using Guid(19ac713c0cb29a84db9ed6bb394ad8f1) Importer(2089858483,192608db42251d675da83286b1cce702) (ScriptedImporter) -> (artifact id: '04bd140107b14e565a965061d6133712') in 0.0064512 seconds
Number of updated asset objects reloaded before import = 0Number of asset objects unloaded after import = 1

========================================================================
Received Import Request.
  Time since last request: 0.000017 seconds.
  path: Assets/_Tanks/Art/Materials/Environment/Brown.mat
  artifactKey: Guid(65b34bd0b696fd64c809daa8ff1aac63) Importer(2089858483,192608db42251d675da83286b1cce702)
Start importing Assets/_Tanks/Art/Materials/Environment/Brown.mat using Guid(65b34bd0b696fd64c809daa8ff1aac63) Importer(2089858483,192608db42251d675da83286b1cce702) (ScriptedImporter) -> (artifact id: '726276075ea9c1503c803099e230ea05') in 0.0057839 seconds
Number of updated asset objects reloaded before import = 0Number of asset objects unloaded after import = 1

========================================================================
Received Import Request.
  Time since last request: 0.000024 seconds.
  path: Assets/_Tanks/Art/Materials/Environment/Jungle_Rock.mat
  artifactKey: Guid(3d220fbf76698ca45a062bc0564ed8f7) Importer(2089858483,192608db42251d675da83286b1cce702)
Start importing Assets/_Tanks/Art/Materials/Environment/Jungle_Rock.mat using Guid(3d220fbf76698ca45a062bc0564ed8f7) Importer(2089858483,192608db42251d675da83286b1cce702) (ScriptedImporter) -> (artifact id: 'b51f7b5e7a1150a29a46a2566effee2f') in 0.0078278 seconds
Number of updated asset objects reloaded before import = 0Number of asset objects unloaded after import = 2

========================================================================
Received Import Request.
  Time since last request: 0.000018 seconds.
  path: Assets/_Tanks/Art/Materials/Environment/JungleMud_2.mat
  artifactKey: Guid(afd74380c9bb34d49ab95f80a7a4f465) Importer(2089858483,192608db42251d675da83286b1cce702)
Start importing Assets/_Tanks/Art/Materials/Environment/JungleMud_2.mat using Guid(afd74380c9bb34d49ab95f80a7a4f465) Importer(2089858483,192608db42251d675da83286b1cce702) (ScriptedImporter) -> (artifact id: 'b8a13cf18a7ad2c7a527df794e866be4') in 0.0065813 seconds
Number of updated asset objects reloaded before import = 0Number of asset objects unloaded after import = 2

========================================================================
Received Import Request.
  Time since last request: 0.000016 seconds.
  path: Assets/_Tanks/Art/Materials/Environment/BuildingGlass.mat
  artifactKey: Guid(7e41e83d6bd224b4d99fa3ffa5e3a3a4) Importer(2089858483,192608db42251d675da83286b1cce702)
Start importing Assets/_Tanks/Art/Materials/Environment/BuildingGlass.mat using Guid(7e41e83d6bd224b4d99fa3ffa5e3a3a4) Importer(2089858483,192608db42251d675da83286b1cce702) (ScriptedImporter) -> (artifact id: '12a38d0c97a8f10b61990e778cdbbe53') in 0.0058787 seconds
Number of updated asset objects reloaded before import = 0Number of asset objects unloaded after import = 1

========================================================================
Received Import Request.
  Time since last request: 0.000017 seconds.
  path: Assets/_Tanks/Art/Materials/Environment/BuildingGrayGreen.mat
  artifactKey: Guid(02a830f1d2fd1e545b31e9070db85502) Importer(2089858483,192608db42251d675da83286b1cce702)
Start importing Assets/_Tanks/Art/Materials/Environment/BuildingGrayGreen.mat using Guid(02a830f1d2fd1e545b31e9070db85502) Importer(2089858483,192608db42251d675da83286b1cce702) (ScriptedImporter) -> (artifact id: '302ba4181aa3c9f7bed6764e40d8c73f') in 0.0057755 seconds
Number of updated asset objects reloaded before import = 0Number of asset objects unloaded after import = 1

========================================================================
Received Import Request.
  Time since last request: 0.000019 seconds.
  path: Assets/_Tanks/Art/Materials/Environment/Flower.mat
  artifactKey: Guid(a2f931bbce4e3eb4993f9f0b7ad1efd9) Importer(2089858483,192608db42251d675da83286b1cce702)
Start importing Assets/_Tanks/Art/Materials/Environment/Flower.mat using Guid(a2f931bbce4e3eb4993f9f0b7ad1efd9) Importer(2089858483,192608db42251d675da83286b1cce702) (ScriptedImporter) -> (artifact id: 'ec9725f2b9715d8fcd2ddd58aada632e') in 0.0070943 seconds
Number of updated asset objects reloaded before import = 0Number of asset objects unloaded after import = 2

========================================================================
Received Import Request.
  Time since last request: 0.000018 seconds.
  path: Assets/_Tanks/Art/Materials/Environment/MoonGround.mat
  artifactKey: Guid(7471dc33846f1ba4796a5df18ee898bd) Importer(2089858483,192608db42251d675da83286b1cce702)
Start importing Assets/_Tanks/Art/Materials/Environment/MoonGround.mat using Guid(7471dc33846f1ba4796a5df18ee898bd) Importer(2089858483,192608db42251d675da83286b1cce702) (ScriptedImporter) -> (artifact id: '5a3d713f9d96f17eb7abe6e5d24e0332') in 0.0054857 seconds
Number of updated asset objects reloaded before import = 0Number of asset objects unloaded after import = 1

========================================================================
Received Import Request.
  Time since last request: 0.000024 seconds.
  path: Assets/_Tanks/Art/Materials/Environment/MoonPattern.mat
  artifactKey: Guid(8367f9b46ce974d4c95a7245e49fd235) Importer(2089858483,192608db42251d675da83286b1cce702)
Start importing Assets/_Tanks/Art/Materials/Environment/MoonPattern.mat using Guid(8367f9b46ce974d4c95a7245e49fd235) Importer(2089858483,192608db42251d675da83286b1cce702) (ScriptedImporter) -> (artifact id: '366b5d85335c06f389be20d7b50f0ccd') in 0.0106302 seconds
Number of updated asset objects reloaded before import = 0Number of asset objects unloaded after import = 2

========================================================================
Received Import Request.
  Time since last request: 0.000019 seconds.
  path: Assets/_Tanks/Art/Fonts/Ubuntu/Ubuntu-Regular SDF.asset
  artifactKey: Guid(b144c4a6a50774749a830db3de191fbf) Importer(2089858483,192608db42251d675da83286b1cce702)
Start importing Assets/_Tanks/Art/Fonts/Ubuntu/Ubuntu-Regular SDF.asset using Guid(b144c4a6a50774749a830db3de191fbf) Importer(2089858483,192608db42251d675da83286b1cce702) (ScriptedImporter) -> (artifact id: '19b9b50555979469223233dbd02cd549') in 0.0168579 seconds
Number of updated asset objects reloaded before import = 0Number of asset objects unloaded after import = 3

========================================================================
Received Import Request.
  Time since last request: 0.000018 seconds.
  path: Assets/Samples/XR Interaction Toolkit/3.2.2/World Space UI/DemoScene.unity
  artifactKey: Guid(ff0763a18b6d8804894cf3fd83ffa89b) Importer(2089858483,192608db42251d675da83286b1cce702)
Start importing Assets/Samples/XR Interaction Toolkit/3.2.2/World Space UI/DemoScene.unity using Guid(ff0763a18b6d8804894cf3fd83ffa89b) Importer(2089858483,192608db42251d675da83286b1cce702) (ScriptedImporter) -> (artifact id: '762504f67a3ed378c49a652764be2d17') in 0.0097764 seconds
Number of updated asset objects reloaded before import = 0Number of asset objects unloaded after import = 1

========================================================================
Received Import Request.
  Time since last request: 0.000021 seconds.
  path: Assets/_Tanks/Art/Materials/Environment/GreenLight.mat
  artifactKey: Guid(e22bbd9cf37a50548aef63a735c4bbc9) Importer(2089858483,192608db42251d675da83286b1cce702)
Start importing Assets/_Tanks/Art/Materials/Environment/GreenLight.mat using Guid(e22bbd9cf37a50548aef63a735c4bbc9) Importer(2089858483,192608db42251d675da83286b1cce702) (ScriptedImporter) -> (artifact id: '6bf7c7bac9860dc687f4351ad40ce69b') in 0.006615 seconds
Number of updated asset objects reloaded before import = 0Number of asset objects unloaded after import = 1

========================================================================
Received Import Request.
  Time since last request: 0.000028 seconds.
  path: Assets/Samples/XR Interaction Toolkit/3.2.2/Starter Assets/XRI Default Input Actions.inputactions
  artifactKey: Guid(c348712bda248c246b8c49b3db54643f) Importer(2089858483,192608db42251d675da83286b1cce702)
Start importing Assets/Samples/XR Interaction Toolkit/3.2.2/Starter Assets/XRI Default Input Actions.inputactions using Guid(c348712bda248c246b8c49b3db54643f) Importer(2089858483,192608db42251d675da83286b1cce702) (ScriptedImporter) -> (artifact id: 'f040d57868b03530b1b774ad82d57323') in 0.1286895 seconds
Number of updated asset objects reloaded before import = 0Number of asset objects unloaded after import = 95

========================================================================
Received Import Request.
  Time since last request: 0.000024 seconds.
  path: Assets/_Tanks/Art/Materials/Environment/WaterJungle.mat
  artifactKey: Guid(a57fb2216c4e65b48a6681860d5210af) Importer(2089858483,192608db42251d675da83286b1cce702)
Start importing Assets/_Tanks/Art/Materials/Environment/WaterJungle.mat using Guid(a57fb2216c4e65b48a6681860d5210af) Importer(2089858483,192608db42251d675da83286b1cce702) (ScriptedImporter) -> (artifact id: '13c200edee5ea7e9b8e3b2ae9f513b8c') in 0.0498368 seconds
Number of updated asset objects reloaded before import = 0Number of asset objects unloaded after import = 1

========================================================================
Received Import Request.
  Time since last request: 0.000017 seconds.
  path: Assets/_Tanks/Art/Materials/Tank/TankColor.mat
  artifactKey: Guid(12c120f2400576c4f97a98bcca5529bc) Importer(2089858483,192608db42251d675da83286b1cce702)
Start importing Assets/_Tanks/Art/Materials/Tank/TankColor.mat using Guid(12c120f2400576c4f97a98bcca5529bc) Importer(2089858483,192608db42251d675da83286b1cce702) (ScriptedImporter) -> (artifact id: 'bf389e749b3ed6366605706ee728d160') in 0.0052182 seconds
Number of updated asset objects reloaded before import = 0Number of asset objects unloaded after import = 1

========================================================================
Received Import Request.
  Time since last request: 0.000019 seconds.
  path: Assets/_Tanks/Art/Materials/Tank/TankRed.mat
  artifactKey: Guid(0a1b8e17e23f649d6bfcd1c7f989149d) Importer(2089858483,192608db42251d675da83286b1cce702)
Start importing Assets/_Tanks/Art/Materials/Tank/TankRed.mat using Guid(0a1b8e17e23f649d6bfcd1c7f989149d) Importer(2089858483,192608db42251d675da83286b1cce702) (ScriptedImporter) -> (artifact id: '6c438e3615785b1876d251c3f639d8bb') in 0.0053025 seconds
Number of updated asset objects reloaded before import = 0Number of asset objects unloaded after import = 1

========================================================================
Received Import Request.
  Time since last request: 0.000017 seconds.
  path: Assets/_Tanks/Art/Materials/Environment/SandRock.mat
  artifactKey: Guid(306d0bfefa4ca494faae1b7f01978af4) Importer(2089858483,192608db42251d675da83286b1cce702)
Start importing Assets/_Tanks/Art/Materials/Environment/SandRock.mat using Guid(306d0bfefa4ca494faae1b7f01978af4) Importer(2089858483,192608db42251d675da83286b1cce702) (ScriptedImporter) -> (artifact id: 'ad8edd97c28ea330ee0d624a77190d1e') in 0.00695 seconds
Number of updated asset objects reloaded before import = 0Number of asset objects unloaded after import = 2

========================================================================
Received Import Request.
  Time since last request: 0.000018 seconds.
  path: Assets/_Tanks/Art/Materials/Environment/Pink.mat
  artifactKey: Guid(78630095e2f77d04ea99b56faf896276) Importer(2089858483,192608db42251d675da83286b1cce702)
Start importing Assets/_Tanks/Art/Materials/Environment/Pink.mat using Guid(78630095e2f77d04ea99b56faf896276) Importer(2089858483,192608db42251d675da83286b1cce702) (ScriptedImporter) -> (artifact id: 'f8e3294c529938b7652f5aa64f2fba82') in 0.0046589 seconds
Number of updated asset objects reloaded before import = 0Number of asset objects unloaded after import = 1

========================================================================
Received Import Request.
  Time since last request: 0.000027 seconds.
  path: Assets/_Tanks/Art/Materials/PowerUps/Powerup_Health.mat
  artifactKey: Guid(a41530febc8760f43a58d0f2b2ad45a5) Importer(2089858483,192608db42251d675da83286b1cce702)
Start importing Assets/_Tanks/Art/Materials/PowerUps/Powerup_Health.mat using Guid(a41530febc8760f43a58d0f2b2ad45a5) Importer(2089858483,192608db42251d675da83286b1cce702) (ScriptedImporter) -> (artifact id: '0662b924bdd337b9bb617199f4d0f1a5') in 0.0045765 seconds
Number of updated asset objects reloaded before import = 0Number of asset objects unloaded after import = 1

========================================================================
Received Import Request.
  Time since last request: 0.000046 seconds.
  path: Assets/_Tanks/Art/Models/Environment/Building02.fbx
  artifactKey: Guid(7fa610bf2b9bccd48a9b3a6d79f90a37) Importer(2089858483,192608db42251d675da83286b1cce702)
Start importing Assets/_Tanks/Art/Models/Environment/Building02.fbx using Guid(7fa610bf2b9bccd48a9b3a6d79f90a37) Importer(2089858483,192608db42251d675da83286b1cce702) (ScriptedImporter) -> (artifact id: 'b7c2ae0d28430e026edccce4e48e0fa3') in 0.0266988 seconds
Number of updated asset objects reloaded before import = 0Number of asset objects unloaded after import = 15

========================================================================
Received Import Request.
  Time since last request: 0.000016 seconds.
  path: Assets/_Tanks/Art/Materials/Environment/OilDrums_2.mat
  artifactKey: Guid(ec589a6713edc96499d941b21343565e) Importer(2089858483,192608db42251d675da83286b1cce702)
Start importing Assets/_Tanks/Art/Materials/Environment/OilDrums_2.mat using Guid(ec589a6713edc96499d941b21343565e) Importer(2089858483,192608db42251d675da83286b1cce702) (ScriptedImporter) -> (artifact id: 'a014d7b9d77006011faf45518dc8747b') in 0.0056934 seconds
Number of updated asset objects reloaded before import = 0Number of asset objects unloaded after import = 1

========================================================================
Received Import Request.
  Time since last request: 0.000017 seconds.
  path: Assets/_Tanks/Art/Materials/Particles/Particle_Smoke.mat
  artifactKey: Guid(d391697c7deb3a0459e0cdc4774e1631) Importer(2089858483,192608db42251d675da83286b1cce702)
Start importing Assets/_Tanks/Art/Materials/Particles/Particle_Smoke.mat using Guid(d391697c7deb3a0459e0cdc4774e1631) Importer(2089858483,192608db42251d675da83286b1cce702) (ScriptedImporter) -> (artifact id: '13eac4b3dd39a739062c10190886c919') in 0.0080295 seconds
Number of updated asset objects reloaded before import = 0Number of asset objects unloaded after import = 2

========================================================================
Received Import Request.
  Time since last request: 0.000022 seconds.
  path: Assets/_Tanks/Art/Models/Environment/Building01.fbx
  artifactKey: Guid(f698f69d64c51f8438d853e5c274e5fc) Importer(2089858483,192608db42251d675da83286b1cce702)
Start importing Assets/_Tanks/Art/Models/Environment/Building01.fbx using Guid(f698f69d64c51f8438d853e5c274e5fc) Importer(2089858483,192608db42251d675da83286b1cce702) (ScriptedImporter) -> (artifact id: 'fd63145785e2eb910a02e7e72e0b50bd') in 0.0135797 seconds
Number of updated asset objects reloaded before import = 0Number of asset objects unloaded after import = 12

========================================================================
Received Import Request.
  Time since last request: 0.000024 seconds.
  path: Assets/_Tanks/Art/Models/Environment/Dunes01.fbx
  artifactKey: Guid(1b0f8caf6ec3ed644bf9751040d84dcb) Importer(2089858483,192608db42251d675da83286b1cce702)
Start importing Assets/_Tanks/Art/Models/Environment/Dunes01.fbx using Guid(1b0f8caf6ec3ed644bf9751040d84dcb) Importer(2089858483,192608db42251d675da83286b1cce702) (ScriptedImporter) -> (artifact id: 'cfabd31ed557a0f493c747876ffa1b3e') in 0.0102684 seconds
Number of updated asset objects reloaded before import = 0Number of asset objects unloaded after import = 8

========================================================================
Received Import Request.
  Time since last request: 0.000019 seconds.
  path: Assets/_Tanks/Art/Models/Environment/Bush 03.FBX
  artifactKey: Guid(7c9f5bb3e699c3f4dbc59dc27b536b5b) Importer(2089858483,192608db42251d675da83286b1cce702)
Start importing Assets/_Tanks/Art/Models/Environment/Bush 03.FBX using Guid(7c9f5bb3e699c3f4dbc59dc27b536b5b) Importer(2089858483,192608db42251d675da83286b1cce702) (ScriptedImporter) -> (artifact id: '01204e755c6e960b05c6109359c23028') in 0.0265393 seconds
Number of updated asset objects reloaded before import = 0Number of asset objects unloaded after import = 9

========================================================================
Received Import Request.
  Time since last request: 0.000023 seconds.
  path: Assets/_Tanks/Art/Models/Environment/Cactus.fbx
  artifactKey: Guid(00b5a8045a3c3914bb0dfdf2d62f05c9) Importer(2089858483,192608db42251d675da83286b1cce702)
Start importing Assets/_Tanks/Art/Models/Environment/Cactus.fbx using Guid(00b5a8045a3c3914bb0dfdf2d62f05c9) Importer(2089858483,192608db42251d675da83286b1cce702) (ScriptedImporter) -> (artifact id: '08cfc528d7adfd37a6c55ee4fdc4f28f') in 0.0092658 seconds
Number of updated asset objects reloaded before import = 0Number of asset objects unloaded after import = 8

========================================================================
Received Import Request.
  Time since last request: 0.000019 seconds.
  path: Assets/_Tanks/Art/Models/Environment/MoonBuilding01.FBX
  artifactKey: Guid(d5d5206b2809a404cbcad5fed610b8f6) Importer(2089858483,192608db42251d675da83286b1cce702)
Start importing Assets/_Tanks/Art/Models/Environment/MoonBuilding01.FBX using Guid(d5d5206b2809a404cbcad5fed610b8f6) Importer(2089858483,192608db42251d675da83286b1cce702) (ScriptedImporter) -> (artifact id: '31c8f7a349f9f7b3290c151953bbbb39') in 0.0226042 seconds
Number of updated asset objects reloaded before import = 0Number of asset objects unloaded after import = 74

========================================================================
Received Import Request.
  Time since last request: 0.000020 seconds.
  path: Assets/_Tanks/Art/Models/Environment/Jungle Temple 02.FBX
  artifactKey: Guid(728a3f0e29b7cf24c9f423e15475f939) Importer(2089858483,192608db42251d675da83286b1cce702)
Start importing Assets/_Tanks/Art/Models/Environment/Jungle Temple 02.FBX using Guid(728a3f0e29b7cf24c9f423e15475f939) Importer(2089858483,192608db42251d675da83286b1cce702) (ScriptedImporter) -> (artifact id: 'd4cc272032447e6ba2f5b166c10147d2') in 0.0132393 seconds
Number of updated asset objects reloaded before import = 0Number of asset objects unloaded after import = 39

========================================================================
Received Import Request.
  Time since last request: 0.000034 seconds.
  path: Assets/_Tanks/Art/Models/Environment/Grass 01.FBX
  artifactKey: Guid(1574ada116ae45d49b0183b669e55436) Importer(2089858483,192608db42251d675da83286b1cce702)
Start importing Assets/_Tanks/Art/Models/Environment/Grass 01.FBX using Guid(1574ada116ae45d49b0183b669e55436) Importer(2089858483,192608db42251d675da83286b1cce702) (ScriptedImporter) -> (artifact id: 'edf603436fe545dab7a39b923a6f41ff') in 0.0140214 seconds
Number of updated asset objects reloaded before import = 0Number of asset objects unloaded after import = 7

========================================================================
Received Import Request.
  Time since last request: 0.000018 seconds.
  path: Assets/_Tanks/Art/Models/Environment/Crater02.FBX
  artifactKey: Guid(66a3547c47831f44da94c6bd726715b4) Importer(2089858483,192608db42251d675da83286b1cce702)
Start importing Assets/_Tanks/Art/Models/Environment/Crater02.FBX using Guid(66a3547c47831f44da94c6bd726715b4) Importer(2089858483,192608db42251d675da83286b1cce702) (ScriptedImporter) -> (artifact id: 'c55f2d8b983e7b4135ca8dfe6c8a6b76') in 0.0152604 seconds
Number of updated asset objects reloaded before import = 0Number of asset objects unloaded after import = 9

========================================================================
Received Import Request.
  Time since last request: 0.000016 seconds.
  path: Assets/_Tanks/Art/Models/Environment/Mud 01.FBX
  artifactKey: Guid(0f62549c523603541aee37510f599ff1) Importer(2089858483,192608db42251d675da83286b1cce702)
Start importing Assets/_Tanks/Art/Models/Environment/Mud 01.FBX using Guid(0f62549c523603541aee37510f599ff1) Importer(2089858483,192608db42251d675da83286b1cce702) (ScriptedImporter) -> (artifact id: '18307b489d668de606f0fde52a1461ec') in 0.0081606 seconds
Number of updated asset objects reloaded before import = 0Number of asset objects unloaded after import = 14

========================================================================
Received Import Request.
  Time since last request: 0.000015 seconds.
  path: Assets/_Tanks/Art/Models/Environment/MoonBuilding02.FBX
  artifactKey: Guid(699a3bcfb11461045a9ef6b14cd6796c) Importer(2089858483,192608db42251d675da83286b1cce702)
Start importing Assets/_Tanks/Art/Models/Environment/MoonBuilding02.FBX using Guid(699a3bcfb11461045a9ef6b14cd6796c) Importer(2089858483,192608db42251d675da83286b1cce702) (ScriptedImporter) -> (artifact id: 'b2f4f08fde6c8f7300b9926a24db6fa9') in 0.0329935 seconds
Number of updated asset objects reloaded before import = 0Number of asset objects unloaded after import = 119

========================================================================
Received Import Request.
  Time since last request: 0.000020 seconds.
  path: Assets/_Tanks/Art/Models/Environment/Oasis.FBX
  artifactKey: Guid(964dd72faf636f14ab531117be5200dd) Importer(2089858483,192608db42251d675da83286b1cce702)
Start importing Assets/_Tanks/Art/Models/Environment/Oasis.FBX using Guid(964dd72faf636f14ab531117be5200dd) Importer(2089858483,192608db42251d675da83286b1cce702) (ScriptedImporter) -> (artifact id: 'fde8682fea7dadfc38da53a430ea0c13') in 0.0191805 seconds
Number of updated asset objects reloaded before import = 0Number of asset objects unloaded after import = 20

========================================================================
Received Import Request.
  Time since last request: 0.000032 seconds.
  path: Assets/_Tanks/Art/Models/Environment/CratorRocket.FBX
  artifactKey: Guid(841a9e865e6ad374f98a3c92f84ff6ab) Importer(2089858483,192608db42251d675da83286b1cce702)
Start importing Assets/_Tanks/Art/Models/Environment/CratorRocket.FBX using Guid(841a9e865e6ad374f98a3c92f84ff6ab) Importer(2089858483,192608db42251d675da83286b1cce702) (ScriptedImporter) -> (artifact id: 'ef75e2527499221fafedc9369f0f379f') in 0.0194955 seconds
Number of updated asset objects reloaded before import = 0Number of asset objects unloaded after import = 50

========================================================================
Received Import Request.
  Time since last request: 0.000017 seconds.
  path: Assets/_Tanks/Art/Models/Tanks/Tank_Alternative_Model.prefab
  artifactKey: Guid(3e6518783c3e1b04686d670eabf23c11) Importer(2089858483,192608db42251d675da83286b1cce702)
Start importing Assets/_Tanks/Art/Models/Tanks/Tank_Alternative_Model.prefab using Guid(3e6518783c3e1b04686d670eabf23c11) Importer(2089858483,192608db42251d675da83286b1cce702) (ScriptedImporter) -> (artifact id: '06375891ac5e5512e45ee60fa8188875') in 0.0057323 seconds
Number of updated asset objects reloaded before import = 0Number of asset objects unloaded after import = 25

========================================================================
Received Import Request.
  Time since last request: 0.000022 seconds.
  path: Assets/_Tanks/Art/Models/Tanks/Tank_UFO_Model.fbx
  artifactKey: Guid(d8ab45ba858f142458af9a2bad8122f6) Importer(2089858483,192608db42251d675da83286b1cce702)
Start importing Assets/_Tanks/Art/Models/Tanks/Tank_UFO_Model.fbx using Guid(d8ab45ba858f142458af9a2bad8122f6) Importer(2089858483,192608db42251d675da83286b1cce702) (ScriptedImporter) -> (artifact id: '74e942fc7a99e350e387747075f6d5e8') in 0.0112156 seconds
Number of updated asset objects reloaded before import = 0Number of asset objects unloaded after import = 14

========================================================================
Received Import Request.
  Time since last request: 0.000017 seconds.
  path: Assets/_Tanks/Art/Models/Environment/Rocks01.fbx
  artifactKey: Guid(2964d4e5af87e5245bdd71b73e9b92f1) Importer(2089858483,192608db42251d675da83286b1cce702)
Start importing Assets/_Tanks/Art/Models/Environment/Rocks01.fbx using Guid(2964d4e5af87e5245bdd71b73e9b92f1) Importer(2089858483,192608db42251d675da83286b1cce702) (ScriptedImporter) -> (artifact id: 'b496543a3873289b3db076feae816c5c') in 0.0453778 seconds
Number of updated asset objects reloaded before import = 0Number of asset objects unloaded after import = 14

========================================================================
Received Import Request.
  Time since last request: 0.000019 seconds.
  path: Assets/_Tanks/Art/Models/Tanks/Tank_Shark_Model.FBX
  artifactKey: Guid(9cb291b9205a86444b285015bd02d5d6) Importer(2089858483,192608db42251d675da83286b1cce702)
Start importing Assets/_Tanks/Art/Models/Tanks/Tank_Shark_Model.FBX using Guid(9cb291b9205a86444b285015bd02d5d6) Importer(2089858483,192608db42251d675da83286b1cce702) (ScriptedImporter) -> (artifact id: '4f887f6bebef61a83efcf6065325268a') in 0.0263101 seconds
Number of updated asset objects reloaded before import = 0Number of asset objects unloaded after import = 54

========================================================================
Received Import Request.
  Time since last request: 0.000027 seconds.
  path: Assets/_Tanks/Art/Models/Tanks/Tank_Droid_Model.FBX
  artifactKey: Guid(1a51757031d83b04c867273581341472) Importer(2089858483,192608db42251d675da83286b1cce702)
Start importing Assets/_Tanks/Art/Models/Tanks/Tank_Droid_Model.FBX using Guid(1a51757031d83b04c867273581341472) Importer(2089858483,192608db42251d675da83286b1cce702) (ScriptedImporter) -> (artifact id: 'e9f031cb493f610c9dd8270c7e817693') in 0.0143574 seconds
Number of updated asset objects reloaded before import = 0Number of asset objects unloaded after import = 39

========================================================================
Received Import Request.
  Time since last request: 0.000017 seconds.
  path: Assets/_Tanks/Art/Models/Tanks/Tank_Heavy_Model.fbx
  artifactKey: Guid(5898c21fe4410fb4b833ed09adbeebba) Importer(2089858483,192608db42251d675da83286b1cce702)
Start importing Assets/_Tanks/Art/Models/Tanks/Tank_Heavy_Model.fbx using Guid(5898c21fe4410fb4b833ed09adbeebba) Importer(2089858483,192608db42251d675da83286b1cce702) (ScriptedImporter) -> (artifact id: '3d4eb1ec5a9715907d9f7e5c922738d5') in 0.0138958 seconds
Number of updated asset objects reloaded before import = 0Number of asset objects unloaded after import = 24

========================================================================
Received Import Request.
  Time since last request: 0.000018 seconds.
  path: Assets/_Tanks/Art/Models/Tanks/Tank_Monster_Model.FBX
  artifactKey: Guid(bc5be89d3fb7f6342a6fa663e1e9800d) Importer(2089858483,192608db42251d675da83286b1cce702)
Start importing Assets/_Tanks/Art/Models/Tanks/Tank_Monster_Model.FBX using Guid(bc5be89d3fb7f6342a6fa663e1e9800d) Importer(2089858483,192608db42251d675da83286b1cce702) (ScriptedImporter) -> (artifact id: '7731bb98eb4a4c0ef6e372c74dff4ace') in 0.0159481 seconds
Number of updated asset objects reloaded before import = 0Number of asset objects unloaded after import = 49

========================================================================
Received Import Request.
  Time since last request: 0.000016 seconds.
  path: Assets/_Tanks/Art/Models/Tanks/Tank_Crawler_Model.FBX
  artifactKey: Guid(df9eaac106fea424098d268d3a5d7956) Importer(2089858483,192608db42251d675da83286b1cce702)
Start importing Assets/_Tanks/Art/Models/Tanks/Tank_Crawler_Model.FBX using Guid(df9eaac106fea424098d268d3a5d7956) Importer(2089858483,192608db42251d675da83286b1cce702) (ScriptedImporter) -> (artifact id: '28f6e97cd0ff5deebed31ddf9ff8e0e0') in 0.0227251 seconds
Number of updated asset objects reloaded before import = 0Number of asset objects unloaded after import = 49

========================================================================
Received Import Request.
  Time since last request: 0.000017 seconds.
  path: Assets/_Tanks/Art/Models/Tanks/Tank_Light_Model.fbx
  artifactKey: Guid(2cc97fba4b0e8784e97a5a07710c3290) Importer(2089858483,192608db42251d675da83286b1cce702)
Start importing Assets/_Tanks/Art/Models/Tanks/Tank_Light_Model.fbx using Guid(2cc97fba4b0e8784e97a5a07710c3290) Importer(2089858483,192608db42251d675da83286b1cce702) (ScriptedImporter) -> (artifact id: 'aeba01e05a53c55cec79da72206de5b3') in 0.0135501 seconds
Number of updated asset objects reloaded before import = 0Number of asset objects unloaded after import = 24

========================================================================
Received Import Request.
  Time since last request: 0.000030 seconds.
  path: Assets/_Tanks/Art/Models/Environment/Bush 02.FBX
  artifactKey: Guid(f600db83ccfb35f44b20f7ada416c888) Importer(2089858483,192608db42251d675da83286b1cce702)
Start importing Assets/_Tanks/Art/Models/Environment/Bush 02.FBX using Guid(f600db83ccfb35f44b20f7ada416c888) Importer(2089858483,192608db42251d675da83286b1cce702) (ScriptedImporter) -> (artifact id: '8244d76008491e5334380e94996b15e9') in 0.0115084 seconds
Number of updated asset objects reloaded before import = 0Number of asset objects unloaded after import = 9

========================================================================
Received Import Request.
  Time since last request: 0.000015 seconds.
  path: Assets/_Tanks/Art/Textures/UI/HeaderMed.png
  artifactKey: Guid(5853d093e235f5e4ba931b0ec9accaaf) Importer(2089858483,192608db42251d675da83286b1cce702)
Start importing Assets/_Tanks/Art/Textures/UI/HeaderMed.png using Guid(5853d093e235f5e4ba931b0ec9accaaf) Importer(2089858483,192608db42251d675da83286b1cce702) (ScriptedImporter) -> (artifact id: '942992bd2f4267cecc66cce3479d8bf3') in 0.0100679 seconds
Number of updated asset objects reloaded before import = 0Number of asset objects unloaded after import = 3

========================================================================
Received Import Request.
  Time since last request: 0.000020 seconds.
  path: Assets/_Tanks/Art/Sprites/UI/UI_Icon_Jump.png
  artifactKey: Guid(751aa1b6637101946b2fdbb7aa27d6ad) Importer(2089858483,192608db42251d675da83286b1cce702)
Start importing Assets/_Tanks/Art/Sprites/UI/UI_Icon_Jump.png using Guid(751aa1b6637101946b2fdbb7aa27d6ad) Importer(2089858483,192608db42251d675da83286b1cce702) (ScriptedImporter) -> (artifact id: '7cbb06bf4e545cc185ce5dfd26628f1b') in 0.0134747 seconds
Number of updated asset objects reloaded before import = 0Number of asset objects unloaded after import = 3

========================================================================
Received Import Request.
  Time since last request: 0.000016 seconds.
  path: Assets/_Tanks/Prefabs/Environment/Desert/BuildingSand01.prefab
  artifactKey: Guid(6a3f1dafceaf7b547b4bfcd3862a3708) Importer(2089858483,192608db42251d675da83286b1cce702)
Start importing Assets/_Tanks/Prefabs/Environment/Desert/BuildingSand01.prefab using Guid(6a3f1dafceaf7b547b4bfcd3862a3708) Importer(2089858483,192608db42251d675da83286b1cce702) (ScriptedImporter) -> (artifact id: 'cc854d8e7f1caec1c5ef3513f7ada3ad') in 0.0111054 seconds
Number of updated asset objects reloaded before import = 0Number of asset objects unloaded after import = 20

========================================================================
Received Import Request.
  Time since last request: 0.000018 seconds.
  path: Assets/_Tanks/Prefabs/Environment/Desert/BuildingSand03.prefab
  artifactKey: Guid(3adf97ae71fbaf648910562733741ac2) Importer(2089858483,192608db42251d675da83286b1cce702)
Start importing Assets/_Tanks/Prefabs/Environment/Desert/BuildingSand03.prefab using Guid(3adf97ae71fbaf648910562733741ac2) Importer(2089858483,192608db42251d675da83286b1cce702) (ScriptedImporter) -> (artifact id: '15ff9449df95498193b58ba15627a906') in 0.0081302 seconds
Number of updated asset objects reloaded before import = 0Number of asset objects unloaded after import = 121

========================================================================
Received Import Request.
  Time since last request: 0.000033 seconds.
  path: Assets/_Tanks/Prefabs/Environment/Desert/Dunes01.prefab
  artifactKey: Guid(e0b15eda199c9604b84bc228db2caa13) Importer(2089858483,192608db42251d675da83286b1cce702)
Start importing Assets/_Tanks/Prefabs/Environment/Desert/Dunes01.prefab using Guid(e0b15eda199c9604b84bc228db2caa13) Importer(2089858483,192608db42251d675da83286b1cce702) (ScriptedImporter) -> (artifact id: 'c3f66e678533c4040af184b70981f3f8') in 0.0118914 seconds
Number of updated asset objects reloaded before import = 0Number of asset objects unloaded after import = 14

========================================================================
Received Import Request.
  Time since last request: 0.000015 seconds.
  path: Assets/_Tanks/Art/Sprites/UI/UI_Icon_Move.png
  artifactKey: Guid(ff7bfa7addf40784d86f62b8e4a034a6) Importer(2089858483,192608db42251d675da83286b1cce702)
Start importing Assets/_Tanks/Art/Sprites/UI/UI_Icon_Move.png using Guid(ff7bfa7addf40784d86f62b8e4a034a6) Importer(2089858483,192608db42251d675da83286b1cce702) (ScriptedImporter) -> (artifact id: '43ce901d599550db6c06c1be0a98d2fc') in 0.0138769 seconds
Number of updated asset objects reloaded before import = 0Number of asset objects unloaded after import = 3

========================================================================
Received Import Request.
  Time since last request: 0.000013 seconds.
  path: Assets/_Tanks/Art/Textures/UI/Background.png
  artifactKey: Guid(394a81dbffe8e0746b52e17fa375453d) Importer(2089858483,192608db42251d675da83286b1cce702)
Start importing Assets/_Tanks/Art/Textures/UI/Background.png using Guid(394a81dbffe8e0746b52e17fa375453d) Importer(2089858483,192608db42251d675da83286b1cce702) (ScriptedImporter) -> (artifact id: '72235be15463e92641931961a7d0b855') in 0.0107339 seconds
Number of updated asset objects reloaded before import = 0Number of asset objects unloaded after import = 3

========================================================================
Received Import Request.
  Time since last request: 0.000014 seconds.
  path: Assets/_Tanks/Prefabs/Environment/Desert/DirectionalLightSand.prefab
  artifactKey: Guid(90e734f5cb469a9448e8e5f0e51ad1ac) Importer(2089858483,192608db42251d675da83286b1cce702)
Start importing Assets/_Tanks/Prefabs/Environment/Desert/DirectionalLightSand.prefab using Guid(90e734f5cb469a9448e8e5f0e51ad1ac) Importer(2089858483,192608db42251d675da83286b1cce702) (ScriptedImporter) -> (artifact id: '5917e9882e9a57379e152d53065ed837') in 0.0078841 seconds
Number of updated asset objects reloaded before import = 0Number of asset objects unloaded after import = 6

========================================================================
Received Import Request.
  Time since last request: 0.000015 seconds.
  path: Assets/_Tanks/Prefabs/Environment/Desert/CraterSand01.prefab
  artifactKey: Guid(8f1cce97f0a18d548a37fd861d14f16d) Importer(2089858483,192608db42251d675da83286b1cce702)
Start importing Assets/_Tanks/Prefabs/Environment/Desert/CraterSand01.prefab using Guid(8f1cce97f0a18d548a37fd861d14f16d) Importer(2089858483,192608db42251d675da83286b1cce702) (ScriptedImporter) -> (artifact id: 'e40ab43f335c3316dd0b66f2d9fd3170') in 0.0067531 seconds
Number of updated asset objects reloaded before import = 0Number of asset objects unloaded after import = 14

========================================================================
Received Import Request.
  Time since last request: 0.000019 seconds.
  path: Assets/_Tanks/Art/Materials/Environment/OilDrums_3.mat
  artifactKey: Guid(b3a1f2f69b4c3a84cba5446e31e87c20) Importer(2089858483,192608db42251d675da83286b1cce702)
Start importing Assets/_Tanks/Art/Materials/Environment/OilDrums_3.mat using Guid(b3a1f2f69b4c3a84cba5446e31e87c20) Importer(2089858483,192608db42251d675da83286b1cce702) (ScriptedImporter) -> (artifact id: 'fbf8e6ff06a836ff8b5a429dc94d5c10') in 0.0051145 seconds
Number of updated asset objects reloaded before import = 0Number of asset objects unloaded after import = 1

========================================================================
Received Import Request.
  Time since last request: 0.000025 seconds.
  path: Assets/_Tanks/Art/Models/Tanks/Tank_MegaBall_Model.FBX
  artifactKey: Guid(8f4160336315872429a2f658554f7982) Importer(2089858483,192608db42251d675da83286b1cce702)
Start importing Assets/_Tanks/Art/Models/Tanks/Tank_MegaBall_Model.FBX using Guid(8f4160336315872429a2f658554f7982) Importer(2089858483,192608db42251d675da83286b1cce702) (ScriptedImporter) -> (artifact id: '0cf961fc4a79c509a840757dd7b0a16f') in 0.0169794 seconds
Number of updated asset objects reloaded before import = 0Number of asset objects unloaded after import = 34

========================================================================
Received Import Request.
  Time since last request: 0.000018 seconds.
  path: Assets/_Tanks/Prefabs/Environment/Desert/RefinerySand.prefab
  artifactKey: Guid(9641bc3cb1c6ae74bb13a936599ff2ec) Importer(2089858483,192608db42251d675da83286b1cce702)
Start importing Assets/_Tanks/Prefabs/Environment/Desert/RefinerySand.prefab using Guid(9641bc3cb1c6ae74bb13a936599ff2ec) Importer(2089858483,192608db42251d675da83286b1cce702) (ScriptedImporter) -> (artifact id: '4b9afe9dce66d401e9c8c714bc5c4d84') in 0.0106378 seconds
Number of updated asset objects reloaded before import = 0Number of asset objects unloaded after import = 19

========================================================================
Received Import Request.
  Time since last request: 0.000016 seconds.
  path: Assets/_Tanks/Prefabs/Environment/Desert/RocksSand01.prefab
  artifactKey: Guid(87fe747d41c474348b5c4d7f3f7b7579) Importer(2089858483,192608db42251d675da83286b1cce702)
Start importing Assets/_Tanks/Prefabs/Environment/Desert/RocksSand01.prefab using Guid(87fe747d41c474348b5c4d7f3f7b7579) Importer(2089858483,192608db42251d675da83286b1cce702) (ScriptedImporter) -> (artifact id: '9d6ce2ff3c63dbc5dd41922641c6abc4') in 0.0063109 seconds
Number of updated asset objects reloaded before import = 0Number of asset objects unloaded after import = 27

========================================================================
Received Import Request.
  Time since last request: 0.000018 seconds.
  path: Assets/_Tanks/Prefabs/Environment/Desert/TempleSand01.prefab
  artifactKey: Guid(126477f159afbce4eadc9d1fd94e4ae9) Importer(2089858483,192608db42251d675da83286b1cce702)
Start importing Assets/_Tanks/Prefabs/Environment/Desert/TempleSand01.prefab using Guid(126477f159afbce4eadc9d1fd94e4ae9) Importer(2089858483,192608db42251d675da83286b1cce702) (ScriptedImporter) -> (artifact id: 'f1618318c533427680a947ec5f5c93dd') in 0.0068886 seconds
Number of updated asset objects reloaded before import = 0Number of asset objects unloaded after import = 84

========================================================================
Received Import Request.
  Time since last request: 0.000028 seconds.
  path: Assets/_Tanks/Prefabs/Environment/Jungle/Bush04.prefab
  artifactKey: Guid(e34b4bb0533778e43b0011c4ec675bbf) Importer(2089858483,192608db42251d675da83286b1cce702)
Start importing Assets/_Tanks/Prefabs/Environment/Jungle/Bush04.prefab using Guid(e34b4bb0533778e43b0011c4ec675bbf) Importer(2089858483,192608db42251d675da83286b1cce702) (ScriptedImporter) -> (artifact id: '1fd4855213dc66651cb28ba0ae4d4cb9') in 0.0069976 seconds
Number of updated asset objects reloaded before import = 0Number of asset objects unloaded after import = 14

========================================================================
Received Import Request.
  Time since last request: 0.000045 seconds.
  path: Assets/_Tanks/Prefabs/Environment/Jungle/ColumnJungle01.prefab
  artifactKey: Guid(a5574a393b764414992574a04bd1178c) Importer(2089858483,192608db42251d675da83286b1cce702)
Start importing Assets/_Tanks/Prefabs/Environment/Jungle/ColumnJungle01.prefab using Guid(a5574a393b764414992574a04bd1178c) Importer(2089858483,192608db42251d675da83286b1cce702) (ScriptedImporter) -> (artifact id: 'df971df1406acf96ec033ea5bacb2da4') in 0.0084252 seconds
Number of updated asset objects reloaded before import = 0Number of asset objects unloaded after import = 39

========================================================================
Received Import Request.
  Time since last request: 0.000018 seconds.
  path: Assets/_Tanks/Prefabs/Environment/Desert/RadarSphereSand.prefab
  artifactKey: Guid(6ee8222d8c17bcd40a51bcd8f0c0cb4a) Importer(2089858483,192608db42251d675da83286b1cce702)
Start importing Assets/_Tanks/Prefabs/Environment/Desert/RadarSphereSand.prefab using Guid(6ee8222d8c17bcd40a51bcd8f0c0cb4a) Importer(2089858483,192608db42251d675da83286b1cce702) (ScriptedImporter) -> (artifact id: 'a352800e880c54250ec8149d2a425b14') in 0.0096994 seconds
Number of updated asset objects reloaded before import = 0Number of asset objects unloaded after import = 36

========================================================================
Received Import Request.
  Time since last request: 0.000019 seconds.
  path: Assets/_Tanks/Prefabs/Environment/Jungle/ColumnJungle02.prefab
  artifactKey: Guid(e62cbedb16eeb774fbea70fc0fa7fbae) Importer(2089858483,192608db42251d675da83286b1cce702)
Start importing Assets/_Tanks/Prefabs/Environment/Jungle/ColumnJungle02.prefab using Guid(e62cbedb16eeb774fbea70fc0fa7fbae) Importer(2089858483,192608db42251d675da83286b1cce702) (ScriptedImporter) -> (artifact id: 'a6940a4121c2b4b776f6e42dabde9370') in 0.0054877 seconds
Number of updated asset objects reloaded before import = 0Number of asset objects unloaded after import = 27

========================================================================
Received Import Request.
  Time since last request: 0.000029 seconds.
  path: Assets/_Tanks/Prefabs/Environment/Jungle/ClumpBushes02.prefab
  artifactKey: Guid(faf60f04e15aa9940a7dd59fb08ffffe) Importer(2089858483,192608db42251d675da83286b1cce702)
Start importing Assets/_Tanks/Prefabs/Environment/Jungle/ClumpBushes02.prefab using Guid(faf60f04e15aa9940a7dd59fb08ffffe) Importer(2089858483,192608db42251d675da83286b1cce702) (ScriptedImporter) -> (artifact id: 'ceaf3f4427524bbab03bd598862871d0') in 0.0088389 seconds
Number of updated asset objects reloaded before import = 0Number of asset objects unloaded after import = 61

========================================================================
Received Import Request.
  Time since last request: 0.000020 seconds.
  path: Assets/_Tanks/Prefabs/Environment/Jungle/Bush03.prefab
  artifactKey: Guid(bbeaf914db693d4429441a8150e2acdf) Importer(2089858483,192608db42251d675da83286b1cce702)
Start importing Assets/_Tanks/Prefabs/Environment/Jungle/Bush03.prefab using Guid(bbeaf914db693d4429441a8150e2acdf) Importer(2089858483,192608db42251d675da83286b1cce702) (ScriptedImporter) -> (artifact id: 'db98b3821bc12de1080c31147fc8b5f6') in 0.0102997 seconds
Number of updated asset objects reloaded before import = 0Number of asset objects unloaded after import = 14

========================================================================
Received Import Request.
  Time since last request: 0.000034 seconds.
  path: Assets/_Tanks/Prefabs/Environment/Desert/OilStorage.prefab
  artifactKey: Guid(8539f00ccca20304199954c7394f6d42) Importer(2089858483,192608db42251d675da83286b1cce702)
Start importing Assets/_Tanks/Prefabs/Environment/Desert/OilStorage.prefab using Guid(8539f00ccca20304199954c7394f6d42) Importer(2089858483,192608db42251d675da83286b1cce702) (ScriptedImporter) -> (artifact id: 'c23237292f904a11e8f2003d23a1b109') in 0.0098984 seconds
Number of updated asset objects reloaded before import = 0Number of asset objects unloaded after import = 19

========================================================================
Received Import Request.
  Time since last request: 0.000028 seconds.
  path: Assets/_Tanks/Prefabs/Environment/Jungle/PalmTree03.prefab
  artifactKey: Guid(e428d6bcbfd678b4b899b1d4ea6b78e9) Importer(2089858483,192608db42251d675da83286b1cce702)
Start importing Assets/_Tanks/Prefabs/Environment/Jungle/PalmTree03.prefab using Guid(e428d6bcbfd678b4b899b1d4ea6b78e9) Importer(2089858483,192608db42251d675da83286b1cce702) (ScriptedImporter) -> (artifact id: 'e9ac8140e12911c5da96ddadc198999b') in 0.0076221 seconds
Number of updated asset objects reloaded before import = 0Number of asset objects unloaded after import = 16

========================================================================
Received Import Request.
  Time since last request: 0.000018 seconds.
  path: Assets/_Tanks/Prefabs/Environment/Jungle/Grass02.prefab
  artifactKey: Guid(33f78555ecf5336469c58c14a3d1dc1d) Importer(2089858483,192608db42251d675da83286b1cce702)
Start importing Assets/_Tanks/Prefabs/Environment/Jungle/Grass02.prefab using Guid(33f78555ecf5336469c58c14a3d1dc1d) Importer(2089858483,192608db42251d675da83286b1cce702) (ScriptedImporter) -> (artifact id: 'ebcb92b9c39a2f6882124f9e2644af6e') in 0.0065625 seconds
Number of updated asset objects reloaded before import = 0Number of asset objects unloaded after import = 14

========================================================================
Received Import Request.
  Time since last request: 0.000018 seconds.
  path: Assets/_Tanks/Prefabs/Environment/Jungle/TreesThree.prefab
  artifactKey: Guid(e06003dd60e0f37468d41318e179f53b) Importer(2089858483,192608db42251d675da83286b1cce702)
Start importing Assets/_Tanks/Prefabs/Environment/Jungle/TreesThree.prefab using Guid(e06003dd60e0f37468d41318e179f53b) Importer(2089858483,192608db42251d675da83286b1cce702) (ScriptedImporter) -> (artifact id: '4e456c187586dd9e389b028c35eef62a') in 0.0058151 seconds
Number of updated asset objects reloaded before import = 0Number of asset objects unloaded after import = 20

========================================================================
Received Import Request.
  Time since last request: 0.000017 seconds.
  path: Assets/_Tanks/Prefabs/Environment/Jungle/Hippo.prefab
  artifactKey: Guid(5aea38e3f9680354698091b32ca6c673) Importer(2089858483,192608db42251d675da83286b1cce702)
Start importing Assets/_Tanks/Prefabs/Environment/Jungle/Hippo.prefab using Guid(5aea38e3f9680354698091b32ca6c673) Importer(2089858483,192608db42251d675da83286b1cce702) (ScriptedImporter) -> (artifact id: 'dffafa4d4b3917c947de30a3a516ae84') in 0.0063098 seconds
Number of updated asset objects reloaded before import = 0Number of asset objects unloaded after import = 37

========================================================================
Received Import Request.
  Time since last request: 0.000019 seconds.
  path: Assets/_Tanks/Prefabs/Environment/Jungle/SmokeJungle.prefab
  artifactKey: Guid(953442450e646754282210f0cdaf9402) Importer(2089858483,192608db42251d675da83286b1cce702)
Start importing Assets/_Tanks/Prefabs/Environment/Jungle/SmokeJungle.prefab using Guid(953442450e646754282210f0cdaf9402) Importer(2089858483,192608db42251d675da83286b1cce702) (ScriptedImporter) -> (artifact id: 'a64e78d951f20a7669f84163aaa1a5b3') in 0.0241601 seconds
Number of updated asset objects reloaded before import = 0Number of asset objects unloaded after import = 6

========================================================================
Received Import Request.
  Time since last request: 0.000017 seconds.
  path: Assets/_Tanks/Prefabs/Environment/Jungle/HippoMud01.prefab
  artifactKey: Guid(191e0b9a521f05a49a9cf16a823492da) Importer(2089858483,192608db42251d675da83286b1cce702)
Start importing Assets/_Tanks/Prefabs/Environment/Jungle/HippoMud01.prefab using Guid(191e0b9a521f05a49a9cf16a823492da) Importer(2089858483,192608db42251d675da83286b1cce702) (ScriptedImporter) -> (artifact id: '26af28b5031154fdcf560d7c8b44ddd8') in 0.0070655 seconds
Number of updated asset objects reloaded before import = 0Number of asset objects unloaded after import = 66

========================================================================
Received Import Request.
  Time since last request: 0.000026 seconds.
  path: Assets/_Tanks/Prefabs/Environment/Jungle/RocksJungle03.prefab
  artifactKey: Guid(86292d89d4abbb8408a3ac6bed3413cb) Importer(2089858483,192608db42251d675da83286b1cce702)
Start importing Assets/_Tanks/Prefabs/Environment/Jungle/RocksJungle03.prefab using Guid(86292d89d4abbb8408a3ac6bed3413cb) Importer(2089858483,192608db42251d675da83286b1cce702) (ScriptedImporter) -> (artifact id: 'df3ad207ed8af1d865dcc8e4b2e29e57') in 0.0060596 seconds
Number of updated asset objects reloaded before import = 0Number of asset objects unloaded after import = 27

========================================================================
Received Import Request.
  Time since last request: 0.000017 seconds.
  path: Assets/_Tanks/Prefabs/Environment/Jungle/Pond.prefab
  artifactKey: Guid(23e15ed2e51a2464488c25aaa3a9c25c) Importer(2089858483,192608db42251d675da83286b1cce702)
Start importing Assets/_Tanks/Prefabs/Environment/Jungle/Pond.prefab using Guid(23e15ed2e51a2464488c25aaa3a9c25c) Importer(2089858483,192608db42251d675da83286b1cce702) (ScriptedImporter) -> (artifact id: 'd3928957c8e4f6e34379426e0bedf343') in 0.0072165 seconds
Number of updated asset objects reloaded before import = 0Number of asset objects unloaded after import = 34

========================================================================
Received Import Request.
  Time since last request: 0.000019 seconds.
  path: Assets/_Tanks/Prefabs/Environment/Jungle/RocketJungle.prefab
  artifactKey: Guid(f82104551d5c77a4ead8d21b48f9c4b8) Importer(2089858483,192608db42251d675da83286b1cce702)
Start importing Assets/_Tanks/Prefabs/Environment/Jungle/RocketJungle.prefab using Guid(f82104551d5c77a4ead8d21b48f9c4b8) Importer(2089858483,192608db42251d675da83286b1cce702) (ScriptedImporter) -> (artifact id: '3ff00f7182622f1fdb3913b1c78c1d2c') in 0.0074444 seconds
Number of updated asset objects reloaded before import = 0Number of asset objects unloaded after import = 94

========================================================================
Received Import Request.
  Time since last request: 0.000015 seconds.
  path: Assets/_Tanks/Art/Models/Environment/Hippo.FBX
  artifactKey: Guid(538daa67d547de04a82a663dbdf06efc) Importer(2089858483,192608db42251d675da83286b1cce702)
Start importing Assets/_Tanks/Art/Models/Environment/Hippo.FBX using Guid(538daa67d547de04a82a663dbdf06efc) Importer(2089858483,192608db42251d675da83286b1cce702) (ScriptedImporter) -> (artifact id: '0ad22f35a3b96d202aa05afc3db00d23') in 0.0116682 seconds
Number of updated asset objects reloaded before import = 0Number of asset objects unloaded after import = 20

========================================================================
Received Import Request.
  Time since last request: 0.000019 seconds.
  path: Assets/_Tanks/Prefabs/Environment/Moon/ColumnMoon02.prefab
  artifactKey: Guid(21f7f5b9362221f428a7ab9b977b50d5) Importer(2089858483,192608db42251d675da83286b1cce702)
Start importing Assets/_Tanks/Prefabs/Environment/Moon/ColumnMoon02.prefab using Guid(21f7f5b9362221f428a7ab9b977b50d5) Importer(2089858483,192608db42251d675da83286b1cce702) (ScriptedImporter) -> (artifact id: '45cf0074b560f567df3e646b6b2d16e6') in 0.0062469 seconds
Number of updated asset objects reloaded before import = 0Number of asset objects unloaded after import = 27

========================================================================
Received Import Request.
  Time since last request: 0.000018 seconds.
  path: Assets/_Tanks/Prefabs/Environment/Moon/ConcreteMoon.prefab
  artifactKey: Guid(e3a8fb3711b4cdd45b5a2f7834fe3740) Importer(2089858483,192608db42251d675da83286b1cce702)
Start importing Assets/_Tanks/Prefabs/Environment/Moon/ConcreteMoon.prefab using Guid(e3a8fb3711b4cdd45b5a2f7834fe3740) Importer(2089858483,192608db42251d675da83286b1cce702) (ScriptedImporter) -> (artifact id: '0d76d84d6460371cba983482eace0237') in 0.0114065 seconds
Number of updated asset objects reloaded before import = 0Number of asset objects unloaded after import = 14

========================================================================
Received Import Request.
  Time since last request: 0.000026 seconds.
  path: Assets/_Tanks/Prefabs/Environment/Moon/FlagMoon.prefab
  artifactKey: Guid(d11b37d20b0811043a8f64fbda789281) Importer(2089858483,192608db42251d675da83286b1cce702)
Start importing Assets/_Tanks/Prefabs/Environment/Moon/FlagMoon.prefab using Guid(d11b37d20b0811043a8f64fbda789281) Importer(2089858483,192608db42251d675da83286b1cce702) (ScriptedImporter) -> (artifact id: 'f7dd2b66932dd3a8065af86a503b2bc2') in 0.0068266 seconds
Number of updated asset objects reloaded before import = 0Number of asset objects unloaded after import = 27

========================================================================
Received Import Request.
  Time since last request: 0.000021 seconds.
  path: Assets/_Tanks/Prefabs/Environment/Moon/HelipadMoon.prefab
  artifactKey: Guid(9c7adef86efa66845b3e57552a342f00) Importer(2089858483,192608db42251d675da83286b1cce702)
Start importing Assets/_Tanks/Prefabs/Environment/Moon/HelipadMoon.prefab using Guid(9c7adef86efa66845b3e57552a342f00) Importer(2089858483,192608db42251d675da83286b1cce702) (ScriptedImporter) -> (artifact id: '0fbacf007e568ea080eccb20430848fb') in 0.0145164 seconds
Number of updated asset objects reloaded before import = 0Number of asset objects unloaded after import = 18

========================================================================
Received Import Request.
  Time since last request: 0.000016 seconds.
  path: Assets/_Tanks/Prefabs/Environment/Moon/RuinsMoon.prefab
  artifactKey: Guid(7bf356bbd7817924ab583d3362420429) Importer(2089858483,192608db42251d675da83286b1cce702)
Start importing Assets/_Tanks/Prefabs/Environment/Moon/RuinsMoon.prefab using Guid(7bf356bbd7817924ab583d3362420429) Importer(2089858483,192608db42251d675da83286b1cce702) (ScriptedImporter) -> (artifact id: '6c416b3ed94e48649f38dc6dedc74eb0') in 0.0097224 seconds
Number of updated asset objects reloaded before import = 0Number of asset objects unloaded after import = 18

========================================================================
Received Import Request.
  Time since last request: 0.000017 seconds.
  path: Assets/_Tanks/Prefabs/Environment/Moon/CratorsMoon01.prefab
  artifactKey: Guid(0925c23a430e8964aa090a5fabe502c3) Importer(2089858483,192608db42251d675da83286b1cce702)
Start importing Assets/_Tanks/Prefabs/Environment/Moon/CratorsMoon01.prefab using Guid(0925c23a430e8964aa090a5fabe502c3) Importer(2089858483,192608db42251d675da83286b1cce702) (ScriptedImporter) -> (artifact id: 'e004718e102d88de32f96f31f28ddc29') in 0.0076101 seconds
Number of updated asset objects reloaded before import = 0Number of asset objects unloaded after import = 14

========================================================================
Received Import Request.
  Time since last request: 0.000016 seconds.
  path: Assets/_Tanks/Prefabs/Environment/Moon/RocksMoon03.prefab
  artifactKey: Guid(aadae7b6ca0911047bef31a86746ff54) Importer(2089858483,192608db42251d675da83286b1cce702)
Start importing Assets/_Tanks/Prefabs/Environment/Moon/RocksMoon03.prefab using Guid(aadae7b6ca0911047bef31a86746ff54) Importer(2089858483,192608db42251d675da83286b1cce702) (ScriptedImporter) -> (artifact id: '7b901efd585fa808acea0016029e2545') in 0.0052431 seconds
Number of updated asset objects reloaded before import = 0Number of asset objects unloaded after import = 27

========================================================================
Received Import Request.
  Time since last request: 0.000019 seconds.
  path: Assets/_Tanks/Prefabs/Environment/Moon/ColumnMoon01.prefab
  artifactKey: Guid(5d811aac03d9cbb408cb977d34667b55) Importer(2089858483,192608db42251d675da83286b1cce702)
Start importing Assets/_Tanks/Prefabs/Environment/Moon/ColumnMoon01.prefab using Guid(5d811aac03d9cbb408cb977d34667b55) Importer(2089858483,192608db42251d675da83286b1cce702) (ScriptedImporter) -> (artifact id: 'd4df2c94f1652a389147de72de5ff10c') in 0.0076475 seconds
Number of updated asset objects reloaded before import = 0Number of asset objects unloaded after import = 39

========================================================================
Received Import Request.
  Time since last request: 0.000024 seconds.
  path: Assets/_Tanks/Prefabs/Environment/Moon/DirectionalLightMoon.prefab
  artifactKey: Guid(10b569f2f4422164cb672452b41cbe89) Importer(2089858483,192608db42251d675da83286b1cce702)
Start importing Assets/_Tanks/Prefabs/Environment/Moon/DirectionalLightMoon.prefab using Guid(10b569f2f4422164cb672452b41cbe89) Importer(2089858483,192608db42251d675da83286b1cce702) (ScriptedImporter) -> (artifact id: 'eab778f5db4ed160f8be41843febe288') in 0.00953 seconds
Number of updated asset objects reloaded before import = 0Number of asset objects unloaded after import = 6

========================================================================
Received Import Request.
  Time since last request: 0.000015 seconds.
  path: Assets/_Tanks/Prefabs/Environment/Moon/GroundMoon.prefab
  artifactKey: Guid(d90ea149be1e49d49bdb723591b075d0) Importer(2089858483,192608db42251d675da83286b1cce702)
Start importing Assets/_Tanks/Prefabs/Environment/Moon/GroundMoon.prefab using Guid(d90ea149be1e49d49bdb723591b075d0) Importer(2089858483,192608db42251d675da83286b1cce702) (ScriptedImporter) -> (artifact id: 'a5fead759621f8e33eba8d10deb2028e') in 0.0198157 seconds
Number of updated asset objects reloaded before import = 0Number of asset objects unloaded after import = 8

========================================================================
Received Import Request.
  Time since last request: 0.000014 seconds.
  path: Assets/resources/Scripts/Deck/SelectedDeck.cs
  artifactKey: Guid(508b03a6d18df1a4ca762bd99f6a9bc2) Importer(2089858483,192608db42251d675da83286b1cce702)
Start importing Assets/resources/Scripts/Deck/SelectedDeck.cs using Guid(508b03a6d18df1a4ca762bd99f6a9bc2) Importer(2089858483,192608db42251d675da83286b1cce702) (ScriptedImporter) -> (artifact id: 'fb78cbab898239a82f03824e36a6a079') in 0.0035032 seconds
Number of updated asset objects reloaded before import = 0Number of asset objects unloaded after import = 0

========================================================================
Received Import Request.
  Time since last request: 0.000016 seconds.
  path: Assets/_Tanks/Settings/Tank_Actions.inputactions
  artifactKey: Guid(7fb6c1c790fa04865b379a6e8ccd7e9c) Importer(2089858483,192608db42251d675da83286b1cce702)
Start importing Assets/_Tanks/Settings/Tank_Actions.inputactions using Guid(7fb6c1c790fa04865b379a6e8ccd7e9c) Importer(2089858483,192608db42251d675da83286b1cce702) (ScriptedImporter) -> (artifact id: '5f7f71d668ec63d34ab55fe8d1590842') in 0.0153212 seconds
Number of updated asset objects reloaded before import = 0Number of asset objects unloaded after import = 17

========================================================================
Received Import Request.
  Time since last request: 0.000022 seconds.
  path: Assets/_Tanks/Tutorial_Demo/Demo_Prefabs/Demo_Tanks/Demo_Tank - ATV Variant.prefab
  artifactKey: Guid(e8a208e9857544b0292cc3d24b0106b6) Importer(2089858483,192608db42251d675da83286b1cce702)
Start importing Assets/_Tanks/Tutorial_Demo/Demo_Prefabs/Demo_Tanks/Demo_Tank - ATV Variant.prefab using Guid(e8a208e9857544b0292cc3d24b0106b6) Importer(2089858483,192608db42251d675da83286b1cce702) (ScriptedImporter) -> (artifact id: 'd0bf6c80a67dd61d4b9a76ad59ee87d4') in 0.0893759 seconds
Number of updated asset objects reloaded before import = 0Number of asset objects unloaded after import = 331

========================================================================
Received Import Request.
  Time since last request: 0.000033 seconds.
  path: Assets/Samples/XR Hands/1.6.1/HandVisualizer/Materials/HandsDefaultMaterial.mat
  artifactKey: Guid(613690cd962241049a0ec289a6ff835e) Importer(2089858483,192608db42251d675da83286b1cce702)
Start importing Assets/Samples/XR Hands/1.6.1/HandVisualizer/Materials/HandsDefaultMaterial.mat using Guid(613690cd962241049a0ec289a6ff835e) Importer(2089858483,192608db42251d675da83286b1cce702) (ScriptedImporter) -> (artifact id: '79bc15e2f7654011000d6ed1c2d1b5cf') in 0.0056339 seconds
Number of updated asset objects reloaded before import = 0Number of asset objects unloaded after import = 1

========================================================================
Received Import Request.
  Time since last request: 0.000014 seconds.
  path: Assets/_Tanks/Tutorial_Demo/Demo_Prefabs/Demo_Tanks/Demo_Tank - Heavy Variant.prefab
  artifactKey: Guid(f7304e3e69d7944849cbc911fbf4a3a2) Importer(2089858483,192608db42251d675da83286b1cce702)
Start importing Assets/_Tanks/Tutorial_Demo/Demo_Prefabs/Demo_Tanks/Demo_Tank - Heavy Variant.prefab using Guid(f7304e3e69d7944849cbc911fbf4a3a2) Importer(2089858483,192608db42251d675da83286b1cce702) (ScriptedImporter) -> (artifact id: '1708f9acac3161f551a1f719a9733161') in 0.0768176 seconds
Number of updated asset objects reloaded before import = 0Number of asset objects unloaded after import = 306

========================================================================
Received Import Request.
  Time since last request: 0.000020 seconds.
  path: Assets/_Tanks/Tutorial_Demo/Demo_Prefabs/Demo_Explosions/Demo_CompleteShellExplosion - Large.prefab
  artifactKey: Guid(43d1a72c058e8429a9256583c99b6d47) Importer(2089858483,192608db42251d675da83286b1cce702)
Start importing Assets/_Tanks/Tutorial_Demo/Demo_Prefabs/Demo_Explosions/Demo_CompleteShellExplosion - Large.prefab using Guid(43d1a72c058e8429a9256583c99b6d47) Importer(2089858483,192608db42251d675da83286b1cce702) (ScriptedImporter) -> (artifact id: '87e64c3557a2fb13a92e2b529e7ca0ec') in 0.0299471 seconds
Number of updated asset objects reloaded before import = 0Number of asset objects unloaded after import = 32

========================================================================
Received Import Request.
  Time since last request: 0.000021 seconds.
  path: Assets/_Tanks/Prefabs/Levels/Levels_Empty/LevelDesert_Empty.prefab
  artifactKey: Guid(ab1c9d0032e4b43cc8f8cd756eaacfba) Importer(2089858483,192608db42251d675da83286b1cce702)
Start importing Assets/_Tanks/Prefabs/Levels/Levels_Empty/LevelDesert_Empty.prefab using Guid(ab1c9d0032e4b43cc8f8cd756eaacfba) Importer(2089858483,192608db42251d675da83286b1cce702) (ScriptedImporter) -> (artifact id: '1b55bb5cbb8f860a685e33199d1d2cf0') in 0.0089856 seconds
Number of updated asset objects reloaded before import = 0Number of asset objects unloaded after import = 140

========================================================================
Received Import Request.
  Time since last request: 0.000031 seconds.
  path: Assets/Samples/XR Hands/1.6.1/HandVisualizer/Models/RightHand.fbx
  artifactKey: Guid(56186ccf27ad7864681108ed88349071) Importer(2089858483,192608db42251d675da83286b1cce702)
Start importing Assets/Samples/XR Hands/1.6.1/HandVisualizer/Models/RightHand.fbx using Guid(56186ccf27ad7864681108ed88349071) Importer(2089858483,192608db42251d675da83286b1cce702) (ScriptedImporter) -> (artifact id: '12199cb4be478ab7fe59093826316530') in 0.0099383 seconds
Number of updated asset objects reloaded before import = 0Number of asset objects unloaded after import = 60

========================================================================
Received Import Request.
  Time since last request: 0.000016 seconds.
  path: Assets/Samples/XR Hands/1.6.1/HandVisualizer/Materials/White.mat
  artifactKey: Guid(c3474c208278e814cb8d1c29aa806e81) Importer(2089858483,192608db42251d675da83286b1cce702)
Start importing Assets/Samples/XR Hands/1.6.1/HandVisualizer/Materials/White.mat using Guid(c3474c208278e814cb8d1c29aa806e81) Importer(2089858483,192608db42251d675da83286b1cce702) (ScriptedImporter) -> (artifact id: '0f16f009805b1a433c321694ffd9bd60') in 0.0282125 seconds
Number of updated asset objects reloaded before import = 0Number of asset objects unloaded after import = 1

========================================================================
Received Import Request.
  Time since last request: 0.000012 seconds.
  path: Assets/Samples/XR Interaction Toolkit/3.2.2/Hands Interaction Demo/AffordanceThemes/InteractionColor.asset
  artifactKey: Guid(2447c2ae63ed301429bb0f32f88ef8ce) Importer(2089858483,192608db42251d675da83286b1cce702)
Start importing Assets/Samples/XR Interaction Toolkit/3.2.2/Hands Interaction Demo/AffordanceThemes/InteractionColor.asset using Guid(2447c2ae63ed301429bb0f32f88ef8ce) Importer(2089858483,192608db42251d675da83286b1cce702) (ScriptedImporter) -> (artifact id: '28300ff054d300f663d811f99ac2dcc4') in 0.0106169 seconds
Number of updated asset objects reloaded before import = 0Number of asset objects unloaded after import = 1

========================================================================
Received Import Request.
  Time since last request: 0.000013 seconds.
  path: Assets/Samples/XR Hands/1.6.1/HandVisualizer/Prefabs/Right Hand Tracking.prefab
  artifactKey: Guid(3f7511fbc40ae7a4b89c3298a3de199d) Importer(2089858483,192608db42251d675da83286b1cce702)
Start importing Assets/Samples/XR Hands/1.6.1/HandVisualizer/Prefabs/Right Hand Tracking.prefab using Guid(3f7511fbc40ae7a4b89c3298a3de199d) Importer(2089858483,192608db42251d675da83286b1cce702) (ScriptedImporter) -> (artifact id: 'f4a17a4cb6147562b5e8aae585ade49f') in 0.0208502 seconds
Number of updated asset objects reloaded before import = 0Number of asset objects unloaded after import = 122

========================================================================
Received Import Request.
  Time since last request: 0.000019 seconds.
  path: Assets/Samples/XR Hands/1.6.1/HandVisualizer/Scripts/MaterialPipelineHandler.cs
  artifactKey: Guid(6772a216ed6f29c42abef904c7d6940d) Importer(2089858483,192608db42251d675da83286b1cce702)
Start importing Assets/Samples/XR Hands/1.6.1/HandVisualizer/Scripts/MaterialPipelineHandler.cs using Guid(6772a216ed6f29c42abef904c7d6940d) Importer(2089858483,192608db42251d675da83286b1cce702) (ScriptedImporter) -> (artifact id: '4cbd31521ba37c06d81e9cd619df0b76') in 0.0045157 seconds
Number of updated asset objects reloaded before import = 0Number of asset objects unloaded after import = 0

========================================================================
Received Import Request.
  Time since last request: 0.000024 seconds.
  path: Assets/_Tanks/Tutorial_Demo/Demo_Prefabs/Demo_Explosions/Demo_CompleteShellExplosion Variant.prefab
  artifactKey: Guid(077291cd414e64cc3acbb35634453b6d) Importer(2089858483,192608db42251d675da83286b1cce702)
Start importing Assets/_Tanks/Tutorial_Demo/Demo_Prefabs/Demo_Explosions/Demo_CompleteShellExplosion Variant.prefab using Guid(077291cd414e64cc3acbb35634453b6d) Importer(2089858483,192608db42251d675da83286b1cce702) (ScriptedImporter) -> (artifact id: 'eb81bba21437c3aa37760bf097b39fab') in 0.0295287 seconds
Number of updated asset objects reloaded before import = 0Number of asset objects unloaded after import = 32

========================================================================
Received Import Request.
  Time since last request: 0.000016 seconds.
  path: Assets/_Tanks/Scripts/UI/MobileControl/MobileUIControl.cs
  artifactKey: Guid(fe3aaa54f840b8943b088a231dabfe9c) Importer(2089858483,192608db42251d675da83286b1cce702)
Start importing Assets/_Tanks/Scripts/UI/MobileControl/MobileUIControl.cs using Guid(fe3aaa54f840b8943b088a231dabfe9c) Importer(2089858483,192608db42251d675da83286b1cce702) (ScriptedImporter) -> (artifact id: 'f6d9437c1d8a612b3c00e800cfceb1bc') in 0.0047873 seconds
Number of updated asset objects reloaded before import = 0Number of asset objects unloaded after import = 0

========================================================================
Received Import Request.
  Time since last request: 0.000019 seconds.
  path: Assets/Samples/XR Interaction Toolkit/3.2.2/Hands Interaction Demo/AffordanceThemes/PinchPointColor.asset
  artifactKey: Guid(1468864c36cbf39428681b1f0d9ef149) Importer(2089858483,192608db42251d675da83286b1cce702)
Start importing Assets/Samples/XR Interaction Toolkit/3.2.2/Hands Interaction Demo/AffordanceThemes/PinchPointColor.asset using Guid(1468864c36cbf39428681b1f0d9ef149) Importer(2089858483,192608db42251d675da83286b1cce702) (ScriptedImporter) -> (artifact id: 'd760b904bb6b7139038f7a790ada2e68') in 0.0052731 seconds
Number of updated asset objects reloaded before import = 0Number of asset objects unloaded after import = 1

========================================================================
Received Import Request.
  Time since last request: 0.000016 seconds.
  path: Assets/_Tanks/Prefabs/Levels/Levels_Empty/LevelMoon_Empty.prefab
  artifactKey: Guid(ac60d89986f6642c28217546bd77f2e9) Importer(2089858483,192608db42251d675da83286b1cce702)
Start importing Assets/_Tanks/Prefabs/Levels/Levels_Empty/LevelMoon_Empty.prefab using Guid(ac60d89986f6642c28217546bd77f2e9) Importer(2089858483,192608db42251d675da83286b1cce702) (ScriptedImporter) -> (artifact id: '12ccd4cec5e65fc0dff817269cf50f1d') in 0.0074458 seconds
Number of updated asset objects reloaded before import = 0Number of asset objects unloaded after import = 107

========================================================================
Received Import Request.
  Time since last request: 0.000016 seconds.
  path: Assets/Samples/XR Interaction Toolkit/3.2.2/Hands Interaction Demo/Prefabs/LeftHandQuestVisual.prefab
  artifactKey: Guid(ffd656bf2a3ba3d41b1e4a94b81b7c85) Importer(2089858483,192608db42251d675da83286b1cce702)
Start importing Assets/Samples/XR Interaction Toolkit/3.2.2/Hands Interaction Demo/Prefabs/LeftHandQuestVisual.prefab using Guid(ffd656bf2a3ba3d41b1e4a94b81b7c85) Importer(2089858483,192608db42251d675da83286b1cce702) (ScriptedImporter) -> (artifact id: 'b98a604c505425346d91950a19819b9d') in 0.014313 seconds
Number of updated asset objects reloaded before import = 0Number of asset objects unloaded after import = 137

========================================================================
Received Import Request.
  Time since last request: 0.000025 seconds.
  path: Assets/Samples/XR Interaction Toolkit/3.2.2/Hands Interaction Demo/Prefabs/XR Origin Hands (XR Rig).prefab
  artifactKey: Guid(d6878e1999eb4b44a9f5a263af86c185) Importer(2089858483,192608db42251d675da83286b1cce702)
Start importing Assets/Samples/XR Interaction Toolkit/3.2.2/Hands Interaction Demo/Prefabs/XR Origin Hands (XR Rig).prefab using Guid(d6878e1999eb4b44a9f5a263af86c185) Importer(2089858483,192608db42251d675da83286b1cce702) (ScriptedImporter) -> (artifact id: 'cf1ac877b0be565f5ca49257903502d8') in 0.0878456 seconds
Number of updated asset objects reloaded before import = 0Number of asset objects unloaded after import = 1097

========================================================================
Received Import Request.
  Time since last request: 0.000039 seconds.
  path: Assets/Samples/XR Interaction Toolkit/3.2.2/Hands Interaction Demo/Prefabs/HandMenuRig.prefab
  artifactKey: Guid(58011bca9681c484080084eccc4cb150) Importer(2089858483,192608db42251d675da83286b1cce702)
Start importing Assets/Samples/XR Interaction Toolkit/3.2.2/Hands Interaction Demo/Prefabs/HandMenuRig.prefab using Guid(58011bca9681c484080084eccc4cb150) Importer(2089858483,192608db42251d675da83286b1cce702) (ScriptedImporter) -> (artifact id: 'deeba76d03fbc84ba1a70228f1be117c') in 0.0260392 seconds
Number of updated asset objects reloaded before import = 0Number of asset objects unloaded after import = 22

========================================================================
Received Import Request.
  Time since last request: 0.000016 seconds.
  path: Assets/Samples/XR Interaction Toolkit/3.2.2/Hands Interaction Demo/Scripts/PokeGestureDetector.cs
  artifactKey: Guid(dbac611a2982409ab5f5e604f53bcad0) Importer(2089858483,192608db42251d675da83286b1cce702)
Start importing Assets/Samples/XR Interaction Toolkit/3.2.2/Hands Interaction Demo/Scripts/PokeGestureDetector.cs using Guid(dbac611a2982409ab5f5e604f53bcad0) Importer(2089858483,192608db42251d675da83286b1cce702) (ScriptedImporter) -> (artifact id: '776a12001d0c2b07d92704755debdfbf') in 0.0040866 seconds
Number of updated asset objects reloaded before import = 0Number of asset objects unloaded after import = 0

========================================================================
Received Import Request.
  Time since last request: 0.000017 seconds.
  path: Assets/Samples/XR Interaction Toolkit/3.2.2/Hands Interaction Demo/Scripts/PinchPointFollow.cs
  artifactKey: Guid(8693657abb5062a40a80ba3cb86ef181) Importer(2089858483,192608db42251d675da83286b1cce702)
Start importing Assets/Samples/XR Interaction Toolkit/3.2.2/Hands Interaction Demo/Scripts/PinchPointFollow.cs using Guid(8693657abb5062a40a80ba3cb86ef181) Importer(2089858483,192608db42251d675da83286b1cce702) (ScriptedImporter) -> (artifact id: 'd6679eca1a50b7303b18aab5a8439b8f') in 0.004417 seconds
Number of updated asset objects reloaded before import = 0Number of asset objects unloaded after import = 0

========================================================================
Received Import Request.
  Time since last request: 0.000019 seconds.
  path: Assets/Samples/XR Interaction Toolkit/3.2.2/Hands Interaction Demo/DatumPresets/Menu Hands Follow Preset.asset
  artifactKey: Guid(15088c60ea1e00448a95ebaef96316da) Importer(2089858483,192608db42251d675da83286b1cce702)
Start importing Assets/Samples/XR Interaction Toolkit/3.2.2/Hands Interaction Demo/DatumPresets/Menu Hands Follow Preset.asset using Guid(15088c60ea1e00448a95ebaef96316da) Importer(2089858483,192608db42251d675da83286b1cce702) (ScriptedImporter) -> (artifact id: '1e56a1e0fad7c9923ec36033d74647b7') in 0.0062593 seconds
Number of updated asset objects reloaded before import = 0Number of asset objects unloaded after import = 1

========================================================================
Received Import Request.
  Time since last request: 0.000017 seconds.
  path: Assets/Samples/XR Interaction Toolkit/3.2.2/Hands Interaction Demo/Prefabs/InteractionAffordance.prefab
  artifactKey: Guid(9a5f820ee9c46b64294ae756b459a681) Importer(2089858483,192608db42251d675da83286b1cce702)
Start importing Assets/Samples/XR Interaction Toolkit/3.2.2/Hands Interaction Demo/Prefabs/InteractionAffordance.prefab using Guid(9a5f820ee9c46b64294ae756b459a681) Importer(2089858483,192608db42251d675da83286b1cce702) (ScriptedImporter) -> (artifact id: 'e9efdd696da36e5402e9e6285628c5eb') in 0.02614 seconds
Number of updated asset objects reloaded before import = 0Number of asset objects unloaded after import = 19

========================================================================
Received Import Request.
  Time since last request: 0.000018 seconds.
  path: Assets/Samples/XR Interaction Toolkit/3.2.2/Hands Interaction Demo/Prefabs/PinchPointStabilized.prefab
  artifactKey: Guid(88b12c0ca81d9a34eac32a1e1bd19b1c) Importer(2089858483,192608db42251d675da83286b1cce702)
Start importing Assets/Samples/XR Interaction Toolkit/3.2.2/Hands Interaction Demo/Prefabs/PinchPointStabilized.prefab using Guid(88b12c0ca81d9a34eac32a1e1bd19b1c) Importer(2089858483,192608db42251d675da83286b1cce702) (ScriptedImporter) -> (artifact id: '6b1a92e3cd63f6ba734a3446c691709e') in 0.0815476 seconds
Number of updated asset objects reloaded before import = 0Number of asset objects unloaded after import = 26

========================================================================
Received Import Request.
  Time since last request: 0.000020 seconds.
  path: Assets/Samples/XR Interaction Toolkit/3.2.2/Hands Interaction Demo/Shaders/Unity_Hand_Noise_HDR.shadergraph
  artifactKey: Guid(882bbd70d867c23418d3e8aef80294aa) Importer(2089858483,192608db42251d675da83286b1cce702)
Start importing Assets/Samples/XR Interaction Toolkit/3.2.2/Hands Interaction Demo/Shaders/Unity_Hand_Noise_HDR.shadergraph using Guid(882bbd70d867c23418d3e8aef80294aa) Importer(2089858483,192608db42251d675da83286b1cce702) (ScriptedImporter) -> (artifact id: '9cc7b9211f115bfae9c0812f50d0f8a5') in 0.1888175 seconds
Number of updated asset objects reloaded before import = 0Number of asset objects unloaded after import = 10

========================================================================
Received Import Request.
  Time since last request: 0.000022 seconds.
  path: Assets/Samples/XR Interaction Toolkit/3.2.2/Hands Interaction Demo/Shaders/DepthOnly.shader
  artifactKey: Guid(3ff7faa3aa8991a4eb1a459f880a75a6) Importer(2089858483,192608db42251d675da83286b1cce702)
Start importing Assets/Samples/XR Interaction Toolkit/3.2.2/Hands Interaction Demo/Shaders/DepthOnly.shader using Guid(3ff7faa3aa8991a4eb1a459f880a75a6) Importer(2089858483,192608db42251d675da83286b1cce702) (ScriptedImporter) -> (artifact id: '6e4298810a3c56a1acbb24568ab18976') in 0.004653 seconds
Number of updated asset objects reloaded before import = 0Number of asset objects unloaded after import = 1

========================================================================
Received Import Request.
  Time since last request: 0.000034 seconds.
  path: Assets/Samples/XR Interaction Toolkit/3.2.2/Starter Assets/Editor/StarterAssets.Editor.asmdef
  artifactKey: Guid(9233538b711383d449a485633568d17c) Importer(2089858483,192608db42251d675da83286b1cce702)
Start importing Assets/Samples/XR Interaction Toolkit/3.2.2/Starter Assets/Editor/StarterAssets.Editor.asmdef using Guid(9233538b711383d449a485633568d17c) Importer(2089858483,192608db42251d675da83286b1cce702) (ScriptedImporter) -> (artifact id: '6662a26b6d335ed76105b971defc505c') in 0.0038602 seconds
Number of updated asset objects reloaded before import = 0Number of asset objects unloaded after import = 1

========================================================================
Received Import Request.
  Time since last request: 0.000016 seconds.
  path: Assets/Samples/XR Interaction Toolkit/3.2.2/Starter Assets/Materials/Interactable.mat
  artifactKey: Guid(76618f7490c40334fa7b685859587d2e) Importer(2089858483,192608db42251d675da83286b1cce702)
Start importing Assets/Samples/XR Interaction Toolkit/3.2.2/Starter Assets/Materials/Interactable.mat using Guid(76618f7490c40334fa7b685859587d2e) Importer(2089858483,192608db42251d675da83286b1cce702) (ScriptedImporter) -> (artifact id: '7542597a6e00cecb8a27c63fa7a841bc') in 0.1489411 seconds
Number of updated asset objects reloaded before import = 0Number of asset objects unloaded after import = 8

========================================================================
Received Import Request.
  Time since last request: 0.000026 seconds.
  path: Assets/Samples/XR Interaction Toolkit/3.2.2/Starter Assets/Models/Reticle_Torus.fbx
  artifactKey: Guid(be2911572dc3afa448d24b4e97edc5f1) Importer(2089858483,192608db42251d675da83286b1cce702)
Start importing Assets/Samples/XR Interaction Toolkit/3.2.2/Starter Assets/Models/Reticle_Torus.fbx using Guid(be2911572dc3afa448d24b4e97edc5f1) Importer(2089858483,192608db42251d675da83286b1cce702) (ScriptedImporter) -> (artifact id: 'baa819af886fd5731896c57c956cf67c') in 0.0134354 seconds
Number of updated asset objects reloaded before import = 0Number of asset objects unloaded after import = 9

========================================================================
Received Import Request.
  Time since last request: 0.000032 seconds.
  path: Assets/Samples/XR Interaction Toolkit/3.2.2/Starter Assets/Prefabs/Permissions Manager.prefab
  artifactKey: Guid(faf53399145e13c4b992b14c97b5f4c0) Importer(2089858483,192608db42251d675da83286b1cce702)
Start importing Assets/Samples/XR Interaction Toolkit/3.2.2/Starter Assets/Prefabs/Permissions Manager.prefab using Guid(faf53399145e13c4b992b14c97b5f4c0) Importer(2089858483,192608db42251d675da83286b1cce702) (ScriptedImporter) -> (artifact id: 'ca8be717354a74795e2a7dc86c9f6f69') in 0.0072151 seconds
Number of updated asset objects reloaded before import = 0Number of asset objects unloaded after import = 5

========================================================================
Received Import Request.
  Time since last request: 0.000019 seconds.
  path: Assets/Samples/XR Interaction Toolkit/3.2.2/Starter Assets/Prefabs/XR Origin (XR Rig).prefab
  artifactKey: Guid(f6336ac4ac8b4d34bc5072418cdc62a0) Importer(2089858483,192608db42251d675da83286b1cce702)
Start importing Assets/Samples/XR Interaction Toolkit/3.2.2/Starter Assets/Prefabs/XR Origin (XR Rig).prefab using Guid(f6336ac4ac8b4d34bc5072418cdc62a0) Importer(2089858483,192608db42251d675da83286b1cce702) (ScriptedImporter) -> (artifact id: '28cd2e5cbe7296e694d1ac3fe7529e67') in 0.0258013 seconds
Number of updated asset objects reloaded before import = 0Number of asset objects unloaded after import = 356

========================================================================
Received Import Request.
  Time since last request: 0.000027 seconds.
  path: Assets/Samples/XR Interaction Toolkit/3.2.2/Hands Interaction Demo/Scripts/ReleaseThresholdButtonReader.cs
  artifactKey: Guid(63f61d1c82c9fc6429ebd4791a4d6817) Importer(2089858483,192608db42251d675da83286b1cce702)
Start importing Assets/Samples/XR Interaction Toolkit/3.2.2/Hands Interaction Demo/Scripts/ReleaseThresholdButtonReader.cs using Guid(63f61d1c82c9fc6429ebd4791a4d6817) Importer(2089858483,192608db42251d675da83286b1cce702) (ScriptedImporter) -> (artifact id: '14212558d72a9d7cf2c89f10b7bcb027') in 0.0045957 seconds
Number of updated asset objects reloaded before import = 0Number of asset objects unloaded after import = 0

========================================================================
Received Import Request.
  Time since last request: 0.000018 seconds.
  path: Assets/Samples/XR Interaction Toolkit/3.2.2/Starter Assets/Models/Primitive_Cylinder.fbx
  artifactKey: Guid(9e1dc1c14313460d872de39e35129b39) Importer(2089858483,192608db42251d675da83286b1cce702)
Start importing Assets/Samples/XR Interaction Toolkit/3.2.2/Starter Assets/Models/Primitive_Cylinder.fbx using Guid(9e1dc1c14313460d872de39e35129b39) Importer(2089858483,192608db42251d675da83286b1cce702) (ScriptedImporter) -> (artifact id: '6988e2df3cdb07a24593644fd3365738') in 0.0169919 seconds
Number of updated asset objects reloaded before import = 0Number of asset objects unloaded after import = 9

========================================================================
Received Import Request.
  Time since last request: 0.000019 seconds.
  path: Assets/Samples/XR Interaction Toolkit/3.2.2/Starter Assets/Animations/ArrowBounce.anim
  artifactKey: Guid(ebfa13455423c254e943b87bf6e1f310) Importer(2089858483,192608db42251d675da83286b1cce702)
Start importing Assets/Samples/XR Interaction Toolkit/3.2.2/Starter Assets/Animations/ArrowBounce.anim using Guid(ebfa13455423c254e943b87bf6e1f310) Importer(2089858483,192608db42251d675da83286b1cce702) (ScriptedImporter) -> (artifact id: '5475a8349e650dd0b58e4174eb68d6ce') in 0.0117972 seconds
Number of updated asset objects reloaded before import = 0Number of asset objects unloaded after import = 1

========================================================================
Received Import Request.
  Time since last request: 0.000032 seconds.
  path: Assets/Samples/XR Interaction Toolkit/3.2.2/Hands Interaction Demo/Materials/Unity_Hand_Light.mat
  artifactKey: Guid(1e4454c94a0cbda42814c4fb8df151d7) Importer(2089858483,192608db42251d675da83286b1cce702)
Start importing Assets/Samples/XR Interaction Toolkit/3.2.2/Hands Interaction Demo/Materials/Unity_Hand_Light.mat using Guid(1e4454c94a0cbda42814c4fb8df151d7) Importer(2089858483,192608db42251d675da83286b1cce702) (ScriptedImporter) -> (artifact id: '328394dfb801b41b4c090e49037a0c31') in 0.1687489 seconds
Number of updated asset objects reloaded before import = 0Number of asset objects unloaded after import = 11

========================================================================
Received Import Request.
  Time since last request: 0.000019 seconds.
  path: Assets/Samples/XR Interaction Toolkit/3.2.2/Starter Assets/Presets/XRI Default XR UI Input Module.preset
  artifactKey: Guid(2c3e7ff9ab352b74da862a5a8779b276) Importer(2089858483,192608db42251d675da83286b1cce702)
Start importing Assets/Samples/XR Interaction Toolkit/3.2.2/Starter Assets/Presets/XRI Default XR UI Input Module.preset using Guid(2c3e7ff9ab352b74da862a5a8779b276) Importer(2089858483,192608db42251d675da83286b1cce702) (ScriptedImporter) -> (artifact id: 'd04f83850febc03729ab3fa3f3dbf7d0') in 0.0141939 seconds
Number of updated asset objects reloaded before import = 0Number of asset objects unloaded after import = 10

========================================================================
Received Import Request.
  Time since last request: 0.000031 seconds.
  path: Assets/Samples/XR Interaction Toolkit/3.2.2/Starter Assets/Shaders/BiRP_Fresnel.shader
  artifactKey: Guid(b24c216c4acb0094c892a61dfbbb76b4) Importer(2089858483,192608db42251d675da83286b1cce702)
Start importing Assets/Samples/XR Interaction Toolkit/3.2.2/Starter Assets/Shaders/BiRP_Fresnel.shader using Guid(b24c216c4acb0094c892a61dfbbb76b4) Importer(2089858483,192608db42251d675da83286b1cce702) (ScriptedImporter) -> (artifact id: '55162646c59fbc99231cda80e67b7499') in 0.0055604 seconds
Number of updated asset objects reloaded before import = 0Number of asset objects unloaded after import = 1

========================================================================
Received Import Request.
  Time since last request: 0.000018 seconds.
  path: Assets/Samples/XR Interaction Toolkit/3.2.2/Starter Assets/Presets/XRI Default Snap Turn.preset
  artifactKey: Guid(5d3a60dbf2f04694f9060712df89debb) Importer(2089858483,192608db42251d675da83286b1cce702)
Start importing Assets/Samples/XR Interaction Toolkit/3.2.2/Starter Assets/Presets/XRI Default Snap Turn.preset using Guid(5d3a60dbf2f04694f9060712df89debb) Importer(2089858483,192608db42251d675da83286b1cce702) (ScriptedImporter) -> (artifact id: '5b1115aaf59088d22f9420f7a3f50283') in 0.0063582 seconds
Number of updated asset objects reloaded before import = 0Number of asset objects unloaded after import = 4

========================================================================
Received Import Request.
  Time since last request: 0.000021 seconds.
  path: Assets/Samples/XR Interaction Toolkit/3.2.2/Starter Assets/Scripts/ObjectSpawner.cs
  artifactKey: Guid(956dd6cf70eaca449a45b6a95b96c8c1) Importer(2089858483,192608db42251d675da83286b1cce702)
Start importing Assets/Samples/XR Interaction Toolkit/3.2.2/Starter Assets/Scripts/ObjectSpawner.cs using Guid(956dd6cf70eaca449a45b6a95b96c8c1) Importer(2089858483,192608db42251d675da83286b1cce702) (ScriptedImporter) -> (artifact id: 'bc25bec26dca68cd2f1d7f19fec7167a') in 0.0037764 seconds
Number of updated asset objects reloaded before import = 0Number of asset objects unloaded after import = 0

========================================================================
Received Import Request.
  Time since last request: 0.000016 seconds.
  path: Assets/Samples/XR Interaction Toolkit/3.2.2/Starter Assets/Presets/XRI Default Right Grab Move.preset
  artifactKey: Guid(fdc4f514b7b1e9c4eb39713ad9dd4eba) Importer(2089858483,192608db42251d675da83286b1cce702)
Start importing Assets/Samples/XR Interaction Toolkit/3.2.2/Starter Assets/Presets/XRI Default Right Grab Move.preset using Guid(fdc4f514b7b1e9c4eb39713ad9dd4eba) Importer(2089858483,192608db42251d675da83286b1cce702) (ScriptedImporter) -> (artifact id: 'af2e3b7dd0f551f0f7a8cb2c6c8e2c19') in 0.0077031 seconds
Number of updated asset objects reloaded before import = 0Number of asset objects unloaded after import = 3

========================================================================
Received Import Request.
  Time since last request: 0.000019 seconds.
  path: Assets/Samples/XR Interaction Toolkit/3.2.2/Starter Assets/Materials/Telport Anchor.mat
  artifactKey: Guid(fd3c5d8fce991e04f9c11109dde95b3b) Importer(2089858483,192608db42251d675da83286b1cce702)
Start importing Assets/Samples/XR Interaction Toolkit/3.2.2/Starter Assets/Materials/Telport Anchor.mat using Guid(fd3c5d8fce991e04f9c11109dde95b3b) Importer(2089858483,192608db42251d675da83286b1cce702) (ScriptedImporter) -> (artifact id: '6064494842d8130b6b3eaed556f4056a') in 0.0061541 seconds
Number of updated asset objects reloaded before import = 0Number of asset objects unloaded after import = 2

========================================================================
Received Import Request.
  Time since last request: 0.000018 seconds.
  path: Assets/Samples/XR Interaction Toolkit/3.2.2/Starter Assets/Models/Primitive_Wedge.fbx
  artifactKey: Guid(ab3a79eba4de4be0ad5fead9fb858190) Importer(2089858483,192608db42251d675da83286b1cce702)
Start importing Assets/Samples/XR Interaction Toolkit/3.2.2/Starter Assets/Models/Primitive_Wedge.fbx using Guid(ab3a79eba4de4be0ad5fead9fb858190) Importer(2089858483,192608db42251d675da83286b1cce702) (ScriptedImporter) -> (artifact id: '14b10551d88a9310de588d4792b07ce3') in 0.0111328 seconds
Number of updated asset objects reloaded before import = 0Number of asset objects unloaded after import = 9

========================================================================
Received Import Request.
  Time since last request: 0.000027 seconds.
  path: Assets/Samples/XR Interaction Toolkit/3.2.2/Starter Assets/Materials/UI-NoZTest.mat
  artifactKey: Guid(6f3d696f7c3365846b6dc2402afb3d3e) Importer(2089858483,192608db42251d675da83286b1cce702)
Start importing Assets/Samples/XR Interaction Toolkit/3.2.2/Starter Assets/Materials/UI-NoZTest.mat using Guid(6f3d696f7c3365846b6dc2402afb3d3e) Importer(2089858483,192608db42251d675da83286b1cce702) (ScriptedImporter) -> (artifact id: 'feba4fdf3590e550b52f3fd624fb52b9') in 0.0291784 seconds
Number of updated asset objects reloaded before import = 0Number of asset objects unloaded after import = 1

========================================================================
Received Import Request.
  Time since last request: 0.000022 seconds.
  path: Assets/Samples/XR Interaction Toolkit/3.2.2/XR Device Simulator/Hand Expression Captures/Fist Expression Capture.asset
  artifactKey: Guid(2a7c8ca0feac7cc44a5c225164ef311d) Importer(2089858483,192608db42251d675da83286b1cce702)
Start importing Assets/Samples/XR Interaction Toolkit/3.2.2/XR Device Simulator/Hand Expression Captures/Fist Expression Capture.asset using Guid(2a7c8ca0feac7cc44a5c225164ef311d) Importer(2089858483,192608db42251d675da83286b1cce702) (ScriptedImporter) -> (artifact id: '65f0ba13792d966ea8a00ac384bf3cc7') in 0.0057808 seconds
Number of updated asset objects reloaded before import = 0Number of asset objects unloaded after import = 2

========================================================================
Received Import Request.
  Time since last request: 0.000017 seconds.
  path: Assets/resources/Scripts/Deck/UnitData.cs
  artifactKey: Guid(ea6964888e81cb648aa6ef0d0af27d56) Importer(2089858483,192608db42251d675da83286b1cce702)
Start importing Assets/resources/Scripts/Deck/UnitData.cs using Guid(ea6964888e81cb648aa6ef0d0af27d56) Importer(2089858483,192608db42251d675da83286b1cce702) (ScriptedImporter) -> (artifact id: 'abf4211b1e44f447ee1f2e8bbec41aa9') in 0.0040089 seconds
Number of updated asset objects reloaded before import = 0Number of asset objects unloaded after import = 0

========================================================================
Received Import Request.
  Time since last request: 0.000015 seconds.
  path: Assets/resources/UI/Img-TankButton.jpeg
  artifactKey: Guid(665482ecac1c7ab44a13c11b388cd540) Importer(2089858483,192608db42251d675da83286b1cce702)
Start importing Assets/resources/UI/Img-TankButton.jpeg using Guid(665482ecac1c7ab44a13c11b388cd540) Importer(2089858483,192608db42251d675da83286b1cce702) (ScriptedImporter) -> (artifact id: '881ba936ac97c1d81a09acb109280fde') in 0.0099327 seconds
Number of updated asset objects reloaded before import = 0Number of asset objects unloaded after import = 1

========================================================================
Received Import Request.
  Time since last request: 0.000021 seconds.
  path: Assets/Samples/XR Interaction Toolkit/3.2.2/XR Device Simulator/Hand Expression Captures/Grab Expression Capture.asset
  artifactKey: Guid(3861c298d39c60c44b16920421444875) Importer(2089858483,192608db42251d675da83286b1cce702)
Start importing Assets/Samples/XR Interaction Toolkit/3.2.2/XR Device Simulator/Hand Expression Captures/Grab Expression Capture.asset using Guid(3861c298d39c60c44b16920421444875) Importer(2089858483,192608db42251d675da83286b1cce702) (ScriptedImporter) -> (artifact id: 'fb84dd261ce01d90b940600b421f03e4') in 0.0055409 seconds
Number of updated asset objects reloaded before import = 0Number of asset objects unloaded after import = 2

========================================================================
Received Import Request.
  Time since last request: 0.000023 seconds.
  path: Assets/Samples/XR Interaction Toolkit/3.2.2/Starter Assets/TunnelingVignette/TunnelingVignette.mat
  artifactKey: Guid(0a35b7e20f75a8540a2c14b9555078cb) Importer(2089858483,192608db42251d675da83286b1cce702)
Start importing Assets/Samples/XR Interaction Toolkit/3.2.2/Starter Assets/TunnelingVignette/TunnelingVignette.mat using Guid(0a35b7e20f75a8540a2c14b9555078cb) Importer(2089858483,192608db42251d675da83286b1cce702) (ScriptedImporter) -> (artifact id: '6646f8558d31bb3e9d9be900636149ad') in 0.0044508 seconds
Number of updated asset objects reloaded before import = 0Number of asset objects unloaded after import = 1

========================================================================
Received Import Request.
  Time since last request: 0.000029 seconds.
  path: Assets/Samples/XR Interaction Toolkit/3.2.2/World Space UI/Styles/XRIStyleSheet.uss
  artifactKey: Guid(3245a7d03283da54db4385c49204e816) Importer(2089858483,192608db42251d675da83286b1cce702)
Start importing Assets/Samples/XR Interaction Toolkit/3.2.2/World Space UI/Styles/XRIStyleSheet.uss using Guid(3245a7d03283da54db4385c49204e816) Importer(2089858483,192608db42251d675da83286b1cce702) (ScriptedImporter) -> (artifact id: '4c0eb85390bebc00c18b56a1bebb742e') in 0.0147406 seconds
Number of updated asset objects reloaded before import = 0Number of asset objects unloaded after import = 2

========================================================================
Received Import Request.
  Time since last request: 0.000015 seconds.
  path: Assets/Samples/XR Interaction Toolkit/3.2.2/World Space UI/Scripts/ButtonEventSample.cs
  artifactKey: Guid(5345bc124e1e3414ebfe45fcefcf17a7) Importer(2089858483,192608db42251d675da83286b1cce702)
Start importing Assets/Samples/XR Interaction Toolkit/3.2.2/World Space UI/Scripts/ButtonEventSample.cs using Guid(5345bc124e1e3414ebfe45fcefcf17a7) Importer(2089858483,192608db42251d675da83286b1cce702) (ScriptedImporter) -> (artifact id: '84f886c89f589e413dfd8be666b49a9d') in 0.0042786 seconds
Number of updated asset objects reloaded before import = 0Number of asset objects unloaded after import = 0

========================================================================
Received Import Request.
  Time since last request: 0.000016 seconds.
  path: Assets/Samples/XR Interaction Toolkit/3.2.2/World Space UI/Editor/WorldSpaceUI.Editor.asmdef
  artifactKey: Guid(483b95bf5573300428fddc699a5993ca) Importer(2089858483,192608db42251d675da83286b1cce702)
Start importing Assets/Samples/XR Interaction Toolkit/3.2.2/World Space UI/Editor/WorldSpaceUI.Editor.asmdef using Guid(483b95bf5573300428fddc699a5993ca) Importer(2089858483,192608db42251d675da83286b1cce702) (ScriptedImporter) -> (artifact id: '9c98c4dd246ee53183f055efba278f03') in 0.0055158 seconds
Number of updated asset objects reloaded before import = 0Number of asset objects unloaded after import = 1

========================================================================
Received Import Request.
  Time since last request: 0.000026 seconds.
  path: Assets/Samples/XR Interaction Toolkit/3.2.2/World Space UI/Styles/XRIDefaultRuntimeTheme.tss
  artifactKey: Guid(511976cd788ea5442a20b479849b0cef) Importer(2089858483,192608db42251d675da83286b1cce702)
Start importing Assets/Samples/XR Interaction Toolkit/3.2.2/World Space UI/Styles/XRIDefaultRuntimeTheme.tss using Guid(511976cd788ea5442a20b479849b0cef) Importer(2089858483,192608db42251d675da83286b1cce702) (ScriptedImporter) -> (artifact id: 'ebd73e9641bc40cab623ed4b13fa1699') in 0.0556554 seconds
Number of updated asset objects reloaded before import = 0Number of asset objects unloaded after import = 28

========================================================================
Received Import Request.
  Time since last request: 0.000020 seconds.
  path: Assets/_Tanks/Tutorial_Demo/Demo_Scenes/Demo_Scene_Data/Demo_LightingData/Lightmap-1_comp_dir.png
  artifactKey: Guid(144288ae8f51047e6a7aff3d483cba8b) Importer(2089858483,192608db42251d675da83286b1cce702)
Start importing Assets/_Tanks/Tutorial_Demo/Demo_Scenes/Demo_Scene_Data/Demo_LightingData/Lightmap-1_comp_dir.png using Guid(144288ae8f51047e6a7aff3d483cba8b) Importer(2089858483,192608db42251d675da83286b1cce702) (ScriptedImporter) -> (artifact id: '10d7a4224a0d2471513a25b47bcd60cd') in 0.0110724 seconds
Number of updated asset objects reloaded before import = 0Number of asset objects unloaded after import = 1

========================================================================
Received Import Request.
  Time since last request: 0.000025 seconds.
  path: Assets/_Tanks/Tutorial_Demo/Demo_Scenes/Demo_Scene_Data/Demo_LightingData/Lightmap-0_comp_light.exr
  artifactKey: Guid(291a76209f2f94cb189ccac7ba6b106a) Importer(2089858483,192608db42251d675da83286b1cce702)
Start importing Assets/_Tanks/Tutorial_Demo/Demo_Scenes/Demo_Scene_Data/Demo_LightingData/Lightmap-0_comp_light.exr using Guid(291a76209f2f94cb189ccac7ba6b106a) Importer(2089858483,192608db42251d675da83286b1cce702) (ScriptedImporter) -> (artifact id: '62c2d95cde2ac37196177832db46e6b1') in 0.009861 seconds
Number of updated asset objects reloaded before import = 0Number of asset objects unloaded after import = 1

========================================================================
Received Import Request.
  Time since last request: 0.000023 seconds.
  path: Assets/_Tanks/Tutorial_Demo/Demo_Scenes/Demo_Scene_Data/Demo_LightingData/Demo_LightingData.asset
  artifactKey: Guid(aff92dff4926244718b861f7a58ad01e) Importer(2089858483,192608db42251d675da83286b1cce702)
Start importing Assets/_Tanks/Tutorial_Demo/Demo_Scenes/Demo_Scene_Data/Demo_LightingData/Demo_LightingData.asset using Guid(aff92dff4926244718b861f7a58ad01e) Importer(2089858483,192608db42251d675da83286b1cce702) (ScriptedImporter) -> (artifact id: '2272a50507f802db127ed608632836c3') in 0.0061918 seconds
Number of updated asset objects reloaded before import = 0Number of asset objects unloaded after import = 2

========================================================================
Received Import Request.
  Time since last request: 0.000019 seconds.
  path: Assets/_Tanks/Tutorial_Demo/Demo_Scenes/Demo_Scene_Data/Demo_LightingData/Demo_Lighting_Settings.lighting
  artifactKey: Guid(26b33e4012b40491b9f8fae3e5fdbb21) Importer(2089858483,192608db42251d675da83286b1cce702)
Start importing Assets/_Tanks/Tutorial_Demo/Demo_Scenes/Demo_Scene_Data/Demo_LightingData/Demo_Lighting_Settings.lighting using Guid(26b33e4012b40491b9f8fae3e5fdbb21) Importer(2089858483,192608db42251d675da83286b1cce702) (ScriptedImporter)LightingSettings: switching bake backend from 1 to 2.
 -> (artifact id: '3271db54067fd308c78d828d9de3ab77') in 0.0194737 seconds
Number of updated asset objects reloaded before import = 0Number of asset objects unloaded after import = 1

========================================================================
Received Import Request.
  Time since last request: 0.000015 seconds.
  path: Assets/_Tanks/Scripts/UI/MobileControl/VirtualInputs/UIVirtualJoystick.cs
  artifactKey: Guid(f2cb8c4d669392748bb924209de33b85) Importer(2089858483,192608db42251d675da83286b1cce702)
Start importing Assets/_Tanks/Scripts/UI/MobileControl/VirtualInputs/UIVirtualJoystick.cs using Guid(f2cb8c4d669392748bb924209de33b85) Importer(2089858483,192608db42251d675da83286b1cce702) (ScriptedImporter) -> (artifact id: '3bee77986707ff584d2b2bff82ee6ad6') in 0.0035123 seconds
Number of updated asset objects reloaded before import = 0Number of asset objects unloaded after import = 0

========================================================================
Received Import Request.
  Time since last request: 0.000019 seconds.
  path: Assets/Samples/XR Interaction Toolkit/3.2.2/World Space UI/Prefabs/UI Toolkit Button With Event.prefab
  artifactKey: Guid(caf800b23eaab994d9398c44d553214c) Importer(2089858483,192608db42251d675da83286b1cce702)
Start importing Assets/Samples/XR Interaction Toolkit/3.2.2/World Space UI/Prefabs/UI Toolkit Button With Event.prefab using Guid(caf800b23eaab994d9398c44d553214c) Importer(2089858483,192608db42251d675da83286b1cce702) (ScriptedImporter) -> (artifact id: 'cd990162ad478571af79e2860835f5e5') in 0.057653 seconds
Number of updated asset objects reloaded before import = 0Number of asset objects unloaded after import = 42

========================================================================
Received Import Request.
  Time since last request: 0.000033 seconds.
  path: Assets/Samples/XR Interaction Toolkit/3.2.2/XR Device Simulator/Scripts/XRDeviceSimulatorHandsUI.cs
  artifactKey: Guid(f35ac646ecbef4ece8c3eac9e74e1828) Importer(2089858483,192608db42251d675da83286b1cce702)
Start importing Assets/Samples/XR Interaction Toolkit/3.2.2/XR Device Simulator/Scripts/XRDeviceSimulatorHandsUI.cs using Guid(f35ac646ecbef4ece8c3eac9e74e1828) Importer(2089858483,192608db42251d675da83286b1cce702) (ScriptedImporter) -> (artifact id: 'f70c074a9edbc6e47d0824bd4555d287') in 0.0039508 seconds
Number of updated asset objects reloaded before import = 0Number of asset objects unloaded after import = 0

========================================================================
Received Import Request.
  Time since last request: 0.000016 seconds.
  path: Assets/Samples/XR Interaction Toolkit/3.2.2/Starter Assets/Shaders/Unlit_ShaderGraph.shadergraph
  artifactKey: Guid(740445f1490c01e4b8feacf8d9ab5e7f) Importer(2089858483,192608db42251d675da83286b1cce702)
Start importing Assets/Samples/XR Interaction Toolkit/3.2.2/Starter Assets/Shaders/Unlit_ShaderGraph.shadergraph using Guid(740445f1490c01e4b8feacf8d9ab5e7f) Importer(2089858483,192608db42251d675da83286b1cce702) (ScriptedImporter) -> (artifact id: '69646d3fffcc8218a866e4274d848c83') in 0.1595005 seconds
Number of updated asset objects reloaded before import = 0Number of asset objects unloaded after import = 6

========================================================================
Received Import Request.
  Time since last request: 0.000022 seconds.
  path: Assets/_Tanks/Tutorial_Demo/Demo_Scenes/Demo_Scene_Data/Demo_NavMeshes/NavMesh-GorundMoon.asset
  artifactKey: Guid(a21df08a21fe02746bce16e4bbc4200a) Importer(2089858483,192608db42251d675da83286b1cce702)
Start importing Assets/_Tanks/Tutorial_Demo/Demo_Scenes/Demo_Scene_Data/Demo_NavMeshes/NavMesh-GorundMoon.asset using Guid(a21df08a21fe02746bce16e4bbc4200a) Importer(2089858483,192608db42251d675da83286b1cce702) (ScriptedImporter) -> (artifact id: 'bf3f5cef7e6c18837c3ff4137c942946') in 0.005369 seconds
Number of updated asset objects reloaded before import = 0Number of asset objects unloaded after import = 1

========================================================================
Received Import Request.
  Time since last request: 0.000027 seconds.
  path: Assets/Samples/XR Interaction Toolkit/3.2.2/Hands Interaction Demo/HandsDemoSceneAssets/Affordances/LargeScale.asset
  artifactKey: Guid(d47a7e28eb1851943b2b99ded7acba3b) Importer(2089858483,192608db42251d675da83286b1cce702)
Start importing Assets/Samples/XR Interaction Toolkit/3.2.2/Hands Interaction Demo/HandsDemoSceneAssets/Affordances/LargeScale.asset using Guid(d47a7e28eb1851943b2b99ded7acba3b) Importer(2089858483,192608db42251d675da83286b1cce702) (ScriptedImporter) -> (artifact id: 'f3766c9c8ce7d53207960c0113fbdc6c') in 0.0057688 seconds
Number of updated asset objects reloaded before import = 0Number of asset objects unloaded after import = 1

========================================================================
Received Import Request.
  Time since last request: 0.000014 seconds.
  path: Assets/Samples/XR Interaction Toolkit/3.2.2/Hands Interaction Demo/HandsDemoSceneAssets/Models/VirtualTabletop.fbx
  artifactKey: Guid(365907f61b8b39a48aab9aacd4588f45) Importer(2089858483,192608db42251d675da83286b1cce702)
Start importing Assets/Samples/XR Interaction Toolkit/3.2.2/Hands Interaction Demo/HandsDemoSceneAssets/Models/VirtualTabletop.fbx using Guid(365907f61b8b39a48aab9aacd4588f45) Importer(2089858483,192608db42251d675da83286b1cce702) (ScriptedImporter) -> (artifact id: '736094f59a9a4dee2e4dc899fabd78ba') in 0.0578401 seconds
Number of updated asset objects reloaded before import = 0Number of asset objects unloaded after import = 8

========================================================================
Received Import Request.
  Time since last request: 0.000014 seconds.
  path: Assets/Samples/XR Interaction Toolkit/3.2.2/Hands Interaction Demo/HandsDemoSceneAssets/Materials/Interactable White.mat
  artifactKey: Guid(b3c19a119577be64885886bfcc8792fe) Importer(2089858483,192608db42251d675da83286b1cce702)
Start importing Assets/Samples/XR Interaction Toolkit/3.2.2/Hands Interaction Demo/HandsDemoSceneAssets/Materials/Interactable White.mat using Guid(b3c19a119577be64885886bfcc8792fe) Importer(2089858483,192608db42251d675da83286b1cce702) (ScriptedImporter) -> (artifact id: 'f922ebfa559196bdc698b90081039a00') in 0.0092207 seconds
Number of updated asset objects reloaded before import = 0Number of asset objects unloaded after import = 8

========================================================================
Received Import Request.
  Time since last request: 0.000013 seconds.
  path: Assets/Samples/XR Interaction Toolkit/3.2.2/Hands Interaction Demo/HandsDemoSceneAssets/Audio/ButtonClick.wav
  artifactKey: Guid(eeeda5dce5e1d344f8e2f6195f16cb38) Importer(2089858483,192608db42251d675da83286b1cce702)
Start importing Assets/Samples/XR Interaction Toolkit/3.2.2/Hands Interaction Demo/HandsDemoSceneAssets/Audio/ButtonClick.wav using Guid(eeeda5dce5e1d344f8e2f6195f16cb38) Importer(2089858483,192608db42251d675da83286b1cce702) (ScriptedImporter) -> (artifact id: 'ece0cbab2ffbc2caf29d8bb3273b0bce') in 0.0254063 seconds
Number of updated asset objects reloaded before import = 0Number of asset objects unloaded after import = 1

========================================================================
Received Import Request.
  Time since last request: 0.000023 seconds.
  path: Assets/_Tanks/Tutorial_Demo/Demo_Scenes/Demo_Scene_Data/Demo_LightingData/Lightmap-4_comp_dir.png
  artifactKey: Guid(ef55ab4c052254ced80b9ee7350940ae) Importer(2089858483,192608db42251d675da83286b1cce702)
Start importing Assets/_Tanks/Tutorial_Demo/Demo_Scenes/Demo_Scene_Data/Demo_LightingData/Lightmap-4_comp_dir.png using Guid(ef55ab4c052254ced80b9ee7350940ae) Importer(2089858483,192608db42251d675da83286b1cce702) (ScriptedImporter) -> (artifact id: 'b34f79d2b96fe4a135c573edcb7962f2') in 0.0134685 seconds
Number of updated asset objects reloaded before import = 0Number of asset objects unloaded after import = 1

========================================================================
Received Import Request.
  Time since last request: 0.000027 seconds.
  path: Assets/Samples/XR Interaction Toolkit/3.2.2/Hands Interaction Demo/Shaders/Subgraphs/FadeFromCenterNoise.shadersubgraph
  artifactKey: Guid(d76b454bee8e3db44acf749b2f4ac142) Importer(2089858483,192608db42251d675da83286b1cce702)
Start importing Assets/Samples/XR Interaction Toolkit/3.2.2/Hands Interaction Demo/Shaders/Subgraphs/FadeFromCenterNoise.shadersubgraph using Guid(d76b454bee8e3db44acf749b2f4ac142) Importer(2089858483,192608db42251d675da83286b1cce702) (ScriptedImporter) -> (artifact id: '83ff633ed548a7884503372ffe1991b1') in 0.0082054 seconds
Number of updated asset objects reloaded before import = 0Number of asset objects unloaded after import = 1

========================================================================
Received Import Request.
  Time since last request: 0.000042 seconds.
  path: Assets/Samples/XR Interaction Toolkit/3.2.2/Hands Interaction Demo/Shaders/Subgraphs/AllFingerHighlights.shadersubgraph
  artifactKey: Guid(31b878b1ba6f0f548bacb4ee6ae992e9) Importer(2089858483,192608db42251d675da83286b1cce702)
Start importing Assets/Samples/XR Interaction Toolkit/3.2.2/Hands Interaction Demo/Shaders/Subgraphs/AllFingerHighlights.shadersubgraph using Guid(31b878b1ba6f0f548bacb4ee6ae992e9) Importer(2089858483,192608db42251d675da83286b1cce702) (ScriptedImporter) -> (artifact id: 'eebeb295329f56c105c807b20cff69d1') in 0.0069769 seconds
Number of updated asset objects reloaded before import = 0Number of asset objects unloaded after import = 1

========================================================================
Received Import Request.
  Time since last request: 0.000013 seconds.
  path: Assets/Samples/XR Interaction Toolkit/3.2.2/Hands Interaction Demo/HandsDemoSceneAssets/Prefabs/SimpleSocketShape.prefab
  artifactKey: Guid(d81193b4b57486b46b4762e8b26d2de8) Importer(2089858483,192608db42251d675da83286b1cce702)
Start importing Assets/Samples/XR Interaction Toolkit/3.2.2/Hands Interaction Demo/HandsDemoSceneAssets/Prefabs/SimpleSocketShape.prefab using Guid(d81193b4b57486b46b4762e8b26d2de8) Importer(2089858483,192608db42251d675da83286b1cce702) (ScriptedImporter) -> (artifact id: 'dd67b6590b091d9a46d89ad34bbcfee8') in 0.0241973 seconds
Number of updated asset objects reloaded before import = 0Number of asset objects unloaded after import = 32

========================================================================
Received Import Request.
  Time since last request: 0.000016 seconds.
  path: Assets/Samples/XR Interaction Toolkit/3.2.2/Hands Interaction Demo/HandsDemoSceneAssets/Prefabs/Arrow.prefab
  artifactKey: Guid(d56cf1aacbea4704cac4d7983df1a0ad) Importer(2089858483,192608db42251d675da83286b1cce702)
Start importing Assets/Samples/XR Interaction Toolkit/3.2.2/Hands Interaction Demo/HandsDemoSceneAssets/Prefabs/Arrow.prefab using Guid(d56cf1aacbea4704cac4d7983df1a0ad) Importer(2089858483,192608db42251d675da83286b1cce702) (ScriptedImporter) -> (artifact id: '7a554147a5f3edd24bb6c043f3cf2254') in 0.0214934 seconds
Number of updated asset objects reloaded before import = 0Number of asset objects unloaded after import = 38

========================================================================
Received Import Request.
  Time since last request: 0.000020 seconds.
  path: Assets/Samples/XR Interaction Toolkit/3.2.2/Hands Interaction Demo/HandsDemoSceneAssets/Prefabs/SimpleSocket.prefab
  artifactKey: Guid(aec71f91a8da27d418aa44bd0c543f9b) Importer(2089858483,192608db42251d675da83286b1cce702)
Start importing Assets/Samples/XR Interaction Toolkit/3.2.2/Hands Interaction Demo/HandsDemoSceneAssets/Prefabs/SimpleSocket.prefab using Guid(aec71f91a8da27d418aa44bd0c543f9b) Importer(2089858483,192608db42251d675da83286b1cce702) (ScriptedImporter) -> (artifact id: '8d7221b578e21044a0e9a6e36610ef06') in 0.030042 seconds
Number of updated asset objects reloaded before import = 0Number of asset objects unloaded after import = 26

========================================================================
Received Import Request.
  Time since last request: 0.000024 seconds.
  path: Assets/Samples/XR Interaction Toolkit/3.2.2/Hands Interaction Demo/Shaders/Subgraphs/OneFingerHighlight.shadersubgraph
  artifactKey: Guid(b8fd0258d5743d74290d71cbca4d556b) Importer(2089858483,192608db42251d675da83286b1cce702)
Start importing Assets/Samples/XR Interaction Toolkit/3.2.2/Hands Interaction Demo/Shaders/Subgraphs/OneFingerHighlight.shadersubgraph using Guid(b8fd0258d5743d74290d71cbca4d556b) Importer(2089858483,192608db42251d675da83286b1cce702) (ScriptedImporter) -> (artifact id: 'cf173e2f78bfb4b12ceb46e026a7e92b') in 0.0138418 seconds
Number of updated asset objects reloaded before import = 0Number of asset objects unloaded after import = 1

========================================================================
Received Import Request.
  Time since last request: 0.000015 seconds.
  path: Assets/Samples/XR Interaction Toolkit/3.2.2/Hands Interaction Demo/HandsDemoSceneAssets/Audio/ButtonHover.wav
  artifactKey: Guid(9a6d738025ed59f4fb946bb59c20e774) Importer(2089858483,192608db42251d675da83286b1cce702)
Start importing Assets/Samples/XR Interaction Toolkit/3.2.2/Hands Interaction Demo/HandsDemoSceneAssets/Audio/ButtonHover.wav using Guid(9a6d738025ed59f4fb946bb59c20e774) Importer(2089858483,192608db42251d675da83286b1cce702) (ScriptedImporter) -> (artifact id: '1035fe1bf0ce26ecef98180ef299b3af') in 0.0228027 seconds
Number of updated asset objects reloaded before import = 0Number of asset objects unloaded after import = 1

========================================================================
Received Import Request.
  Time since last request: 0.000012 seconds.
  path: Assets/Samples/XR Interaction Toolkit/3.2.2/Hands Interaction Demo/Shaders/Subgraphs/EdgeHighlight.shadersubgraph
  artifactKey: Guid(3167e2a6e0f4099428078b1f37bd6322) Importer(2089858483,192608db42251d675da83286b1cce702)
Start importing Assets/Samples/XR Interaction Toolkit/3.2.2/Hands Interaction Demo/Shaders/Subgraphs/EdgeHighlight.shadersubgraph using Guid(3167e2a6e0f4099428078b1f37bd6322) Importer(2089858483,192608db42251d675da83286b1cce702) (ScriptedImporter) -> (artifact id: 'a11bf5e5d3c8ad0a873c1d866bfd9149') in 0.0069642 seconds
Number of updated asset objects reloaded before import = 0Number of asset objects unloaded after import = 1

========================================================================
Received Import Request.
  Time since last request: 0.000016 seconds.
  path: Assets/Samples/XR Interaction Toolkit/3.2.2/Hands Interaction Demo/HandsDemoSceneAssets/Affordances/ChessPieceColor.asset
  artifactKey: Guid(c39d3614cd6089347a01b0743003ae34) Importer(2089858483,192608db42251d675da83286b1cce702)
Start importing Assets/Samples/XR Interaction Toolkit/3.2.2/Hands Interaction Demo/HandsDemoSceneAssets/Affordances/ChessPieceColor.asset using Guid(c39d3614cd6089347a01b0743003ae34) Importer(2089858483,192608db42251d675da83286b1cce702) (ScriptedImporter) -> (artifact id: 'aa9996527dd90a7ff155b301cfba63f8') in 0.0053029 seconds
Number of updated asset objects reloaded before import = 0Number of asset objects unloaded after import = 1

========================================================================
Received Import Request.
  Time since last request: 0.000016 seconds.
  path: Assets/Samples/XR Interaction Toolkit/3.2.2/Starter Assets/DemoSceneAssets/Models/Primitive_Blaster_Long.fbx
  artifactKey: Guid(e51d3dbfe79e4c646bb30424a11f23a0) Importer(2089858483,192608db42251d675da83286b1cce702)
Start importing Assets/Samples/XR Interaction Toolkit/3.2.2/Starter Assets/DemoSceneAssets/Models/Primitive_Blaster_Long.fbx using Guid(e51d3dbfe79e4c646bb30424a11f23a0) Importer(2089858483,192608db42251d675da83286b1cce702) (ScriptedImporter) -> (artifact id: '52d5af46cb2e70226472e2d4520d8720') in 0.0513908 seconds
Number of updated asset objects reloaded before import = 0Number of asset objects unloaded after import = 9

========================================================================
Received Import Request.
  Time since last request: 0.000024 seconds.
  path: Assets/Samples/XR Interaction Toolkit/3.2.2/Starter Assets/DemoSceneAssets/Models/Primitive_Pyramid.fbx
  artifactKey: Guid(63e02ddb08ce42da868504e1333d48ae) Importer(2089858483,192608db42251d675da83286b1cce702)
Start importing Assets/Samples/XR Interaction Toolkit/3.2.2/Starter Assets/DemoSceneAssets/Models/Primitive_Pyramid.fbx using Guid(63e02ddb08ce42da868504e1333d48ae) Importer(2089858483,192608db42251d675da83286b1cce702) (ScriptedImporter) -> (artifact id: '4f98a9bc6d6b53bd10a1937dd44f1111') in 0.0116932 seconds
Number of updated asset objects reloaded before import = 0Number of asset objects unloaded after import = 9

========================================================================
Received Import Request.
  Time since last request: 0.000017 seconds.
  path: Assets/Samples/XR Interaction Toolkit/3.2.2/Starter Assets/DemoSceneAssets/Models/Primitive_Torus_Cut.fbx
  artifactKey: Guid(46c1c422ff6897f49a404b012dc924d3) Importer(2089858483,192608db42251d675da83286b1cce702)
Start importing Assets/Samples/XR Interaction Toolkit/3.2.2/Starter Assets/DemoSceneAssets/Models/Primitive_Torus_Cut.fbx using Guid(46c1c422ff6897f49a404b012dc924d3) Importer(2089858483,192608db42251d675da83286b1cce702) (ScriptedImporter) -> (artifact id: '300964a7a4c374764bdcc8a4cbaaa561') in 0.0116931 seconds
Number of updated asset objects reloaded before import = 0Number of asset objects unloaded after import = 9

========================================================================
Received Import Request.
  Time since last request: 0.000017 seconds.
  path: Assets/Samples/XR Interaction Toolkit/3.2.2/Starter Assets/DemoSceneAssets/Prefabs/InteractionAffordance.prefab
  artifactKey: Guid(eb9104ef66b7305468adb3697fdeed5e) Importer(2089858483,192608db42251d675da83286b1cce702)
Start importing Assets/Samples/XR Interaction Toolkit/3.2.2/Starter Assets/DemoSceneAssets/Prefabs/InteractionAffordance.prefab using Guid(eb9104ef66b7305468adb3697fdeed5e) Importer(2089858483,192608db42251d675da83286b1cce702) (ScriptedImporter) -> (artifact id: 'ea9d49bb2ee54db5100dac5a8477ab3f') in 0.0063253 seconds
Number of updated asset objects reloaded before import = 0Number of asset objects unloaded after import = 10

========================================================================
Received Import Request.
  Time since last request: 0.000015 seconds.
  path: Assets/Samples/XR Interaction Toolkit/3.2.2/Starter Assets/DemoSceneAssets/Sprites/Forward.png
  artifactKey: Guid(f8ecc54972abacc46a93f671b0602139) Importer(2089858483,192608db42251d675da83286b1cce702)
Start importing Assets/Samples/XR Interaction Toolkit/3.2.2/Starter Assets/DemoSceneAssets/Sprites/Forward.png using Guid(f8ecc54972abacc46a93f671b0602139) Importer(2089858483,192608db42251d675da83286b1cce702) (ScriptedImporter) -> (artifact id: '92d68d0bf73ebfa23db3feb114907f52') in 0.0119169 seconds
Number of updated asset objects reloaded before import = 0Number of asset objects unloaded after import = 3

========================================================================
Received Import Request.
  Time since last request: 0.000018 seconds.
  path: Assets/Samples/XR Interaction Toolkit/3.2.2/Starter Assets/DemoSceneAssets/Sprites/Circle_60x60_Horizontal.png
  artifactKey: Guid(e45f8f823c093d941855bb23b53b9414) Importer(2089858483,192608db42251d675da83286b1cce702)
Start importing Assets/Samples/XR Interaction Toolkit/3.2.2/Starter Assets/DemoSceneAssets/Sprites/Circle_60x60_Horizontal.png using Guid(e45f8f823c093d941855bb23b53b9414) Importer(2089858483,192608db42251d675da83286b1cce702) (ScriptedImporter) -> (artifact id: '524c7c4570c80a72a14171dbc02a7ec2') in 0.0133239 seconds
Number of updated asset objects reloaded before import = 0Number of asset objects unloaded after import = 3

========================================================================
Received Import Request.
  Time since last request: 0.000023 seconds.
  path: Assets/Samples/XR Interaction Toolkit/3.2.2/Starter Assets/DemoSceneAssets/Prefabs/Teleportation Environment.prefab
  artifactKey: Guid(3e07eccb5e6f459d886de95044adb1d9) Importer(2089858483,192608db42251d675da83286b1cce702)
Start importing Assets/Samples/XR Interaction Toolkit/3.2.2/Starter Assets/DemoSceneAssets/Prefabs/Teleportation Environment.prefab using Guid(3e07eccb5e6f459d886de95044adb1d9) Importer(2089858483,192608db42251d675da83286b1cce702) (ScriptedImporter) -> (artifact id: 'c8c4ffe7f0f53d201ce04428bcf47f19') in 0.0118707 seconds
Number of updated asset objects reloaded before import = 0Number of asset objects unloaded after import = 103

========================================================================
Received Import Request.
  Time since last request: 0.000029 seconds.
  path: Assets/Samples/XR Interaction Toolkit/3.2.2/Starter Assets/DemoSceneAssets/Scripts/IncrementUIText.cs
  artifactKey: Guid(ba6ff5e7c92519444bc2a7ca46558963) Importer(2089858483,192608db42251d675da83286b1cce702)
Start importing Assets/Samples/XR Interaction Toolkit/3.2.2/Starter Assets/DemoSceneAssets/Scripts/IncrementUIText.cs using Guid(ba6ff5e7c92519444bc2a7ca46558963) Importer(2089858483,192608db42251d675da83286b1cce702) (ScriptedImporter) -> (artifact id: '91011972e2f4cce857c2e217982ece9a') in 0.0041287 seconds
Number of updated asset objects reloaded before import = 0Number of asset objects unloaded after import = 0

========================================================================
Received Import Request.
  Time since last request: 0.000018 seconds.
  path: Assets/Samples/XR Interaction Toolkit/3.2.2/Starter Assets/DemoSceneAssets/Models/Primitive_Cylinder.fbx
  artifactKey: Guid(73b694bb0f61cd14e9e1ed7b578ac09a) Importer(2089858483,192608db42251d675da83286b1cce702)
Start importing Assets/Samples/XR Interaction Toolkit/3.2.2/Starter Assets/DemoSceneAssets/Models/Primitive_Cylinder.fbx using Guid(73b694bb0f61cd14e9e1ed7b578ac09a) Importer(2089858483,192608db42251d675da83286b1cce702) (ScriptedImporter) -> (artifact id: '4f4bfa6bf4c5bc3867360add3088548f') in 0.0135187 seconds
Number of updated asset objects reloaded before import = 0Number of asset objects unloaded after import = 9

========================================================================
Received Import Request.
  Time since last request: 0.000016 seconds.
  path: Assets/Samples/XR Interaction Toolkit/3.2.2/Starter Assets/DemoSceneAssets/Textures/Concrete_Metallic.tif
  artifactKey: Guid(f3fb518ec70eb4047b1c6ec34933fbce) Importer(2089858483,192608db42251d675da83286b1cce702)
Start importing Assets/Samples/XR Interaction Toolkit/3.2.2/Starter Assets/DemoSceneAssets/Textures/Concrete_Metallic.tif using Guid(f3fb518ec70eb4047b1c6ec34933fbce) Importer(2089858483,192608db42251d675da83286b1cce702) (ScriptedImporter) -> (artifact id: 'f4e94a791b054e4e6b5159f5aaf56b48') in 0.0105494 seconds
Number of updated asset objects reloaded before import = 0Number of asset objects unloaded after import = 1

========================================================================
Received Import Request.
  Time since last request: 0.000020 seconds.
  path: Assets/Samples/XR Interaction Toolkit/3.2.2/World Space UI/Editor/Scripts/WorldSpaceUISampleProjectValidation.cs
  artifactKey: Guid(0acd880f841411a45b98d82a47aaee3f) Importer(2089858483,192608db42251d675da83286b1cce702)
Start importing Assets/Samples/XR Interaction Toolkit/3.2.2/World Space UI/Editor/Scripts/WorldSpaceUISampleProjectValidation.cs using Guid(0acd880f841411a45b98d82a47aaee3f) Importer(2089858483,192608db42251d675da83286b1cce702) (ScriptedImporter) -> (artifact id: '2c1b762dc9581074805a182e94602f54') in 0.004088 seconds
Number of updated asset objects reloaded before import = 0Number of asset objects unloaded after import = 0

========================================================================
Received Import Request.
  Time since last request: 0.000020 seconds.
  path: Assets/Samples/XR Interaction Toolkit/3.2.2/Starter Assets/Prefabs/Interactors/Left_NearFarInteractor.prefab
  artifactKey: Guid(3df3e1220f2164f448701a6de8084f92) Importer(2089858483,192608db42251d675da83286b1cce702)
Start importing Assets/Samples/XR Interaction Toolkit/3.2.2/Starter Assets/Prefabs/Interactors/Left_NearFarInteractor.prefab using Guid(3df3e1220f2164f448701a6de8084f92) Importer(2089858483,192608db42251d675da83286b1cce702) (ScriptedImporter) -> (artifact id: '0587c485852f5b32bb769ed58037bfe7') in 0.0642843 seconds
Number of updated asset objects reloaded before import = 0Number of asset objects unloaded after import = 24

========================================================================
Received Import Request.
  Time since last request: 0.000030 seconds.
  path: Assets/Samples/XR Interaction Toolkit/3.2.2/Starter Assets/Editor/Scripts/StarterAssetsSampleProjectValidation.cs
  artifactKey: Guid(ef67ceb22b2224643a2d5004fc2a678a) Importer(2089858483,192608db42251d675da83286b1cce702)
Start importing Assets/Samples/XR Interaction Toolkit/3.2.2/Starter Assets/Editor/Scripts/StarterAssetsSampleProjectValidation.cs using Guid(ef67ceb22b2224643a2d5004fc2a678a) Importer(2089858483,192608db42251d675da83286b1cce702) (ScriptedImporter) -> (artifact id: '689f921ec2c04a36ff0bbd2bf133c941') in 0.0044723 seconds
Number of updated asset objects reloaded before import = 0Number of asset objects unloaded after import = 0

========================================================================
Received Import Request.
  Time since last request: 0.000015 seconds.
  path: Assets/Samples/XR Interaction Toolkit/3.2.2/XR Device Simulator/UI/Controller/ControllerOverlayLinesRight.png
  artifactKey: Guid(310ef0f38fe364cc986d05acdbdf1183) Importer(2089858483,192608db42251d675da83286b1cce702)
Start importing Assets/Samples/XR Interaction Toolkit/3.2.2/XR Device Simulator/UI/Controller/ControllerOverlayLinesRight.png using Guid(310ef0f38fe364cc986d05acdbdf1183) Importer(2089858483,192608db42251d675da83286b1cce702) (ScriptedImporter) -> (artifact id: '289a72938d68f99b4b8db85c39c15446') in 0.0094243 seconds
Number of updated asset objects reloaded before import = 0Number of asset objects unloaded after import = 3

========================================================================
Received Import Request.
  Time since last request: 0.000017 seconds.
  path: Assets/Samples/XR Interaction Toolkit/3.2.2/XR Device Simulator/UI/Controller/ControllerOverlayLinesLeft.png
  artifactKey: Guid(cd4fe4c19a40743a6896069a50a394ec) Importer(2089858483,192608db42251d675da83286b1cce702)
Start importing Assets/Samples/XR Interaction Toolkit/3.2.2/XR Device Simulator/UI/Controller/ControllerOverlayLinesLeft.png using Guid(cd4fe4c19a40743a6896069a50a394ec) Importer(2089858483,192608db42251d675da83286b1cce702) (ScriptedImporter) -> (artifact id: 'd58c770680b2a4963d2ca51c9a013cb8') in 0.0101823 seconds
Number of updated asset objects reloaded before import = 0Number of asset objects unloaded after import = 3

========================================================================
Received Import Request.
  Time since last request: 0.000020 seconds.
  path: Assets/Samples/XR Interaction Toolkit/3.2.2/Starter Assets/DemoSceneAssets/Sprites/Round Radius 4 Outline.png
  artifactKey: Guid(b7bad1260586fa746a0b67e930892936) Importer(2089858483,192608db42251d675da83286b1cce702)
Start importing Assets/Samples/XR Interaction Toolkit/3.2.2/Starter Assets/DemoSceneAssets/Sprites/Round Radius 4 Outline.png using Guid(b7bad1260586fa746a0b67e930892936) Importer(2089858483,192608db42251d675da83286b1cce702) (ScriptedImporter) -> (artifact id: '448f3245d57d3f4830720d414dbd539e') in 0.0103865 seconds
Number of updated asset objects reloaded before import = 0Number of asset objects unloaded after import = 3

========================================================================
Received Import Request.
  Time since last request: 0.000018 seconds.
  path: Assets/Samples/XR Interaction Toolkit/3.2.2/Starter Assets/Prefabs/Interactors/Teleport Interactor.prefab
  artifactKey: Guid(c1800acf6366418a9b5f610249000331) Importer(2089858483,192608db42251d675da83286b1cce702)
Start importing Assets/Samples/XR Interaction Toolkit/3.2.2/Starter Assets/Prefabs/Interactors/Teleport Interactor.prefab using Guid(c1800acf6366418a9b5f610249000331) Importer(2089858483,192608db42251d675da83286b1cce702) (ScriptedImporter) -> (artifact id: '6f8cd931b9d1b825884168c22a906f44') in 0.0796059 seconds
Number of updated asset objects reloaded before import = 0Number of asset objects unloaded after import = 38

========================================================================
Received Import Request.
  Time since last request: 0.000024 seconds.
  path: Assets/Samples/XR Interaction Toolkit/3.2.2/XR Device Simulator/UI/Hands/Hand_Open.png
  artifactKey: Guid(ceccab26080354140af21950c6d338d5) Importer(2089858483,192608db42251d675da83286b1cce702)
Start importing Assets/Samples/XR Interaction Toolkit/3.2.2/XR Device Simulator/UI/Hands/Hand_Open.png using Guid(ceccab26080354140af21950c6d338d5) Importer(2089858483,192608db42251d675da83286b1cce702) (ScriptedImporter) -> (artifact id: 'd98867b52b2d4607859304a78c6b58e4') in 0.0272227 seconds
Number of updated asset objects reloaded before import = 0Number of asset objects unloaded after import = 3

========================================================================
Received Import Request.
  Time since last request: 0.000034 seconds.
  path: Assets/Samples/XR Interaction Toolkit/3.2.2/XR Device Simulator/UI/Head/HMD_d.png
  artifactKey: Guid(177f60e6b21ff774093004ca330b2241) Importer(2089858483,192608db42251d675da83286b1cce702)
Start importing Assets/Samples/XR Interaction Toolkit/3.2.2/XR Device Simulator/UI/Head/HMD_d.png using Guid(177f60e6b21ff774093004ca330b2241) Importer(2089858483,192608db42251d675da83286b1cce702) (ScriptedImporter) -> (artifact id: 'fd879fe56b2aa374f2829deffefeefd9') in 0.0147879 seconds
Number of updated asset objects reloaded before import = 0Number of asset objects unloaded after import = 3

========================================================================
Received Import Request.
  Time since last request: 0.000016 seconds.
  path: Assets/Samples/XR Interaction Toolkit/3.2.2/XR Device Simulator/UI/Head/Movement.png
  artifactKey: Guid(1d56a2d39cfbb49149abbf0076259327) Importer(2089858483,192608db42251d675da83286b1cce702)
Start importing Assets/Samples/XR Interaction Toolkit/3.2.2/XR Device Simulator/UI/Head/Movement.png using Guid(1d56a2d39cfbb49149abbf0076259327) Importer(2089858483,192608db42251d675da83286b1cce702) (ScriptedImporter) -> (artifact id: '4ae6e7becdccbca96550de430537fac0') in 0.0189583 seconds
Number of updated asset objects reloaded before import = 0Number of asset objects unloaded after import = 3

========================================================================
Received Import Request.
  Time since last request: 0.000022 seconds.
  path: Assets/Samples/XR Interaction Toolkit/3.2.2/XR Device Simulator/UI/Hands/Hand_Default.png
  artifactKey: Guid(7d3dbc333af046c4193982e1166659dd) Importer(2089858483,192608db42251d675da83286b1cce702)
Start importing Assets/Samples/XR Interaction Toolkit/3.2.2/XR Device Simulator/UI/Hands/Hand_Default.png using Guid(7d3dbc333af046c4193982e1166659dd) Importer(2089858483,192608db42251d675da83286b1cce702) (ScriptedImporter) -> (artifact id: '632c2c88a0d7ce0ac2aafc5e8f1e558d') in 0.0120818 seconds
Number of updated asset objects reloaded before import = 0Number of asset objects unloaded after import = 3

========================================================================
Received Import Request.
  Time since last request: 0.000018 seconds.
  path: Assets/Samples/XR Interaction Toolkit/3.2.2/XR Device Simulator/UI/General/Look.png
  artifactKey: Guid(5410adf0b914f49438506b7dd0022773) Importer(2089858483,192608db42251d675da83286b1cce702)
Start importing Assets/Samples/XR Interaction Toolkit/3.2.2/XR Device Simulator/UI/General/Look.png using Guid(5410adf0b914f49438506b7dd0022773) Importer(2089858483,192608db42251d675da83286b1cce702) (ScriptedImporter) -> (artifact id: 'd7f2585a9bf5a83a25c92c0bb7b52129') in 0.0108474 seconds
Number of updated asset objects reloaded before import = 0Number of asset objects unloaded after import = 3

========================================================================
Received Import Request.
  Time since last request: 0.000018 seconds.
  path: Assets/Samples/XR Interaction Toolkit/3.2.2/XR Device Simulator/UI/Head/MoveRotateTool.png
  artifactKey: Guid(139237a044d8e4255b40bb472c842087) Importer(2089858483,192608db42251d675da83286b1cce702)
Start importing Assets/Samples/XR Interaction Toolkit/3.2.2/XR Device Simulator/UI/Head/MoveRotateTool.png using Guid(139237a044d8e4255b40bb472c842087) Importer(2089858483,192608db42251d675da83286b1cce702) (ScriptedImporter) -> (artifact id: 'a98d109a683eca0d3e7ddb1f6ec0e3fb') in 0.0101438 seconds
Number of updated asset objects reloaded before import = 0Number of asset objects unloaded after import = 3

========================================================================
Received Import Request.
  Time since last request: 0.000017 seconds.
  path: Assets/Samples/XR Interaction Toolkit/3.2.2/XR Device Simulator/UI/General/Gripper.png
  artifactKey: Guid(17689808316e14280ad508a625c4c88f) Importer(2089858483,192608db42251d675da83286b1cce702)
Start importing Assets/Samples/XR Interaction Toolkit/3.2.2/XR Device Simulator/UI/General/Gripper.png using Guid(17689808316e14280ad508a625c4c88f) Importer(2089858483,192608db42251d675da83286b1cce702) (ScriptedImporter) -> (artifact id: '19a7b55a766b22a930c6ff39d37e2723') in 0.0100021 seconds
Number of updated asset objects reloaded before import = 0Number of asset objects unloaded after import = 3

========================================================================
Received Import Request.
  Time since last request: 0.000015 seconds.
  path: Assets/Samples/XR Interaction Toolkit/3.2.2/XR Device Simulator/UI/Hands/Hand_Grab.png
  artifactKey: Guid(bd6b9153aa3b96f49b238bbf6ae68b80) Importer(2089858483,192608db42251d675da83286b1cce702)
Start importing Assets/Samples/XR Interaction Toolkit/3.2.2/XR Device Simulator/UI/Hands/Hand_Grab.png using Guid(bd6b9153aa3b96f49b238bbf6ae68b80) Importer(2089858483,192608db42251d675da83286b1cce702) (ScriptedImporter) -> (artifact id: '6100c2b23a753e68d9906dd4d55ce65c') in 0.0096394 seconds
Number of updated asset objects reloaded before import = 0Number of asset objects unloaded after import = 3

========================================================================
Received Import Request.
  Time since last request: 0.000022 seconds.
  path: Assets/Samples/XR Interaction Toolkit/3.2.2/Hands Interaction Demo/HandsDemoSceneAssets/Models/Chess/Chess_Board.fbx
  artifactKey: Guid(714a27c3372b8074d8370e2bc0cecf56) Importer(2089858483,192608db42251d675da83286b1cce702)
Start importing Assets/Samples/XR Interaction Toolkit/3.2.2/Hands Interaction Demo/HandsDemoSceneAssets/Models/Chess/Chess_Board.fbx using Guid(714a27c3372b8074d8370e2bc0cecf56) Importer(2089858483,192608db42251d675da83286b1cce702) (ScriptedImporter) -> (artifact id: 'b3466c94a1bc827aca4775153fd9d241') in 0.1181117 seconds
Number of updated asset objects reloaded before import = 0Number of asset objects unloaded after import = 326

========================================================================
Received Import Request.
  Time since last request: 0.000027 seconds.
  path: Assets/Samples/XR Interaction Toolkit/3.2.2/Hands Interaction Demo/HandsDemoSceneAssets/Models/Primitives/Disc.fbx
  artifactKey: Guid(c3bde1a6f623d4b569b67c73aedfebbf) Importer(2089858483,192608db42251d675da83286b1cce702)
Start importing Assets/Samples/XR Interaction Toolkit/3.2.2/Hands Interaction Demo/HandsDemoSceneAssets/Models/Primitives/Disc.fbx using Guid(c3bde1a6f623d4b569b67c73aedfebbf) Importer(2089858483,192608db42251d675da83286b1cce702) (ScriptedImporter) -> (artifact id: '2f10196eb93b69924ce11d0ef263d828') in 0.0125501 seconds
Number of updated asset objects reloaded before import = 0Number of asset objects unloaded after import = 8

========================================================================
Received Import Request.
  Time since last request: 0.000026 seconds.
  path: Assets/Samples/XR Interaction Toolkit/3.2.2/Starter Assets/DemoSceneAssets/Prefabs/Climb/Climb Sample.prefab
  artifactKey: Guid(2ea572d587ee60f44bd5baa3bc2d6503) Importer(2089858483,192608db42251d675da83286b1cce702)
Start importing Assets/Samples/XR Interaction Toolkit/3.2.2/Starter Assets/DemoSceneAssets/Prefabs/Climb/Climb Sample.prefab using Guid(2ea572d587ee60f44bd5baa3bc2d6503) Importer(2089858483,192608db42251d675da83286b1cce702) (ScriptedImporter) -> (artifact id: '697f79a6576e95f972bb42a05f8ad8f1') in 0.0215513 seconds
Number of updated asset objects reloaded before import = 0Number of asset objects unloaded after import = 792

========================================================================
Received Import Request.
  Time since last request: 0.000017 seconds.
  path: Assets/Samples/XR Interaction Toolkit/3.2.2/XR Device Simulator/UI/Mouse/MouseMoveAround.png
  artifactKey: Guid(013811fdd48c040339e9adc40e692381) Importer(2089858483,192608db42251d675da83286b1cce702)
Start importing Assets/Samples/XR Interaction Toolkit/3.2.2/XR Device Simulator/UI/Mouse/MouseMoveAround.png using Guid(013811fdd48c040339e9adc40e692381) Importer(2089858483,192608db42251d675da83286b1cce702) (ScriptedImporter) -> (artifact id: 'c0bcb88cc83c73a16441df69df17c82d') in 0.0113162 seconds
Number of updated asset objects reloaded before import = 0Number of asset objects unloaded after import = 3

========================================================================
Received Import Request.
  Time since last request: 0.000013 seconds.
  path: Assets/Samples/XR Interaction Toolkit/3.2.2/Hands Interaction Demo/HandsDemoSceneAssets/Models/Chess/Chess_Pawn.fbx
  artifactKey: Guid(45b2a246bd435f74989d22078ec2752e) Importer(2089858483,192608db42251d675da83286b1cce702)
Start importing Assets/Samples/XR Interaction Toolkit/3.2.2/Hands Interaction Demo/HandsDemoSceneAssets/Models/Chess/Chess_Pawn.fbx using Guid(45b2a246bd435f74989d22078ec2752e) Importer(2089858483,192608db42251d675da83286b1cce702) (ScriptedImporter) -> (artifact id: '329ab16db83016dec3d5114178fccaae') in 0.0092954 seconds
Number of updated asset objects reloaded before import = 0Number of asset objects unloaded after import = 9

========================================================================
Received Import Request.
  Time since last request: 0.000016 seconds.
  path: Assets/Samples/XR Interaction Toolkit/3.2.2/XR Device Simulator/UI/Mouse/MouseR_d.png
  artifactKey: Guid(308cc8b73722e43eab64c228a76560a6) Importer(2089858483,192608db42251d675da83286b1cce702)
Start importing Assets/Samples/XR Interaction Toolkit/3.2.2/XR Device Simulator/UI/Mouse/MouseR_d.png using Guid(308cc8b73722e43eab64c228a76560a6) Importer(2089858483,192608db42251d675da83286b1cce702) (ScriptedImporter) -> (artifact id: '653f14040112e9faab2790756935676d') in 0.0093834 seconds
Number of updated asset objects reloaded before import = 0Number of asset objects unloaded after import = 3

========================================================================
Received Import Request.
  Time since last request: 0.000017 seconds.
  path: Assets/Samples/XR Interaction Toolkit/3.2.2/Hands Interaction Demo/HandsDemoSceneAssets/Models/Primitives/Cone.fbx
  artifactKey: Guid(30ab630b2b7264c1c85cca8ce81b06c3) Importer(2089858483,192608db42251d675da83286b1cce702)
Start importing Assets/Samples/XR Interaction Toolkit/3.2.2/Hands Interaction Demo/HandsDemoSceneAssets/Models/Primitives/Cone.fbx using Guid(30ab630b2b7264c1c85cca8ce81b06c3) Importer(2089858483,192608db42251d675da83286b1cce702) (ScriptedImporter) -> (artifact id: '5704df41a8b599b4f99c82485b333a32') in 0.0096614 seconds
Number of updated asset objects reloaded before import = 0Number of asset objects unloaded after import = 8

========================================================================
Received Import Request.
  Time since last request: 0.000028 seconds.
  path: Assets/Samples/XR Interaction Toolkit/3.2.2/Starter Assets/DemoSceneAssets/Prefabs/Interactables/Push Button.prefab
  artifactKey: Guid(76f3439a0ae796e4b81bee3f91f888ee) Importer(2089858483,192608db42251d675da83286b1cce702)
Start importing Assets/Samples/XR Interaction Toolkit/3.2.2/Starter Assets/DemoSceneAssets/Prefabs/Interactables/Push Button.prefab using Guid(76f3439a0ae796e4b81bee3f91f888ee) Importer(2089858483,192608db42251d675da83286b1cce702) (ScriptedImporter) -> (artifact id: '2e0d262fa71ba5376481e15cf4b61cd3') in 0.0161253 seconds
Number of updated asset objects reloaded before import = 0Number of asset objects unloaded after import = 32

========================================================================
Received Import Request.
  Time since last request: 0.000019 seconds.
  path: Assets/Samples/XR Interaction Toolkit/3.2.2/Starter Assets/DemoSceneAssets/Prefabs/Interactables/Cube.prefab
  artifactKey: Guid(2e16046ebcbcb6742a86569d82e56cce) Importer(2089858483,192608db42251d675da83286b1cce702)
Start importing Assets/Samples/XR Interaction Toolkit/3.2.2/Starter Assets/DemoSceneAssets/Prefabs/Interactables/Cube.prefab using Guid(2e16046ebcbcb6742a86569d82e56cce) Importer(2089858483,192608db42251d675da83286b1cce702) (ScriptedImporter) -> (artifact id: '61944bfd2b8fc36b7ac0f3cf25be2a0c') in 0.0128306 seconds
Number of updated asset objects reloaded before import = 0Number of asset objects unloaded after import = 20

========================================================================
Received Import Request.
  Time since last request: 0.000015 seconds.
  path: Assets/Samples/XR Interaction Toolkit/3.2.2/Starter Assets/DemoSceneAssets/Prefabs/Teleport/Teleport Anchor.prefab
  artifactKey: Guid(fad94b617f0540568dbf4c9c4011248c) Importer(2089858483,192608db42251d675da83286b1cce702)
Start importing Assets/Samples/XR Interaction Toolkit/3.2.2/Starter Assets/DemoSceneAssets/Prefabs/Teleport/Teleport Anchor.prefab using Guid(fad94b617f0540568dbf4c9c4011248c) Importer(2089858483,192608db42251d675da83286b1cce702) (ScriptedImporter) -> (artifact id: 'b5a416c6e77889e5c402d8c1dfd3f207') in 0.0196022 seconds
Number of updated asset objects reloaded before import = 0Number of asset objects unloaded after import = 13

========================================================================
Received Import Request.
  Time since last request: 0.000016 seconds.
  path: Assets/Samples/XR Interaction Toolkit/3.2.2/Starter Assets/DemoSceneAssets/Prefabs/Interactables/Torus-Cut.prefab
  artifactKey: Guid(833cb867d186193418fc107735ae3139) Importer(2089858483,192608db42251d675da83286b1cce702)
Start importing Assets/Samples/XR Interaction Toolkit/3.2.2/Starter Assets/DemoSceneAssets/Prefabs/Interactables/Torus-Cut.prefab using Guid(833cb867d186193418fc107735ae3139) Importer(2089858483,192608db42251d675da83286b1cce702) (ScriptedImporter) -> (artifact id: 'acdad9081d031e47fa14b8de3fa2ef8a') in 0.0125181 seconds
Number of updated asset objects reloaded before import = 0Number of asset objects unloaded after import = 24

========================================================================
Received Import Request.
  Time since last request: 0.000021 seconds.
  path: Assets/Samples/XR Interaction Toolkit/3.2.2/Starter Assets/DemoSceneAssets/Prefabs/Interactables/Pot.prefab
  artifactKey: Guid(d5615d616019430d9c2e8727e71c97fb) Importer(2089858483,192608db42251d675da83286b1cce702)
Start importing Assets/Samples/XR Interaction Toolkit/3.2.2/Starter Assets/DemoSceneAssets/Prefabs/Interactables/Pot.prefab using Guid(d5615d616019430d9c2e8727e71c97fb) Importer(2089858483,192608db42251d675da83286b1cce702) (ScriptedImporter) -> (artifact id: '3fc689591133dc0bc1ad107e7c88694e') in 0.0145461 seconds
Number of updated asset objects reloaded before import = 0Number of asset objects unloaded after import = 24

========================================================================
Received Import Request.
  Time since last request: 0.000030 seconds.
  path: Assets/Samples/XR Interaction Toolkit/3.2.2/Starter Assets/DemoSceneAssets/Prefabs/UI/Icon Toggle.prefab
  artifactKey: Guid(541ed11e270c6994ca5910042c7e04da) Importer(2089858483,192608db42251d675da83286b1cce702)
Start importing Assets/Samples/XR Interaction Toolkit/3.2.2/Starter Assets/DemoSceneAssets/Prefabs/UI/Icon Toggle.prefab using Guid(541ed11e270c6994ca5910042c7e04da) Importer(2089858483,192608db42251d675da83286b1cce702) (ScriptedImporter) -> (artifact id: '16e5a37ba5192d803ccd9308fca83e0b') in 0.0231703 seconds
Number of updated asset objects reloaded before import = 0Number of asset objects unloaded after import = 21

========================================================================
Received Import Request.
  Time since last request: 0.000019 seconds.
  path: Assets/Samples/XR Interaction Toolkit/3.2.2/Starter Assets/DemoSceneAssets/Prefabs/Interactables/Torus.prefab
  artifactKey: Guid(521327bdbcb341f782d36f02cab76cb0) Importer(2089858483,192608db42251d675da83286b1cce702)
Start importing Assets/Samples/XR Interaction Toolkit/3.2.2/Starter Assets/DemoSceneAssets/Prefabs/Interactables/Torus.prefab using Guid(521327bdbcb341f782d36f02cab76cb0) Importer(2089858483,192608db42251d675da83286b1cce702) (ScriptedImporter) -> (artifact id: '60d7977b6df979283e94b227cc85ae70') in 0.0164564 seconds
Number of updated asset objects reloaded before import = 0Number of asset objects unloaded after import = 25

========================================================================
Received Import Request.
  Time since last request: 0.000025 seconds.
  path: Assets/Samples/XR Interaction Toolkit/3.2.2/Starter Assets/DemoSceneAssets/Prefabs/Interactables/Blaser.prefab
  artifactKey: Guid(3549fdaf258e11846b85a316c16c699c) Importer(2089858483,192608db42251d675da83286b1cce702)
Start importing Assets/Samples/XR Interaction Toolkit/3.2.2/Starter Assets/DemoSceneAssets/Prefabs/Interactables/Blaser.prefab using Guid(3549fdaf258e11846b85a316c16c699c) Importer(2089858483,192608db42251d675da83286b1cce702) (ScriptedImporter) -> (artifact id: '4d65deb11bc8d3d982a3b5caf3125370') in 0.0130268 seconds
Number of updated asset objects reloaded before import = 0Number of asset objects unloaded after import = 31

========================================================================
Received Import Request.
  Time since last request: 0.000016 seconds.
  path: Assets/Samples/XR Interaction Toolkit/3.2.2/Starter Assets/DemoSceneAssets/Prefabs/UI/Interactive Controls.prefab
  artifactKey: Guid(7bbb1960bab3e75459304488d8d1ffba) Importer(2089858483,192608db42251d675da83286b1cce702)
Start importing Assets/Samples/XR Interaction Toolkit/3.2.2/Starter Assets/DemoSceneAssets/Prefabs/UI/Interactive Controls.prefab using Guid(7bbb1960bab3e75459304488d8d1ffba) Importer(2089858483,192608db42251d675da83286b1cce702) (ScriptedImporter) -> (artifact id: 'c9659821a4a140f0ad4fdc8edb0ab053') in 0.0322157 seconds
Number of updated asset objects reloaded before import = 0Number of asset objects unloaded after import = 198

========================================================================
Received Import Request.
  Time since last request: 0.000026 seconds.
  path: Assets/Samples/XR Interaction Toolkit/3.2.2/Starter Assets/DemoSceneAssets/Models/PushButton.fbx
  artifactKey: Guid(7ab6f3b0fd1a6ba41b2a47766c16613f) Importer(2089858483,192608db42251d675da83286b1cce702)
Start importing Assets/Samples/XR Interaction Toolkit/3.2.2/Starter Assets/DemoSceneAssets/Models/PushButton.fbx using Guid(7ab6f3b0fd1a6ba41b2a47766c16613f) Importer(2089858483,192608db42251d675da83286b1cce702) (ScriptedImporter) -> (artifact id: '886257f88912f20da8ed8938f84d242e') in 0.0184093 seconds
Number of updated asset objects reloaded before import = 0Number of asset objects unloaded after import = 18

========================================================================
Received Import Request.
  Time since last request: 0.000034 seconds.
  path: Assets/_Tanks/Art/Models/Environment/Terrain.fbx
  artifactKey: Guid(126dbcddb53386c4f969fdf0c555e822) Importer(2089858483,192608db42251d675da83286b1cce702)
Start importing Assets/_Tanks/Art/Models/Environment/Terrain.fbx using Guid(126dbcddb53386c4f969fdf0c555e822) Importer(2089858483,192608db42251d675da83286b1cce702) (ScriptedImporter) -> (artifact id: '7362046a37372709ea9bd9eab91e9331') in 0.0179678 seconds
Number of updated asset objects reloaded before import = 0Number of asset objects unloaded after import = 8

========================================================================
Received Import Request.
  Time since last request: 0.000020 seconds.
  path: Assets/_Tanks/Prefabs/Environment/Jungle/RocksJungle02.prefab
  artifactKey: Guid(fb41483de2588f247aa646b3b0c6b4bc) Importer(2089858483,192608db42251d675da83286b1cce702)
Start importing Assets/_Tanks/Prefabs/Environment/Jungle/RocksJungle02.prefab using Guid(fb41483de2588f247aa646b3b0c6b4bc) Importer(2089858483,192608db42251d675da83286b1cce702) (ScriptedImporter) -> (artifact id: '1d926b8acd3da0e65acf7abb80feeb4c') in 0.0051497 seconds
Number of updated asset objects reloaded before import = 0Number of asset objects unloaded after import = 27

========================================================================
Received Import Request.
  Time since last request: 0.000017 seconds.
  path: Assets/_Tanks/Prefabs/Environment/Desert/PathSand01.prefab
  artifactKey: Guid(96c2645cdd2fd1d44966cd21e124172c) Importer(2089858483,192608db42251d675da83286b1cce702)
Start importing Assets/_Tanks/Prefabs/Environment/Desert/PathSand01.prefab using Guid(96c2645cdd2fd1d44966cd21e124172c) Importer(2089858483,192608db42251d675da83286b1cce702) (ScriptedImporter) -> (artifact id: 'b9c7f445eda9ba3f83b530aa50b570d0') in 0.0059698 seconds
Number of updated asset objects reloaded before import = 0Number of asset objects unloaded after import = 34

========================================================================
Received Import Request.
  Time since last request: 0.000017 seconds.
  path: Assets/_Tanks/Prefabs/Environment/Jungle/ClumpRockSmall.prefab
  artifactKey: Guid(1c513573176c76b4c901422e698b4ea9) Importer(2089858483,192608db42251d675da83286b1cce702)
Start importing Assets/_Tanks/Prefabs/Environment/Jungle/ClumpRockSmall.prefab using Guid(1c513573176c76b4c901422e698b4ea9) Importer(2089858483,192608db42251d675da83286b1cce702) (ScriptedImporter) -> (artifact id: 'b5958a5aa084737d9c47440395d55405') in 0.0070302 seconds
Number of updated asset objects reloaded before import = 0Number of asset objects unloaded after import = 46

========================================================================
Received Import Request.
  Time since last request: 0.000017 seconds.
  path: Assets/_Tanks/Art/Fonts/Big_Shoulders_Stencil/OFL.txt
  artifactKey: Guid(dead1e202dfe741e38699d6f4daf476c) Importer(2089858483,192608db42251d675da83286b1cce702)
Start importing Assets/_Tanks/Art/Fonts/Big_Shoulders_Stencil/OFL.txt using Guid(dead1e202dfe741e38699d6f4daf476c) Importer(2089858483,192608db42251d675da83286b1cce702) (ScriptedImporter) -> (artifact id: '72dba26e8ecc006d1773d10935d3429d') in 0.0046122 seconds
Number of updated asset objects reloaded before import = 0Number of asset objects unloaded after import = 1

========================================================================
Received Import Request.
  Time since last request: 0.000019 seconds.
  path: Assets/resources/Scenes/final 2/NavMesh-Teleportation Area PLAYER.asset
  artifactKey: Guid(220ff81097dcbfc41a5f67d1b7879b39) Importer(2089858483,192608db42251d675da83286b1cce702)
Start importing Assets/resources/Scenes/final 2/NavMesh-Teleportation Area PLAYER.asset using Guid(220ff81097dcbfc41a5f67d1b7879b39) Importer(2089858483,192608db42251d675da83286b1cce702) (ScriptedImporter) -> (artifact id: 'de8d179be47ae5ca68b89d90e926abec') in 0.0051728 seconds
Number of updated asset objects reloaded before import = 0Number of asset objects unloaded after import = 1

========================================================================
Received Import Request.
  Time since last request: 0.000022 seconds.
  path: Assets/TextMesh Pro/Shaders/TMP_SDF-Mobile-2-Pass.shader
  artifactKey: Guid(0178fcb869bafef4690d177d31d17db8) Importer(2089858483,192608db42251d675da83286b1cce702)
Start importing Assets/TextMesh Pro/Shaders/TMP_SDF-Mobile-2-Pass.shader using Guid(0178fcb869bafef4690d177d31d17db8) Importer(2089858483,192608db42251d675da83286b1cce702) (ScriptedImporter) -> (artifact id: '0637ab4312e5ff3906d7c8a73bce3a1a') in 0.0044449 seconds
Number of updated asset objects reloaded before import = 0Number of asset objects unloaded after import = 1

========================================================================
Received Import Request.
  Time since last request: 0.000021 seconds.
  path: Assets/Samples/XR Interaction Toolkit/3.2.2/Starter Assets/TunnelingVignette/TunnelingVignette.prefab
  artifactKey: Guid(6c8af5c8012f01440af6cb2bc3eb987c) Importer(2089858483,192608db42251d675da83286b1cce702)
Start importing Assets/Samples/XR Interaction Toolkit/3.2.2/Starter Assets/TunnelingVignette/TunnelingVignette.prefab using Guid(6c8af5c8012f01440af6cb2bc3eb987c) Importer(2089858483,192608db42251d675da83286b1cce702) (ScriptedImporter) -> (artifact id: '1f886e8b34e5fd8f8688a04f7cc2ec1d') in 0.0113566 seconds
Number of updated asset objects reloaded before import = 0Number of asset objects unloaded after import = 10

========================================================================
Received Import Request.
  Time since last request: 0.000017 seconds.
  path: Assets/Samples/XR Interaction Toolkit/3.2.2/World Space UI/Materials/Grab Handle Material.mat
  artifactKey: Guid(acd5dd5bae70947439d17eb3cee28306) Importer(2089858483,192608db42251d675da83286b1cce702)
Start importing Assets/Samples/XR Interaction Toolkit/3.2.2/World Space UI/Materials/Grab Handle Material.mat using Guid(acd5dd5bae70947439d17eb3cee28306) Importer(2089858483,192608db42251d675da83286b1cce702) (ScriptedImporter) -> (artifact id: '46bec5b4d18b31914c6408aad3f75a8c') in 0.0057913 seconds
Number of updated asset objects reloaded before import = 0Number of asset objects unloaded after import = 2

========================================================================
Received Import Request.
  Time since last request: 0.000020 seconds.
  path: Assets/LowlyPoly/Stylized Grass Texture/Materials/Stylize_Grass_diffuse.mat
  artifactKey: Guid(516e6f11e8de6624eb6be4bac8c14555) Importer(2089858483,192608db42251d675da83286b1cce702)
Start importing Assets/LowlyPoly/Stylized Grass Texture/Materials/Stylize_Grass_diffuse.mat using Guid(516e6f11e8de6624eb6be4bac8c14555) Importer(2089858483,192608db42251d675da83286b1cce702) (ScriptedImporter) -> (artifact id: '2de0403f933bd4b3485ad66f94605a19') in 0.0065397 seconds
Number of updated asset objects reloaded before import = 0Number of asset objects unloaded after import = 2

========================================================================
Received Import Request.
  Time since last request: 0.000020 seconds.
  path: Assets/TextMesh Pro/Shaders/TMP_SDF-HDRP LIT.shadergraph
  artifactKey: Guid(ca2ed216f98028c4dae6c5224a952b3c) Importer(2089858483,192608db42251d675da83286b1cce702)
Start importing Assets/TextMesh Pro/Shaders/TMP_SDF-HDRP LIT.shadergraph using Guid(ca2ed216f98028c4dae6c5224a952b3c) Importer(2089858483,192608db42251d675da83286b1cce702) (ScriptedImporter) -> (artifact id: 'abb70ce795cf87038af1047087ef7a78') in 0.0081384 seconds
Number of updated asset objects reloaded before import = 0Number of asset objects unloaded after import = 3

========================================================================
Received Import Request.
  Time since last request: 0.000019 seconds.
  path: Assets/Castle imported/Models/Castles/SmallCastle/CS_Small_Castle_Stage02.fbx
  artifactKey: Guid(f27ef226369d4f045a24f745e1cf599d) Importer(2089858483,192608db42251d675da83286b1cce702)
Start importing Assets/Castle imported/Models/Castles/SmallCastle/CS_Small_Castle_Stage02.fbx using Guid(f27ef226369d4f045a24f745e1cf599d) Importer(2089858483,192608db42251d675da83286b1cce702) (ScriptedImporter) -> (artifact id: 'f5f61dbefced2a9afed12a8fe01da343') in 0.0111029 seconds
Number of updated asset objects reloaded before import = 0Number of asset objects unloaded after import = 9

========================================================================
Received Import Request.
  Time since last request: 0.000025 seconds.
  path: Assets/Plugins/AssetUsageDetector/Editor/AssetUsageDetector.Editor.asmdef
  artifactKey: Guid(8579ab42c9ab63d4bac5fb07bd390b46) Importer(2089858483,192608db42251d675da83286b1cce702)
Start importing Assets/Plugins/AssetUsageDetector/Editor/AssetUsageDetector.Editor.asmdef using Guid(8579ab42c9ab63d4bac5fb07bd390b46) Importer(2089858483,192608db42251d675da83286b1cce702) (ScriptedImporter) -> (artifact id: '3ab7c91331b6dc0c2f40dda80a542395') in 0.0044066 seconds
Number of updated asset objects reloaded before import = 0Number of asset objects unloaded after import = 1

========================================================================
Received Import Request.
  Time since last request: 0.000014 seconds.
  path: Assets/XRI/Settings/XRInteractionEditorSettings.asset
  artifactKey: Guid(83985fea1b1627546b956263df3a300f) Importer(2089858483,192608db42251d675da83286b1cce702)
Start importing Assets/XRI/Settings/XRInteractionEditorSettings.asset using Guid(83985fea1b1627546b956263df3a300f) Importer(2089858483,192608db42251d675da83286b1cce702) (ScriptedImporter) -> (artifact id: 'c99dcbee80ea32c17c4f736df08c1feb') in 0.0067552 seconds
Number of updated asset objects reloaded before import = 0Number of asset objects unloaded after import = 1

========================================================================
Received Import Request.
  Time since last request: 0.000019 seconds.
  path: Assets/_Tanks/Art/Textures/NavMesh-CompleteLevelArt.asset
  artifactKey: Guid(790d57cc5cb23164e86ca075279795f8) Importer(2089858483,192608db42251d675da83286b1cce702)
Start importing Assets/_Tanks/Art/Textures/NavMesh-CompleteLevelArt.asset using Guid(790d57cc5cb23164e86ca075279795f8) Importer(2089858483,192608db42251d675da83286b1cce702) (ScriptedImporter) -> (artifact id: 'ed490f95d40cda8996b53b192bf1c243') in 0.0054478 seconds
Number of updated asset objects reloaded before import = 0Number of asset objects unloaded after import = 1

========================================================================
Received Import Request.
  Time since last request: 0.000023 seconds.
  path: Assets/Castle imported/Prefab/RoadConstructor/CS_Road_Turn Variant.prefab
  artifactKey: Guid(0329016c51381e740a614af8f07a88d6) Importer(2089858483,192608db42251d675da83286b1cce702)
Start importing Assets/Castle imported/Prefab/RoadConstructor/CS_Road_Turn Variant.prefab using Guid(0329016c51381e740a614af8f07a88d6) Importer(2089858483,192608db42251d675da83286b1cce702) (ScriptedImporter) -> (artifact id: '03698497f533e8f3c5a4db21474de05f') in 0.0078103 seconds
Number of updated asset objects reloaded before import = 0Number of asset objects unloaded after import = 14

========================================================================
Received Import Request.
  Time since last request: 0.000025 seconds.
  path: Assets/resources/Scripts/Managers/SettingsManager.cs
  artifactKey: Guid(ae2fcdcefc14f4d4f951fb2b402ca4e7) Importer(2089858483,192608db42251d675da83286b1cce702)
Start importing Assets/resources/Scripts/Managers/SettingsManager.cs using Guid(ae2fcdcefc14f4d4f951fb2b402ca4e7) Importer(2089858483,192608db42251d675da83286b1cce702) (ScriptedImporter) -> (artifact id: 'ee5930d464117ecbe9fbf2c2d0c3b2be') in 0.0061295 seconds
Number of updated asset objects reloaded before import = 0Number of asset objects unloaded after import = 0

========================================================================
Received Import Request.
  Time since last request: 0.000027 seconds.
  path: Assets/resources/Scripts/Deck/CardUI.cs
  artifactKey: Guid(0aa3bce538ebcff45a4f6ccf04131659) Importer(2089858483,192608db42251d675da83286b1cce702)
Start importing Assets/resources/Scripts/Deck/CardUI.cs using Guid(0aa3bce538ebcff45a4f6ccf04131659) Importer(2089858483,192608db42251d675da83286b1cce702) (ScriptedImporter) -> (artifact id: '51835a76dcacc985fb2e273353a413ba') in 0.0043809 seconds
Number of updated asset objects reloaded before import = 0Number of asset objects unloaded after import = 0

========================================================================
Received Import Request.
  Time since last request: 0.000015 seconds.
  path: Assets/_Tanks/Prefabs/Levels/LevelMoon.prefab
  artifactKey: Guid(05886ef6f9e6e804e81b6c1090ee17f8) Importer(2089858483,192608db42251d675da83286b1cce702)
Start importing Assets/_Tanks/Prefabs/Levels/LevelMoon.prefab using Guid(05886ef6f9e6e804e81b6c1090ee17f8) Importer(2089858483,192608db42251d675da83286b1cce702) (ScriptedImporter) -> (artifact id: '0e960a3485136840cf202d9e63fc60ab') in 0.0213397 seconds
Number of updated asset objects reloaded before import = 0Number of asset objects unloaded after import = 1156

========================================================================
Received Import Request.
  Time since last request: 0.000024 seconds.
  path: Assets/resources/Scenes/final 3/NavMesh-Teleportation Area (3).asset
  artifactKey: Guid(eaebb761a09b66a4fb0694c6b2bcee7d) Importer(2089858483,192608db42251d675da83286b1cce702)
Start importing Assets/resources/Scenes/final 3/NavMesh-Teleportation Area (3).asset using Guid(eaebb761a09b66a4fb0694c6b2bcee7d) Importer(2089858483,192608db42251d675da83286b1cce702) (ScriptedImporter) -> (artifact id: '949ae062d3a8fc3d37ac77908c0d4e52') in 0.0044873 seconds
Number of updated asset objects reloaded before import = 0Number of asset objects unloaded after import = 1

========================================================================
Received Import Request.
  Time since last request: 0.000017 seconds.
  path: Assets/resources/Scenes/Home.unity
  artifactKey: Guid(4970bd87e1eb7584498f5aad57123ddd) Importer(2089858483,192608db42251d675da83286b1cce702)
Start importing Assets/resources/Scenes/Home.unity using Guid(4970bd87e1eb7584498f5aad57123ddd) Importer(2089858483,192608db42251d675da83286b1cce702) (ScriptedImporter) -> (artifact id: '39fc5bdb22a3fe01e9ee1ed47e472fcf') in 0.0201967 seconds
Number of updated asset objects reloaded before import = 0Number of asset objects unloaded after import = 1

========================================================================
Received Import Request.
  Time since last request: 0.000019 seconds.
  path: Assets/TextMesh Pro/Shaders/TMP_Sprite.shader
  artifactKey: Guid(cf81c85f95fe47e1a27f6ae460cf182c) Importer(2089858483,192608db42251d675da83286b1cce702)
Start importing Assets/TextMesh Pro/Shaders/TMP_Sprite.shader using Guid(cf81c85f95fe47e1a27f6ae460cf182c) Importer(2089858483,192608db42251d675da83286b1cce702) (ScriptedImporter) -> (artifact id: 'ddb9930a782f41b869e0bd4ee787f9e7') in 0.0045565 seconds
Number of updated asset objects reloaded before import = 0Number of asset objects unloaded after import = 1

========================================================================
Received Import Request.
  Time since last request: 0.000025 seconds.
  path: Assets/TextMesh Pro/Sprites/EmojiOne Attribution.txt
  artifactKey: Guid(381dcb09d5029d14897e55f98031fca5) Importer(2089858483,192608db42251d675da83286b1cce702)
Start importing Assets/TextMesh Pro/Sprites/EmojiOne Attribution.txt using Guid(381dcb09d5029d14897e55f98031fca5) Importer(2089858483,192608db42251d675da83286b1cce702) (ScriptedImporter) -> (artifact id: '49f4f01a61437b415cfd78b729a39f99') in 0.0044367 seconds
Number of updated asset objects reloaded before import = 0Number of asset objects unloaded after import = 1

========================================================================
Received Import Request.
  Time since last request: 0.000015 seconds.
  path: Assets/TextMesh Pro/Fonts/LiberationSans.ttf
  artifactKey: Guid(e3265ab4bf004d28a9537516768c1c75) Importer(2089858483,192608db42251d675da83286b1cce702)
Start importing Assets/TextMesh Pro/Fonts/LiberationSans.ttf using Guid(e3265ab4bf004d28a9537516768c1c75) Importer(2089858483,192608db42251d675da83286b1cce702) (ScriptedImporter) -> (artifact id: '63f811251e75df8b34dc2e471d675d07') in 0.006723 seconds
Number of updated asset objects reloaded before import = 0Number of asset objects unloaded after import = 3

