[Licensing::Module] Trying to connect to existing licensing client channel...
Built from '6000.2/respin/6000.2.7f1-2eb0c79396db' branch; Version is '6000.2.7f2 (2b518236b676) revision 2838914'; Using compiler version '194234433'; Build Type 'Release'
[Licensing::IpcConnector] Successfully connected to: "LicenseClient-user10" at "2025-12-30T06:04:00.154526Z"
OS: 'Windows 11  (10.0.26100) 64bit Professional' Language: 'en' Physical Memory: 31865 MB
BatchMode: 1, IsHumanControllingUs: 0, StartBugReporterOnCrash: 0, Is64bit: 1
Date: 2025-12-30T06:04:00Z

COMMAND LINE ARGUMENTS:
C:\Program Files\Unity\Hub\Editor\6000.2.7f2\Editor\Unity.exe
-adb2
-batchMode
-noUpm
-name
AssetImportWorker2
-projectPath
C:/Users/user10/Desktop/Roshan Amancha 082/GithubVR/Clash-Royal-VRGame/exportedVR12
-logFile
Logs/AssetImportWorker2.log
-srvPort
51965
-licensingIpc
LicenseClient-user10
-job-worker-count
5
-background-job-worker-count
8
-gc-helper-count
1
-name
AssetImport
Successfully changed project path to: C:/Users/user10/Desktop/Roshan Amancha 082/GithubVR/Clash-Royal-VRGame/exportedVR12
C:/Users/user10/Desktop/Roshan Amancha 082/GithubVR/Clash-Royal-VRGame/exportedVR12
[UnityMemory] Configuration Parameters - Can be set up in boot.config
    "memorysetup-allocator-temp-initial-block-size-main=262144"
    "memorysetup-allocator-temp-initial-block-size-worker=262144"
    "memorysetup-bucket-allocator-granularity=16"
    "memorysetup-bucket-allocator-bucket-count=8"
    "memorysetup-bucket-allocator-block-size=33554432"
    "memorysetup-bucket-allocator-block-count=8"
    "memorysetup-main-allocator-block-size=16777216"
    "memorysetup-thread-allocator-block-size=16777216"
    "memorysetup-gfx-main-allocator-block-size=16777216"
    "memorysetup-gfx-thread-allocator-block-size=16777216"
    "memorysetup-cache-allocator-block-size=4194304"
    "memorysetup-typetree-allocator-block-size=2097152"
    "memorysetup-profiler-bucket-allocator-granularity=16"
    "memorysetup-profiler-bucket-allocator-bucket-count=8"
    "memorysetup-profiler-bucket-allocator-block-size=33554432"
    "memorysetup-profiler-bucket-allocator-block-count=8"
    "memorysetup-profiler-allocator-block-size=16777216"
    "memorysetup-profiler-editor-allocator-block-size=1048576"
    "memorysetup-temp-allocator-size-main=16777216"
    "memorysetup-job-temp-allocator-block-size=2097152"
    "memorysetup-job-temp-allocator-block-size-background=1048576"
    "memorysetup-job-temp-allocator-reduction-small-platforms=262144"
    "memorysetup-temp-allocator-size-background-worker=32768"
    "memorysetup-temp-allocator-size-job-worker=262144"
    "memorysetup-temp-allocator-size-preload-manager=33554432"
    "memorysetup-temp-allocator-size-nav-mesh-worker=65536"
    "memorysetup-temp-allocator-size-audio-worker=65536"
    "memorysetup-temp-allocator-size-cloud-worker=32768"
    "memorysetup-temp-allocator-size-gi-baking-worker=262144"
    "memorysetup-temp-allocator-size-gi-baking-worker=262144"
    "memorysetup-temp-allocator-size-gi-baking-worker=262144"
    "memorysetup-temp-allocator-size-gi-baking-worker=262144"
    "memorysetup-temp-allocator-size-gi-baking-worker=262144"
    "memorysetup-temp-allocator-size-gfx=262144"
Player connection [23556]  Target information:

Player connection [23556]  * "[IP] 192.168.0.76 [Port] 0 [Flags] 2 [Guid] 2418119085 [EditorId] 2418119085 [Version] 1048832 [Id] WindowsEditor(7,DESKTOP-AIF5K7P) [Debug] 1 [PackageName] WindowsEditor [ProjectName] Editor" 

Player connection [23556] Host joined multi-casting on [225.0.0.222:54997]...
Player connection [23556] Host joined alternative multi-casting on [225.0.0.222:34997]...
JobSystem: Creating JobQueue using job-worker-count value 5
Input System module state changed to: Initialized.
[Physics::Module] Initialized fallback backend.
[Physics::Module] Id: 0xdecafbad
[Licensing::Client] Code 10 while verifying Licensing Client signature (process Id: 11424, path: "C:/Program Files/Unity Hub/UnityLicensingClient_V1/Unity.Licensing.Client.exe")
[Licensing::Module] LicensingClient has failed validation; ignoring
[Licensing::Client] Handshaking with LicensingClient:
  Version:                 1.17.4+4293ba1
  Session Id:              33c2b3683feb457fac7494bf58b4d297
  Correlation Id:          dc602dc9aa36ae887cf9bbb7a667e0f3
  External correlation Id: 8174083840932565885
  Machine Id:              7j9dtXEEMj4OZ04fmnkxtMHNaBY=
[Licensing::Module] Successfully connected to LicensingClient on channel: "LicenseClient-user10" (connect: 0.00s, validation: 0.00s, handshake: 0.03s)
[Licensing::IpcConnector] Successfully connected to: "LicenseClient-user10-notifications" at "2025-12-30T06:04:00.1831004Z"
[Licensing::Module] Licensing Background thread has ended after 0.03s
Library Redirect Path: Library/
[Physics::Module] Selected backend.
[Physics::Module] Name: PhysX
[Physics::Module] Id: 0xf2b8ea05
[Physics::Module] SDK Version: 4.1.2
[Physics::Module] Integration Version: 1.0.0
[Physics::Module] Threading Mode: Multi-Threaded
Refreshing native plugins compatible for Editor in 19.25 ms, found 17 plugins.
Unity memory allocator detected: MetaXRAudio native memory allocations will be tracked.
Preloading 2 native plugins for Editor in 1.80 ms.
Initialize engine version: 6000.2.7f2 (2b518236b676)
[Subsystems] Discovering subsystems at path C:/Program Files/Unity/Hub/Editor/6000.2.7f2/Editor/Data/Resources/UnitySubsystems
[Subsystems] Discovering subsystems at path C:/Users/user10/Desktop/Roshan Amancha 082/GithubVR/Clash-Royal-VRGame/exportedVR12/Assets
GfxDevice: creating device client; kGfxThreadingModeNonThreaded
Direct3D:
    Version:  Direct3D 11.0 [level 11.1]
    Renderer: NVIDIA GeForce RTX 3060 Ti (ID=0x2414)
    Vendor:   NVIDIA
    VRAM:     8024 MB
    Driver:   32.0.15.9144
Shader 'Meta/MRUK/Scene/HighlightsAndShadows': fallback shader 'Off' not found
Shader 'Oculus/OVRMRCameraFrameLit': fallback shader 'Alpha-Diffuse' not found
Initialize mono
Mono path[0] = 'C:/Program Files/Unity/Hub/Editor/6000.2.7f2/Editor/Data/Managed'
Mono path[1] = 'C:/Program Files/Unity/Hub/Editor/6000.2.7f2/Editor/Data/MonoBleedingEdge/lib/mono/unityjit-win32'
Mono config path = 'C:/Program Files/Unity/Hub/Editor/6000.2.7f2/Editor/Data/MonoBleedingEdge/etc'
Using monoOptions --debugger-agent=transport=dt_socket,embedding=1,server=y,suspend=n,address=127.0.0.1:56088
Begin MonoManager ReloadAssembly
Registering precompiled unity dll's ...
Register platform support module: C:/Program Files/Unity/Hub/Editor/6000.2.7f2/Editor/Data/PlaybackEngines/WindowsStandaloneSupport/UnityEditor.WindowsStandalone.Extensions.dll
[Licensing::Client] Successfully resolved entitlement details
[Licensing::Module] License group:
  Id: 13469871408863-UnityPersXXXX
  Product: Unity Personal
  Type: Assigned
  Expiration: Unlimited
Register platform support module: C:/Program Files/Unity/Hub/Editor/6000.2.7f2/Editor/Data/PlaybackEngines/AndroidPlayer/UnityEditor.Android.Extensions.dll
Registered in 0.003406 seconds.
- Loaded All Assemblies, in  0.341 seconds
Native extension for Android target not found
Android Extension - Scanning For ADB Devices 206 ms
Native extension for WindowsStandalone target not found
Mono: successfully reloaded assembly
- Finished resetting the current domain, in  0.499 seconds
Domain Reload Profiling: 839ms
	BeginReloadAssembly (103ms)
		ExecutionOrderSort (0ms)
		DisableScriptedObjects (0ms)
		BackupInstance (0ms)
		ReleaseScriptingObjects (0ms)
		CreateAndSetChildDomain (1ms)
	RebuildCommonClasses (30ms)
	RebuildNativeTypeToScriptingClass (22ms)
	initialDomainReloadingComplete (49ms)
	LoadAllAssembliesAndSetupDomain (135ms)
		LoadAssemblies (101ms)
		RebuildTransferFunctionScriptingTraits (0ms)
		AnalyzeDomain (132ms)
			TypeCache.Refresh (130ms)
				TypeCache.ScanAssembly (119ms)
			BuildScriptInfoCaches (0ms)
			ResolveRequiredComponents (0ms)
	FinalizeReload (500ms)
		ReleaseScriptCaches (0ms)
		RebuildScriptCaches (0ms)
		SetupLoadedEditorAssemblies (474ms)
			LogAssemblyErrors (0ms)
			InitializePlatformSupportModulesInManaged (278ms)
			SetLoadedEditorAssemblies (3ms)
			BeforeProcessingInitializeOnLoad (53ms)
			ProcessInitializeOnLoadAttributes (96ms)
			ProcessInitializeOnLoadMethodAttributes (44ms)
			AfterProcessingInitializeOnLoad (0ms)
			EditorAssembliesLoaded (0ms)
		ExecutionOrderSort2 (0ms)
		AwakeInstancesAfterBackupRestoration (0ms)
========================================================================
Worker process is ready to serve import requests
Import Worker Mode flag is 0x00
Begin MonoManager ReloadAssembly
[Licensing::Client] Successfully resolved entitlement details
Symbol file LoadedFromMemory is not a mono symbol file
- Loaded All Assemblies, in  0.868 seconds
Script 'CharacterController' has the same name as built-in Unity component.
AddComponent and GetComponent will not work with this script.
'Packages/com.meta.xr.sdk.core/Editor/BuildingBlocks/BlocksWindow.cs' contains partial class of Unity.Object, exactly 1 of the partial classes needs to be in a file with the same filename. This is to know the one that can be referenced from ie. GameObjects
'Packages/com.meta.xr.sdk.core/Editor/BuildingBlocks/BlocksWindowDetailsExtension.cs' contains partial class of Unity.Object, exactly 1 of the partial classes needs to be in a file with the same filename. This is to know the one that can be referenced from ie. GameObjects
'Packages/com.meta.xr.sdk.core/Editor/BuildingBlocks/BlocksWindowCollectionsPageExtension.cs' contains partial class of Unity.Object, exactly 1 of the partial classes needs to be in a file with the same filename. This is to know the one that can be referenced from ie. GameObjects
Refreshing native plugins compatible for Editor in 10.39 ms, found 17 plugins.
Native extension for Android target not found
Native extension for WindowsStandalone target not found
✔ Editor Prefs cleaned.
UnityEngine.Debug:ExtractStackTraceNoAlloc (byte*,int,string)
UnityEngine.StackTraceUtility:ExtractStackTrace ()
UnityEngine.DebugLogHandler:Internal_Log (UnityEngine.LogType,UnityEngine.LogOption,string,UnityEngine.Object)
UnityEngine.DebugLogHandler:LogFormat (UnityEngine.LogType,UnityEngine.Object,string,object[])
UnityEngine.Logger:Log (UnityEngine.LogType,object)
UnityEngine.Debug:Log (object)
ClearUnityEditorPrefs:.cctor () (at C:/Users/user10/Desktop/Roshan Amancha 082/Zip Files/exportedVR12/Assets/Editor/ClearMetaGuidePrefs.cs:11)
System.Runtime.CompilerServices.RuntimeHelpers:RunClassConstructor (System.RuntimeTypeHandle)
UnityEditor.EditorAssemblies:ProcessInitializeOnLoadAttributes (System.Type[])

(Filename: C:/Users/user10/Desktop/Roshan Amancha 082/Zip Files/exportedVR12/Assets/Editor/ClearMetaGuidePrefs.cs Line: 11)

Package Manager log level set to [2]
[Package Manager] Failed to launch server process. Reason: Unity was launched with the -noUpm command-line argument
[Package Manager] Unable to send message (not connected to server process).
[Package Manager] Cannot connect to Unity Package Manager local server
Refreshing native plugins compatible for Editor in 11.95 ms, found 17 plugins.
[Package Manager] Failed to launch server process. Reason: Unity was launched with the -noUpm command-line argument
[Package Manager] Unable to send message (not connected to server process).
[Package Manager] Cannot connect to Unity Package Manager local server
[Package Manager] Failed to launch server process. Reason: Unity was launched with the -noUpm command-line argument
[Package Manager] Unable to send message (not connected to server process).
[Package Manager] Cannot connect to Unity Package Manager local server
Mono: successfully reloaded assembly
[Package Manager] Failed to launch server process. Reason: Unity was launched with the -noUpm command-line argument
[Package Manager] Unable to send message (not connected to server process).
[Package Manager] Cannot connect to Unity Package Manager local server
[Package Manager] Failed to launch server process. Reason: Unity was launched with the -noUpm command-line argument
[Package Manager] Unable to send message (not connected to server process).
[Package Manager] Cannot connect to Unity Package Manager local server
- Finished resetting the current domain, in  1.199 seconds
Domain Reload Profiling: 2059ms
	BeginReloadAssembly (158ms)
		ExecutionOrderSort (0ms)
		DisableScriptedObjects (4ms)
		BackupInstance (0ms)
		ReleaseScriptingObjects (0ms)
		CreateAndSetChildDomain (32ms)
	RebuildCommonClasses (33ms)
	RebuildNativeTypeToScriptingClass (11ms)
	initialDomainReloadingComplete (37ms)
	LoadAllAssembliesAndSetupDomain (622ms)
		LoadAssemblies (380ms)
		RebuildTransferFunctionScriptingTraits (0ms)
		AnalyzeDomain (327ms)
			TypeCache.Refresh (222ms)
				TypeCache.ScanAssembly (203ms)
			BuildScriptInfoCaches (84ms)
			ResolveRequiredComponents (17ms)
	FinalizeReload (1199ms)
		ReleaseScriptCaches (0ms)
		RebuildScriptCaches (0ms)
		SetupLoadedEditorAssemblies (987ms)
			LogAssemblyErrors (0ms)
			InitializePlatformSupportModulesInManaged (8ms)
			SetLoadedEditorAssemblies (5ms)
			BeforeProcessingInitializeOnLoad (149ms)
			ProcessInitializeOnLoadAttributes (692ms)
			ProcessInitializeOnLoadMethodAttributes (129ms)
			AfterProcessingInitializeOnLoad (4ms)
			EditorAssembliesLoaded (0ms)
		ExecutionOrderSort2 (0ms)
		AwakeInstancesAfterBackupRestoration (5ms)
Shader 'Meta/MRUK/Scene/HighlightsAndShadows': fallback shader 'Off' not found
Shader 'Oculus/OVRMRCameraFrameLit': fallback shader 'Alpha-Diffuse' not found
Launched and connected shader compiler UnityShaderCompiler.exe after 0.01 seconds
Refreshing native plugins compatible for Editor in 10.17 ms, found 17 plugins.
Preloading 2 native plugins for Editor in 0.12 ms.
Unloading 16 Unused Serialized files (Serialized files now loaded: 0)
Unloading 9821 unused Assets / (7.3 MB). Loaded Objects now: 10593.
Memory consumption went from 179.0 MB to 171.8 MB.
Total: 19.585600 ms (FindLiveObjects: 1.049200 ms CreateObjectMapping: 1.220600 ms MarkObjects: 11.565600 ms  DeleteObjects: 5.748700 ms)

========================================================================
Received Import Request.
  Time since last request: 526153.187140 seconds.
  path: Assets/resources/OVRPlatformToolSettings.asset
  artifactKey: Guid(2fb08e897fa5e04429d0dcc596b19d7c) Importer(2089858483,192608db42251d675da83286b1cce702)
Start importing Assets/resources/OVRPlatformToolSettings.asset using Guid(2fb08e897fa5e04429d0dcc596b19d7c) Importer(2089858483,192608db42251d675da83286b1cce702) (ScriptedImporter)
=================================================================
	Native Crash Reporting
=================================================================
Got a UNKNOWN while executing native code. This usually indicates
a fatal error in the mono runtime or one of the native libraries 
used by your application.
=================================================================

=================================================================
	Managed Stacktrace:
=================================================================
	  at <unknown> <0xffffffff>
	  at System.Reflection.RuntimePropertyInfo:internal_from_handle_type <0x0006c>
	  at System.Reflection.RuntimePropertyInfo:GetPropertyFromHandle <0x00042>
	  at System.RuntimeType:GetPropertiesByName <0x00172>
	  at System.RuntimeType:GetPropertyCandidates <0x000aa>
	  at System.RuntimeType:GetProperties <0x00052>
	  at System.Type:GetProperties <0x0001c>
	  at <>c:<GetMaterialReferenceLookup>b__2_0 <0x00022>
	  at WhereEnumerableIterator`1:MoveNext <0x000ea>
	  at UnityEditor.Rendering.Universal.MaterialReferenceBuilder:GetMaterialReferenceLookup <0x00478>
	  at UnityEditor.Rendering.Universal.MaterialReferenceBuilder:.cctor <0x00032>
	  at System.Object:runtime_invoke_void <0x00084>
	  at <unknown> <0xffffffff>
	  at System.Object:__icall_wrapper_mono_generic_class_init <0x0006a>
	  at UnityEditor.Rendering.Universal.ConversionIndexers:ConversionIndexer <0x0006a>
	  at <Module>:invoke_void_CustomObjectIndexerTarget_ObjectIndexer <0x00113>
	  at UnityEditor.Search.ObjectIndexer:CallCustomIndexers <0x004c9>
	  at UnityEditor.Search.ObjectIndexer:IndexCustomProperties <0x00132>
	  at UnityEditor.Search.AssetIndexer:IndexProperties <0x0041a>
	  at UnityEditor.Search.AssetIndexer:IndexDocument <0x00e3a>
	  at UnityEditor.Search.SearchIndexEntryImporter:OnImportAsset <0x00163>
	  at UnityEditor.AssetImporters.ScriptedImporter:GenerateAssetData <0x00018>
	  at <Module>:runtime_invoke_void__this___object <0x00092>
=================================================================
 -> (artifact id: '88b916f78f0222d1665c4d47550c6e48') in 0.2305383 seconds
Number of updated asset objects reloaded before import = 0Number of asset objects unloaded after import = 1

========================================================================
Received Import Request.
  Time since last request: 0.000019 seconds.
  path: Assets/resources/Prefab/SessionManager.prefab
  artifactKey: Guid(02dc21c6400aa0447912e993c20e57ff) Importer(2089858483,192608db42251d675da83286b1cce702)
Start importing Assets/resources/Prefab/SessionManager.prefab using Guid(02dc21c6400aa0447912e993c20e57ff) Importer(2089858483,192608db42251d675da83286b1cce702) (ScriptedImporter) -> (artifact id: 'c827a04e849d7f3a2198d56a4de55a5d') in 0.0699862 seconds
Number of updated asset objects reloaded before import = 0Number of asset objects unloaded after import = 5

========================================================================
Received Import Request.
  Time since last request: 0.000027 seconds.
  path: Assets/resources/UI/Game Title place (1).png
  artifactKey: Guid(16430de93106b9547baf73bf7aad33d6) Importer(2089858483,192608db42251d675da83286b1cce702)
Start importing Assets/resources/UI/Game Title place (1).png using Guid(16430de93106b9547baf73bf7aad33d6) Importer(2089858483,192608db42251d675da83286b1cce702) (ScriptedImporter) -> (artifact id: '526c036971b8becb37747cad5a792e23') in 0.0553526 seconds
Number of updated asset objects reloaded before import = 0Number of asset objects unloaded after import = 1

========================================================================
Received Import Request.
  Time since last request: 0.000017 seconds.
  path: Assets/TextMesh Pro/Shaders/TMP_SDF SSD.shader
  artifactKey: Guid(14eb328de4b8eb245bb7cea29e4ac00b) Importer(2089858483,192608db42251d675da83286b1cce702)
Start importing Assets/TextMesh Pro/Shaders/TMP_SDF SSD.shader using Guid(14eb328de4b8eb245bb7cea29e4ac00b) Importer(2089858483,192608db42251d675da83286b1cce702) (ScriptedImporter) -> (artifact id: '395d120e35907995c3d87b18df51e6f7') in 0.0088479 seconds
Number of updated asset objects reloaded before import = 0Number of asset objects unloaded after import = 1

========================================================================
Received Import Request.
  Time since last request: 0.000018 seconds.
  path: Assets/XR/Settings/OpenXR Package Settings.asset
  artifactKey: Guid(0a39b94304ed37041a7aaec38b371b22) Importer(2089858483,192608db42251d675da83286b1cce702)
Start importing Assets/XR/Settings/OpenXR Package Settings.asset using Guid(0a39b94304ed37041a7aaec38b371b22) Importer(2089858483,192608db42251d675da83286b1cce702) (ScriptedImporter) -> (artifact id: '542ef97da6583510de052df889999ca4') in 0.0540765 seconds
Number of updated asset objects reloaded before import = 0Number of asset objects unloaded after import = 1

========================================================================
Received Import Request.
  Time since last request: 0.000018 seconds.
  path: Assets/resources/InputActions.asset
  artifactKey: Guid(7d4bc51504231b042863a2160254e2e7) Importer(2089858483,192608db42251d675da83286b1cce702)
Start importing Assets/resources/InputActions.asset using Guid(7d4bc51504231b042863a2160254e2e7) Importer(2089858483,192608db42251d675da83286b1cce702) (ScriptedImporter) -> (artifact id: '31d7d53c02aac0e4085a927ce18e5ea4') in 0.0048014 seconds
Number of updated asset objects reloaded before import = 0Number of asset objects unloaded after import = 1

========================================================================
Received Import Request.
  Time since last request: 0.000029 seconds.
  path: Assets/resources/Prefab/_AppSystems.prefab
  artifactKey: Guid(b6875bbd65c3c39478511e3a707d6d04) Importer(2089858483,192608db42251d675da83286b1cce702)
Start importing Assets/resources/Prefab/_AppSystems.prefab using Guid(b6875bbd65c3c39478511e3a707d6d04) Importer(2089858483,192608db42251d675da83286b1cce702) (ScriptedImporter) -> (artifact id: 'd498d105fb297d5403008530e44a795c') in 0.0118108 seconds
Number of updated asset objects reloaded before import = 0Number of asset objects unloaded after import = 19

========================================================================
Received Import Request.
  Time since last request: 0.000012 seconds.
  path: Assets/resources/UI/Archer.png
  artifactKey: Guid(ca6d1a7d1cdc8d546b0afa3e8f34ab4a) Importer(2089858483,192608db42251d675da83286b1cce702)
Start importing Assets/resources/UI/Archer.png using Guid(ca6d1a7d1cdc8d546b0afa3e8f34ab4a) Importer(2089858483,192608db42251d675da83286b1cce702) (ScriptedImporter) -> (artifact id: '9a9948c076a5429f752096073a079f9c') in 0.0193329 seconds
Number of updated asset objects reloaded before import = 0Number of asset objects unloaded after import = 3

========================================================================
Received Import Request.
  Time since last request: 0.000012 seconds.
  path: Assets/resources/Material/Red.mat
  artifactKey: Guid(a3a1e08f48b54d146a3fc1b08d2071b3) Importer(2089858483,192608db42251d675da83286b1cce702)
Start importing Assets/resources/Material/Red.mat using Guid(a3a1e08f48b54d146a3fc1b08d2071b3) Importer(2089858483,192608db42251d675da83286b1cce702) (ScriptedImporter) -> (artifact id: '320d697ecfb463a4c5449d74ebda06bf') in 0.0164933 seconds
Number of updated asset objects reloaded before import = 0Number of asset objects unloaded after import = 1

========================================================================
Received Import Request.
  Time since last request: 0.000015 seconds.
  path: Assets/resources/UI/quit.png
  artifactKey: Guid(697497e0c168f574daad1a3b65fc80a5) Importer(2089858483,192608db42251d675da83286b1cce702)
Start importing Assets/resources/UI/quit.png using Guid(697497e0c168f574daad1a3b65fc80a5) Importer(2089858483,192608db42251d675da83286b1cce702) (ScriptedImporter) -> (artifact id: 'e318de2db11bbfaf46e099b9d30914b4') in 0.0089317 seconds
Number of updated asset objects reloaded before import = 0Number of asset objects unloaded after import = 3

========================================================================
Received Import Request.
  Time since last request: 0.000015 seconds.
  path: Assets/resources/Scenes/final.unity
  artifactKey: Guid(ed51856383f199f47af32d4d91fb9cfe) Importer(2089858483,192608db42251d675da83286b1cce702)
Start importing Assets/resources/Scenes/final.unity using Guid(ed51856383f199f47af32d4d91fb9cfe) Importer(2089858483,192608db42251d675da83286b1cce702) (ScriptedImporter) -> (artifact id: '79b7999e8af6d79e9f592dbe7d9f351e') in 0.0097145 seconds
Number of updated asset objects reloaded before import = 0Number of asset objects unloaded after import = 1

========================================================================
Received Import Request.
  Time since last request: 0.000020 seconds.
  path: Assets/Settings/Mobile_Renderer.asset
  artifactKey: Guid(65bc7dbf4170f435aa868c779acfb082) Importer(2089858483,192608db42251d675da83286b1cce702)
Start importing Assets/Settings/Mobile_Renderer.asset using Guid(65bc7dbf4170f435aa868c779acfb082) Importer(2089858483,192608db42251d675da83286b1cce702) (ScriptedImporter) -> (artifact id: '1df530125835d7488a4f824962d9dec6') in 0.0321674 seconds
Number of updated asset objects reloaded before import = 0Number of asset objects unloaded after import = 2

========================================================================
Received Import Request.
  Time since last request: 0.000019 seconds.
  path: Assets/resources/UI/Knight.png
  artifactKey: Guid(5291d8526c9c0b34fb2e1ad153f2fd8b) Importer(2089858483,192608db42251d675da83286b1cce702)
Start importing Assets/resources/UI/Knight.png using Guid(5291d8526c9c0b34fb2e1ad153f2fd8b) Importer(2089858483,192608db42251d675da83286b1cce702) (ScriptedImporter) -> (artifact id: '100a3d566be8a30af50c892c332b0e9a') in 0.0106527 seconds
Number of updated asset objects reloaded before import = 0Number of asset objects unloaded after import = 3

========================================================================
Received Import Request.
  Time since last request: 0.000012 seconds.
  path: Assets/TextMesh Pro/Fonts/LiberationSans - OFL.txt
  artifactKey: Guid(6e59c59b81ab47f9b6ec5781fa725d2c) Importer(2089858483,192608db42251d675da83286b1cce702)
Start importing Assets/TextMesh Pro/Fonts/LiberationSans - OFL.txt using Guid(6e59c59b81ab47f9b6ec5781fa725d2c) Importer(2089858483,192608db42251d675da83286b1cce702) (ScriptedImporter) -> (artifact id: '45b75369fc3d00e540bb3066d5458b6a') in 0.0038755 seconds
Number of updated asset objects reloaded before import = 0Number of asset objects unloaded after import = 1

========================================================================
Received Import Request.
  Time since last request: 0.000016 seconds.
  path: Assets/Settings/PC_Renderer.asset
  artifactKey: Guid(f288ae1f4751b564a96ac7587541f7a2) Importer(2089858483,192608db42251d675da83286b1cce702)
Start importing Assets/Settings/PC_Renderer.asset using Guid(f288ae1f4751b564a96ac7587541f7a2) Importer(2089858483,192608db42251d675da83286b1cce702) (ScriptedImporter) -> (artifact id: '7514b8024f3bfa446939d417a5ca0021') in 0.0079718 seconds
Number of updated asset objects reloaded before import = 0Number of asset objects unloaded after import = 1

========================================================================
Received Import Request.
  Time since last request: 0.000011 seconds.
  path: Assets/Settings/DefaultVolumeProfile.asset
  artifactKey: Guid(ab09877e2e707104187f6f83e2f62510) Importer(2089858483,192608db42251d675da83286b1cce702)
Start importing Assets/Settings/DefaultVolumeProfile.asset using Guid(ab09877e2e707104187f6f83e2f62510) Importer(2089858483,192608db42251d675da83286b1cce702) (ScriptedImporter) -> (artifact id: 'c35a6b2e9fb018690ee90382ced9d4cd') in 0.0061676 seconds
Number of updated asset objects reloaded before import = 0Number of asset objects unloaded after import = 0

========================================================================
Received Import Request.
  Time since last request: 0.000016 seconds.
  path: Assets/resources/Material/Bridge.mat
  artifactKey: Guid(56e5c6a77881fd242b998f2cc79e2741) Importer(2089858483,192608db42251d675da83286b1cce702)
Start importing Assets/resources/Material/Bridge.mat using Guid(56e5c6a77881fd242b998f2cc79e2741) Importer(2089858483,192608db42251d675da83286b1cce702) (ScriptedImporter) -> (artifact id: 'f792cccc205afa2dbfde91b5dbad6b92') in 0.0073836 seconds
Number of updated asset objects reloaded before import = 0Number of asset objects unloaded after import = 1

========================================================================
Received Import Request.
  Time since last request: 0.000016 seconds.
  path: Assets/Castle imported/Models/Objects/CS_Barricade.fbx
  artifactKey: Guid(9f50f96f243ab34449f9f4ce098f024f) Importer(2089858483,192608db42251d675da83286b1cce702)
Start importing Assets/Castle imported/Models/Objects/CS_Barricade.fbx using Guid(9f50f96f243ab34449f9f4ce098f024f) Importer(2089858483,192608db42251d675da83286b1cce702) (ScriptedImporter) -> (artifact id: 'bc9bdcb2c2235801c97083a65abe8e3a') in 0.0417141 seconds
Number of updated asset objects reloaded before import = 0Number of asset objects unloaded after import = 9

========================================================================
Received Import Request.
  Time since last request: 0.000017 seconds.
  path: Assets/TextMesh Pro/Resources/LineBreaking Leading Characters.txt
  artifactKey: Guid(d82c1b31c7e74239bff1220585707d2b) Importer(2089858483,192608db42251d675da83286b1cce702)
Start importing Assets/TextMesh Pro/Resources/LineBreaking Leading Characters.txt using Guid(d82c1b31c7e74239bff1220585707d2b) Importer(2089858483,192608db42251d675da83286b1cce702) (ScriptedImporter) -> (artifact id: '6a8d1202e605ccb02143fbd280c70e35') in 0.0033958 seconds
Number of updated asset objects reloaded before import = 0Number of asset objects unloaded after import = 1

========================================================================
Received Import Request.
  Time since last request: 0.000027 seconds.
  path: Assets/Castle imported/Texture/PixelTeture.png
  artifactKey: Guid(1ee01281e3c3dcd43b9c617237d58cf9) Importer(2089858483,192608db42251d675da83286b1cce702)
Start importing Assets/Castle imported/Texture/PixelTeture.png using Guid(1ee01281e3c3dcd43b9c617237d58cf9) Importer(2089858483,192608db42251d675da83286b1cce702) (ScriptedImporter) -> (artifact id: '09ec8dd1e703d8eeb5d21a1fd29cc7a9') in 0.0116332 seconds
Number of updated asset objects reloaded before import = 0Number of asset objects unloaded after import = 1

========================================================================
Received Import Request.
  Time since last request: 0.000016 seconds.
  path: Assets/Castle imported/Models/Objects/CS_BlueFlower.fbx
  artifactKey: Guid(53482c3230d0e4743a53967b8747621a) Importer(2089858483,192608db42251d675da83286b1cce702)
Start importing Assets/Castle imported/Models/Objects/CS_BlueFlower.fbx using Guid(53482c3230d0e4743a53967b8747621a) Importer(2089858483,192608db42251d675da83286b1cce702) (ScriptedImporter) -> (artifact id: '341c596005fcdc2ab497707dccea4150') in 0.0105881 seconds
Number of updated asset objects reloaded before import = 0Number of asset objects unloaded after import = 9

========================================================================
Received Import Request.
  Time since last request: 0.000016 seconds.
  path: Assets/resources/Scenes/Level1.unity
  artifactKey: Guid(3fe1b0b085ebce24abede66f07e4b8e3) Importer(2089858483,192608db42251d675da83286b1cce702)
Start importing Assets/resources/Scenes/Level1.unity using Guid(3fe1b0b085ebce24abede66f07e4b8e3) Importer(2089858483,192608db42251d675da83286b1cce702) (ScriptedImporter) -> (artifact id: 'c287a765cc893e0f2aa19033918ea1f7') in 0.0166445 seconds
Number of updated asset objects reloaded before import = 0Number of asset objects unloaded after import = 1

========================================================================
Received Import Request.
  Time since last request: 0.000017 seconds.
  path: Assets/TextMesh Pro/Shaders/TMPro.cginc
  artifactKey: Guid(407bc68d299748449bbf7f48ee690f8d) Importer(2089858483,192608db42251d675da83286b1cce702)
Start importing Assets/TextMesh Pro/Shaders/TMPro.cginc using Guid(407bc68d299748449bbf7f48ee690f8d) Importer(2089858483,192608db42251d675da83286b1cce702) (ScriptedImporter) -> (artifact id: '37137f0cc8ec6b69189ff534345bf769') in 0.0038175 seconds
Number of updated asset objects reloaded before import = 0Number of asset objects unloaded after import = 1

========================================================================
Received Import Request.
  Time since last request: 0.000016 seconds.
  path: Assets/resources/Scenes/Main.unity
  artifactKey: Guid(99c9720ab356a0642a771bea13969a05) Importer(2089858483,192608db42251d675da83286b1cce702)
Start importing Assets/resources/Scenes/Main.unity using Guid(99c9720ab356a0642a771bea13969a05) Importer(2089858483,192608db42251d675da83286b1cce702) (ScriptedImporter) -> (artifact id: '06c59edce6fa8f467d38187297a1fd0b') in 0.0474363 seconds
Number of updated asset objects reloaded before import = 0Number of asset objects unloaded after import = 1

========================================================================
Received Import Request.
  Time since last request: 0.000024 seconds.
  path: Assets/TextMesh Pro/Sprites/EmojiOne.png
  artifactKey: Guid(dffef66376be4fa480fb02b19edbe903) Importer(2089858483,192608db42251d675da83286b1cce702)
Start importing Assets/TextMesh Pro/Sprites/EmojiOne.png using Guid(dffef66376be4fa480fb02b19edbe903) Importer(2089858483,192608db42251d675da83286b1cce702) (ScriptedImporter) -> (artifact id: '5f1aba1256a78d9c64241c7082b17d3d') in 0.0119939 seconds
Number of updated asset objects reloaded before import = 0Number of asset objects unloaded after import = 1

========================================================================
Received Import Request.
  Time since last request: 0.000024 seconds.
  path: Assets/LowlyPoly/Stylized Grass Texture/Textures/Vol_42_1_Roughness.png
  artifactKey: Guid(7c71c756b680c1a47b27345dccbbc51f) Importer(2089858483,192608db42251d675da83286b1cce702)
Start importing Assets/LowlyPoly/Stylized Grass Texture/Textures/Vol_42_1_Roughness.png using Guid(7c71c756b680c1a47b27345dccbbc51f) Importer(2089858483,192608db42251d675da83286b1cce702) (ScriptedImporter) -> (artifact id: '2f5d54507b1470d9b6e81d718414e9af') in 0.0092828 seconds
Number of updated asset objects reloaded before import = 0Number of asset objects unloaded after import = 1

========================================================================
Received Import Request.
  Time since last request: 0.000013 seconds.
  path: Assets/Castle imported/Models/Road/CS_Road_Turn.fbx
  artifactKey: Guid(5101aa72917777a4eb95779d71aa1926) Importer(2089858483,192608db42251d675da83286b1cce702)
Start importing Assets/Castle imported/Models/Road/CS_Road_Turn.fbx using Guid(5101aa72917777a4eb95779d71aa1926) Importer(2089858483,192608db42251d675da83286b1cce702) (ScriptedImporter) -> (artifact id: 'b1be4dfee27221b037f982b53c13c418') in 0.0092033 seconds
Number of updated asset objects reloaded before import = 0Number of asset objects unloaded after import = 9

========================================================================
Received Import Request.
  Time since last request: 0.000018 seconds.
  path: Assets/Castle imported/Prefab/Objects/CS_YellowFlower Variant.prefab
  artifactKey: Guid(59d9d77555afe2e41a9984569ffa4bb0) Importer(2089858483,192608db42251d675da83286b1cce702)
Start importing Assets/Castle imported/Prefab/Objects/CS_YellowFlower Variant.prefab using Guid(59d9d77555afe2e41a9984569ffa4bb0) Importer(2089858483,192608db42251d675da83286b1cce702) (ScriptedImporter) -> (artifact id: '3bb17ee3b687ef1adf4aa2b508ecf33e') in 0.0086621 seconds
Number of updated asset objects reloaded before import = 0Number of asset objects unloaded after import = 14

========================================================================
Received Import Request.
  Time since last request: 0.000019 seconds.
  path: Assets/LowlyPoly/Stylized Grass Texture/Materials/Stylize_Grass.mat
  artifactKey: Guid(5d8af8f434f69794eabd684fb44b4fbf) Importer(2089858483,192608db42251d675da83286b1cce702)
Start importing Assets/LowlyPoly/Stylized Grass Texture/Materials/Stylize_Grass.mat using Guid(5d8af8f434f69794eabd684fb44b4fbf) Importer(2089858483,192608db42251d675da83286b1cce702) (ScriptedImporter) -> (artifact id: '955446fcbd43001d5e9402dba2f4ef5c') in 0.0191303 seconds
Number of updated asset objects reloaded before import = 0Number of asset objects unloaded after import = 5

========================================================================
Received Import Request.
  Time since last request: 0.000017 seconds.
  path: Assets/Castle imported/Models/Objects/CS_Red_Block.fbx
  artifactKey: Guid(ac65c2b0ea23ad3488a4a3466c13c7fd) Importer(2089858483,192608db42251d675da83286b1cce702)
Start importing Assets/Castle imported/Models/Objects/CS_Red_Block.fbx using Guid(ac65c2b0ea23ad3488a4a3466c13c7fd) Importer(2089858483,192608db42251d675da83286b1cce702) (ScriptedImporter) -> (artifact id: '6f72d964e4010beddcb6e2b9b5dbf34e') in 0.0097869 seconds
Number of updated asset objects reloaded before import = 0Number of asset objects unloaded after import = 9

========================================================================
Received Import Request.
  Time since last request: 0.000021 seconds.
  path: Assets/Castle imported/Prefab/Objects/CS_Barricade Variant.prefab
  artifactKey: Guid(bbdc0bddc0a378d46a8f67ea93e800ee) Importer(2089858483,192608db42251d675da83286b1cce702)
Start importing Assets/Castle imported/Prefab/Objects/CS_Barricade Variant.prefab using Guid(bbdc0bddc0a378d46a8f67ea93e800ee) Importer(2089858483,192608db42251d675da83286b1cce702) (ScriptedImporter) -> (artifact id: 'f637b6441a627d8874a88a9319065102') in 0.0071753 seconds
Number of updated asset objects reloaded before import = 0Number of asset objects unloaded after import = 14

========================================================================
Received Import Request.
  Time since last request: 0.000026 seconds.
  path: Assets/resources/Prefab/troops/PlayerTroopA.prefab
  artifactKey: Guid(bd8c90048e4403c4c8c518b2b53acd10) Importer(2089858483,192608db42251d675da83286b1cce702)
Start importing Assets/resources/Prefab/troops/PlayerTroopA.prefab using Guid(bd8c90048e4403c4c8c518b2b53acd10) Importer(2089858483,192608db42251d675da83286b1cce702) (ScriptedImporter) -> (artifact id: 'e3611d92bdc3b07e1cf3ceed9e384982') in 0.0243215 seconds
Number of updated asset objects reloaded before import = 0Number of asset objects unloaded after import = 29

========================================================================
Received Import Request.
  Time since last request: 0.000015 seconds.
  path: Assets/Plugins/AssetUsageDetector/Editor/AssetUsageDetectorCache.cs
  artifactKey: Guid(71ea9a3fd0b82594d8130d882dbfc844) Importer(2089858483,192608db42251d675da83286b1cce702)
Start importing Assets/Plugins/AssetUsageDetector/Editor/AssetUsageDetectorCache.cs using Guid(71ea9a3fd0b82594d8130d882dbfc844) Importer(2089858483,192608db42251d675da83286b1cce702) (ScriptedImporter) -> (artifact id: '87c6cb2b44079a60e9c1b55ca1620600') in 0.003919 seconds
Number of updated asset objects reloaded before import = 0Number of asset objects unloaded after import = 0

========================================================================
Received Import Request.
  Time since last request: 0.000017 seconds.
  path: Assets/resources/Prefab/Projectile/TankProjectile.prefab
  artifactKey: Guid(ad7ac7fbcb05b7549b0ee33f3f882eb1) Importer(2089858483,192608db42251d675da83286b1cce702)
Start importing Assets/resources/Prefab/Projectile/TankProjectile.prefab using Guid(ad7ac7fbcb05b7549b0ee33f3f882eb1) Importer(2089858483,192608db42251d675da83286b1cce702) (ScriptedImporter) -> (artifact id: 'd11c9d31fc5d13ff0b165455663dc2b4') in 0.0103948 seconds
Number of updated asset objects reloaded before import = 0Number of asset objects unloaded after import = 13

========================================================================
Received Import Request.
  Time since last request: 0.000017 seconds.
  path: Assets/LowlyPoly/Stylized Grass Texture/Textures/Vol_42_1_Ambient_Occlusion.png
  artifactKey: Guid(33ba5140ff8350742a9be1b79eeefd82) Importer(2089858483,192608db42251d675da83286b1cce702)
Start importing Assets/LowlyPoly/Stylized Grass Texture/Textures/Vol_42_1_Ambient_Occlusion.png using Guid(33ba5140ff8350742a9be1b79eeefd82) Importer(2089858483,192608db42251d675da83286b1cce702) (ScriptedImporter) -> (artifact id: 'e228f76b9845ba0454113955f35f500e') in 0.0081231 seconds
Number of updated asset objects reloaded before import = 0Number of asset objects unloaded after import = 1

========================================================================
Received Import Request.
  Time since last request: 0.000015 seconds.
  path: Assets/Castle imported/Prefab/RoadConstructor/CS_Road_curve Variant.prefab
  artifactKey: Guid(ac9f63fdc33b35f4d9596457f0b84cfa) Importer(2089858483,192608db42251d675da83286b1cce702)
Start importing Assets/Castle imported/Prefab/RoadConstructor/CS_Road_curve Variant.prefab using Guid(ac9f63fdc33b35f4d9596457f0b84cfa) Importer(2089858483,192608db42251d675da83286b1cce702) (ScriptedImporter) -> (artifact id: '9f608b4136b7670386f6e4d7729bf140') in 0.0071644 seconds
Number of updated asset objects reloaded before import = 0Number of asset objects unloaded after import = 14

========================================================================
Received Import Request.
  Time since last request: 0.000022 seconds.
  path: Assets/resources/Scenes/final 1/NavMesh-bridge2.asset
  artifactKey: Guid(efd2480c9d31f354fbf7a4b348161bc9) Importer(2089858483,192608db42251d675da83286b1cce702)
Start importing Assets/resources/Scenes/final 1/NavMesh-bridge2.asset using Guid(efd2480c9d31f354fbf7a4b348161bc9) Importer(2089858483,192608db42251d675da83286b1cce702) (ScriptedImporter) -> (artifact id: '42e938011481b9c0599286e10b9b1b8c') in 0.0061621 seconds
Number of updated asset objects reloaded before import = 0Number of asset objects unloaded after import = 1

========================================================================
Received Import Request.
  Time since last request: 0.000027 seconds.
  path: Assets/Plugins/AssetUsageDetector/Editor/SearchResultTreeView.cs
  artifactKey: Guid(b3903f1d3149e9b4990e49206f8255c8) Importer(2089858483,192608db42251d675da83286b1cce702)
Start importing Assets/Plugins/AssetUsageDetector/Editor/SearchResultTreeView.cs using Guid(b3903f1d3149e9b4990e49206f8255c8) Importer(2089858483,192608db42251d675da83286b1cce702) (ScriptedImporter) -> (artifact id: '6a7ea02cd4f58818052553bd440425fe') in 0.0048833 seconds
Number of updated asset objects reloaded before import = 0Number of asset objects unloaded after import = 0

========================================================================
Received Import Request.
  Time since last request: 0.000016 seconds.
  path: Assets/Castle imported/Prefab/Objects/CS_GrassPatch Variant.prefab
  artifactKey: Guid(3513678def64c374e94bf2e3919618f2) Importer(2089858483,192608db42251d675da83286b1cce702)
Start importing Assets/Castle imported/Prefab/Objects/CS_GrassPatch Variant.prefab using Guid(3513678def64c374e94bf2e3919618f2) Importer(2089858483,192608db42251d675da83286b1cce702) (ScriptedImporter) -> (artifact id: '9e2fb63f96adde4fca5b42b8b589d367') in 0.0080057 seconds
Number of updated asset objects reloaded before import = 0Number of asset objects unloaded after import = 14

========================================================================
Received Import Request.
  Time since last request: 0.000021 seconds.
  path: Assets/Castle imported/Models/Objects/CS_Rock.fbx
  artifactKey: Guid(39bc3dbd3bca3354e81ba5ed67c6e8ec) Importer(2089858483,192608db42251d675da83286b1cce702)
Start importing Assets/Castle imported/Models/Objects/CS_Rock.fbx using Guid(39bc3dbd3bca3354e81ba5ed67c6e8ec) Importer(2089858483,192608db42251d675da83286b1cce702) (ScriptedImporter) -> (artifact id: 'f8ff1fbfc4a7e773d01d9450b312587e') in 0.0105434 seconds
Number of updated asset objects reloaded before import = 0Number of asset objects unloaded after import = 7

========================================================================
Received Import Request.
  Time since last request: 0.000015 seconds.
  path: Assets/Plugins/AssetUsageDetector/Editor/AssetUsageDetectorWindow.cs
  artifactKey: Guid(271a22c69c3d96c4dbdd04cca415a840) Importer(2089858483,192608db42251d675da83286b1cce702)
Start importing Assets/Plugins/AssetUsageDetector/Editor/AssetUsageDetectorWindow.cs using Guid(271a22c69c3d96c4dbdd04cca415a840) Importer(2089858483,192608db42251d675da83286b1cce702) (ScriptedImporter) -> (artifact id: '8c8e73913494afe9023e728b4603376b') in 0.0040645 seconds
Number of updated asset objects reloaded before import = 0Number of asset objects unloaded after import = 0

========================================================================
Received Import Request.
  Time since last request: 0.000015 seconds.
  path: Assets/Plugins/AssetUsageDetector/Editor/SearchResultTooltip.cs
  artifactKey: Guid(c8bd4351b5024324ca5974ebcad1dde3) Importer(2089858483,192608db42251d675da83286b1cce702)
Start importing Assets/Plugins/AssetUsageDetector/Editor/SearchResultTooltip.cs using Guid(c8bd4351b5024324ca5974ebcad1dde3) Importer(2089858483,192608db42251d675da83286b1cce702) (ScriptedImporter) -> (artifact id: '2ce7e9c9c0085369a918663d67c49a4b') in 0.0043963 seconds
Number of updated asset objects reloaded before import = 0Number of asset objects unloaded after import = 0

========================================================================
Received Import Request.
  Time since last request: 0.000018 seconds.
  path: Assets/LowlyPoly/Stylized Grass Texture/Scene/Stylized Grass TextureSettings.lighting
  artifactKey: Guid(d1933601af696e2489b6c34f6e9a9976) Importer(2089858483,192608db42251d675da83286b1cce702)
Start importing Assets/LowlyPoly/Stylized Grass Texture/Scene/Stylized Grass TextureSettings.lighting using Guid(d1933601af696e2489b6c34f6e9a9976) Importer(2089858483,192608db42251d675da83286b1cce702) (ScriptedImporter) -> (artifact id: 'ad32b5630dd67e32a686a748d484606c') in 0.0119081 seconds
Number of updated asset objects reloaded before import = 0Number of asset objects unloaded after import = 1

========================================================================
Received Import Request.
  Time since last request: 0.000028 seconds.
  path: Assets/LowlyPoly/Stylized Grass Texture/Scene/Stylized Grass Texture.unity
  artifactKey: Guid(83a21fae1fc001240a546c422d4e7432) Importer(2089858483,192608db42251d675da83286b1cce702)
Start importing Assets/LowlyPoly/Stylized Grass Texture/Scene/Stylized Grass Texture.unity using Guid(83a21fae1fc001240a546c422d4e7432) Importer(2089858483,192608db42251d675da83286b1cce702) (ScriptedImporter) -> (artifact id: 'bd8dd3f8e7ec03dd2a1458c26659f898') in 0.0059266 seconds
Number of updated asset objects reloaded before import = 0Number of asset objects unloaded after import = 1

========================================================================
Received Import Request.
  Time since last request: 0.000014 seconds.
  path: Assets/TextMesh Pro/Shaders/TMP_Bitmap-Custom-Atlas.shader
  artifactKey: Guid(48bb5f55d8670e349b6e614913f9d910) Importer(2089858483,192608db42251d675da83286b1cce702)
Start importing Assets/TextMesh Pro/Shaders/TMP_Bitmap-Custom-Atlas.shader using Guid(48bb5f55d8670e349b6e614913f9d910) Importer(2089858483,192608db42251d675da83286b1cce702) (ScriptedImporter) -> (artifact id: '70503da2e45417705902ca0a9b2fc476') in 0.0044173 seconds
Number of updated asset objects reloaded before import = 0Number of asset objects unloaded after import = 1

========================================================================
Received Import Request.
  Time since last request: 0.000013 seconds.
  path: Assets/Castle imported/Prefab/Objects/CS_Red_Block Variant.prefab
  artifactKey: Guid(8be11561fd66c6c4d804e6d819608ca3) Importer(2089858483,192608db42251d675da83286b1cce702)
Start importing Assets/Castle imported/Prefab/Objects/CS_Red_Block Variant.prefab using Guid(8be11561fd66c6c4d804e6d819608ca3) Importer(2089858483,192608db42251d675da83286b1cce702) (ScriptedImporter) -> (artifact id: '8117a425723e7c2cc246b6c18a56184f') in 0.0172884 seconds
Number of updated asset objects reloaded before import = 0Number of asset objects unloaded after import = 14

========================================================================
Received Import Request.
  Time since last request: 0.000025 seconds.
  path: Assets/resources/Scripts/UI/FaceCamera.cs
  artifactKey: Guid(46d0286401883c0469936d45af1a175a) Importer(2089858483,192608db42251d675da83286b1cce702)
Start importing Assets/resources/Scripts/UI/FaceCamera.cs using Guid(46d0286401883c0469936d45af1a175a) Importer(2089858483,192608db42251d675da83286b1cce702) (ScriptedImporter) -> (artifact id: '1cb0700438317aa8635e0b47adbb8b4d') in 0.0046642 seconds
Number of updated asset objects reloaded before import = 0Number of asset objects unloaded after import = 0

========================================================================
Received Import Request.
  Time since last request: 0.000020 seconds.
  path: Assets/resources/Scripts/UI/TimerUI.cs
  artifactKey: Guid(63dc14204c9796345ac3d3e668ded832) Importer(2089858483,192608db42251d675da83286b1cce702)
Start importing Assets/resources/Scripts/UI/TimerUI.cs using Guid(63dc14204c9796345ac3d3e668ded832) Importer(2089858483,192608db42251d675da83286b1cce702) (ScriptedImporter) -> (artifact id: '6784986a1ea9be4fab02e7ba28b6c70b') in 0.0047891 seconds
Number of updated asset objects reloaded before import = 0Number of asset objects unloaded after import = 0

========================================================================
Received Import Request.
  Time since last request: 0.000032 seconds.
  path: Assets/resources/Scripts/GamePlay/VRMenuController.cs
  artifactKey: Guid(00ea9871c0f9e274cb7692fbe7460041) Importer(2089858483,192608db42251d675da83286b1cce702)
Start importing Assets/resources/Scripts/GamePlay/VRMenuController.cs using Guid(00ea9871c0f9e274cb7692fbe7460041) Importer(2089858483,192608db42251d675da83286b1cce702) (ScriptedImporter) -> (artifact id: '199a2837a8ec515ca1356ebf304de556') in 0.0042996 seconds
Number of updated asset objects reloaded before import = 0Number of asset objects unloaded after import = 0

========================================================================
Received Import Request.
  Time since last request: 0.000018 seconds.
  path: Assets/resources/Scenes/Main/NavMesh-Ground.asset
  artifactKey: Guid(ee333b857ce52e34abaa6f7a196806ce) Importer(2089858483,192608db42251d675da83286b1cce702)
Start importing Assets/resources/Scenes/Main/NavMesh-Ground.asset using Guid(ee333b857ce52e34abaa6f7a196806ce) Importer(2089858483,192608db42251d675da83286b1cce702) (ScriptedImporter) -> (artifact id: '19834bc61cec8566ba27d6f73c4ae68d') in 0.006201 seconds
Number of updated asset objects reloaded before import = 0Number of asset objects unloaded after import = 1

========================================================================
Received Import Request.
  Time since last request: 0.000019 seconds.
  path: Assets/TextMesh Pro/Resources/Fonts & Materials/LiberationSans SDF - Fallback.asset
  artifactKey: Guid(2e498d1c8094910479dc3e1b768306a4) Importer(2089858483,192608db42251d675da83286b1cce702)
Start importing Assets/TextMesh Pro/Resources/Fonts & Materials/LiberationSans SDF - Fallback.asset using Guid(2e498d1c8094910479dc3e1b768306a4) Importer(2089858483,192608db42251d675da83286b1cce702) (ScriptedImporter) -> (artifact id: '7aad7a2f3c320045f360cb99aa153df4') in 0.0271927 seconds
Number of updated asset objects reloaded before import = 0Number of asset objects unloaded after import = 5

========================================================================
Received Import Request.
  Time since last request: 0.000017 seconds.
  path: Assets/resources/UI/ButtonImages/Archer.png
  artifactKey: Guid(83a4ecd88b2ac094f86bf4493bafba1f) Importer(2089858483,192608db42251d675da83286b1cce702)
Start importing Assets/resources/UI/ButtonImages/Archer.png using Guid(83a4ecd88b2ac094f86bf4493bafba1f) Importer(2089858483,192608db42251d675da83286b1cce702) (ScriptedImporter) -> (artifact id: '7ec29198d463a519b2fb137c57275a99') in 0.0101639 seconds
Number of updated asset objects reloaded before import = 0Number of asset objects unloaded after import = 1

========================================================================
Received Import Request.
  Time since last request: 0.000022 seconds.
  path: Assets/resources/Scenes/final 3/NavMesh-Teleportation Area (2).asset
  artifactKey: Guid(c1d38da49c670fe46bc9f2bbb9eb0303) Importer(2089858483,192608db42251d675da83286b1cce702)
Start importing Assets/resources/Scenes/final 3/NavMesh-Teleportation Area (2).asset using Guid(c1d38da49c670fe46bc9f2bbb9eb0303) Importer(2089858483,192608db42251d675da83286b1cce702) (ScriptedImporter) -> (artifact id: 'a035ba7af42aba3c14461eee566f9be8') in 0.0061043 seconds
Number of updated asset objects reloaded before import = 0Number of asset objects unloaded after import = 1

========================================================================
Received Import Request.
  Time since last request: 0.000028 seconds.
  path: Assets/TextMesh Pro/Resources/Sprite Assets/EmojiOne.asset
  artifactKey: Guid(c41005c129ba4d66911b75229fd70b45) Importer(2089858483,192608db42251d675da83286b1cce702)
Start importing Assets/TextMesh Pro/Resources/Sprite Assets/EmojiOne.asset using Guid(c41005c129ba4d66911b75229fd70b45) Importer(2089858483,192608db42251d675da83286b1cce702) (ScriptedImporter) -> (artifact id: '64d66ad223746e45b900f3b82bcda01d') in 0.0099808 seconds
Number of updated asset objects reloaded before import = 0Number of asset objects unloaded after import = 3

========================================================================
Received Import Request.
  Time since last request: 0.000016 seconds.
  path: Assets/resources/Scripts/Combat/Damageable.cs
  artifactKey: Guid(55b4b6e9fc7b06f48aaeec8ad1b4d4cd) Importer(2089858483,192608db42251d675da83286b1cce702)
Start importing Assets/resources/Scripts/Combat/Damageable.cs using Guid(55b4b6e9fc7b06f48aaeec8ad1b4d4cd) Importer(2089858483,192608db42251d675da83286b1cce702) (ScriptedImporter) -> (artifact id: '36c56b9040729ef7b0e2e865c4e6747e') in 0.0035543 seconds
Number of updated asset objects reloaded before import = 0Number of asset objects unloaded after import = 0

========================================================================
Received Import Request.
  Time since last request: 0.000016 seconds.
  path: Assets/resources/UI/Main Controll panel/CARD-Panel.png
  artifactKey: Guid(0558917d030052948b1deac7bca16b1f) Importer(2089858483,192608db42251d675da83286b1cce702)
Start importing Assets/resources/UI/Main Controll panel/CARD-Panel.png using Guid(0558917d030052948b1deac7bca16b1f) Importer(2089858483,192608db42251d675da83286b1cce702) (ScriptedImporter) -> (artifact id: '1131b06cb2387e2b721a97593b006136') in 0.0092156 seconds
Number of updated asset objects reloaded before import = 0Number of asset objects unloaded after import = 3

========================================================================
Received Import Request.
  Time since last request: 0.000018 seconds.
  path: Assets/resources/Scripts/UI/VRScreenFader.cs
  artifactKey: Guid(9afe0e19e0b67ae43980221dbdbd4dd2) Importer(2089858483,192608db42251d675da83286b1cce702)
Start importing Assets/resources/Scripts/UI/VRScreenFader.cs using Guid(9afe0e19e0b67ae43980221dbdbd4dd2) Importer(2089858483,192608db42251d675da83286b1cce702) (ScriptedImporter) -> (artifact id: '70a67f135153f2163736a3a1205dfa58') in 0.0041615 seconds
Number of updated asset objects reloaded before import = 0Number of asset objects unloaded after import = 0

========================================================================
Received Import Request.
  Time since last request: 0.000023 seconds.
  path: Assets/TextMesh Pro/Resources/Fonts & Materials/LiberationSans SDF - Drop Shadow.mat
  artifactKey: Guid(e73a58f6e2794ae7b1b7e50b7fb811b0) Importer(2089858483,192608db42251d675da83286b1cce702)
Start importing Assets/TextMesh Pro/Resources/Fonts & Materials/LiberationSans SDF - Drop Shadow.mat using Guid(e73a58f6e2794ae7b1b7e50b7fb811b0) Importer(2089858483,192608db42251d675da83286b1cce702) (ScriptedImporter) -> (artifact id: '54de3354b6da27094cc08033539e5a0b') in 0.0139182 seconds
Number of updated asset objects reloaded before import = 0Number of asset objects unloaded after import = 2

========================================================================
Received Import Request.
  Time since last request: 0.000029 seconds.
  path: Assets/resources/Scripts/Base/BaseHealth.cs
  artifactKey: Guid(3180e22fbc5df3f45ae5b93072294086) Importer(2089858483,192608db42251d675da83286b1cce702)
Start importing Assets/resources/Scripts/Base/BaseHealth.cs using Guid(3180e22fbc5df3f45ae5b93072294086) Importer(2089858483,192608db42251d675da83286b1cce702) (ScriptedImporter) -> (artifact id: 'b8a1761783d928a8dc47c3d7cd53e75b') in 0.0041496 seconds
Number of updated asset objects reloaded before import = 0Number of asset objects unloaded after import = 0

========================================================================
Received Import Request.
  Time since last request: 0.000017 seconds.
  path: Assets/resources/UI/Main Controll panel/HEALTHBAR.png
  artifactKey: Guid(537fb327e005d4743a32d0ebca9731c2) Importer(2089858483,192608db42251d675da83286b1cce702)
Start importing Assets/resources/UI/Main Controll panel/HEALTHBAR.png using Guid(537fb327e005d4743a32d0ebca9731c2) Importer(2089858483,192608db42251d675da83286b1cce702) (ScriptedImporter) -> (artifact id: 'f997929fe613e565646c5f2547a6142b') in 0.0114124 seconds
Number of updated asset objects reloaded before import = 0Number of asset objects unloaded after import = 3

========================================================================
Received Import Request.
  Time since last request: 0.000018 seconds.
  path: Assets/resources/Scripts/Managers/LevelLoader.cs
  artifactKey: Guid(1289466b3e3cf7c44b7db12a38b148d5) Importer(2089858483,192608db42251d675da83286b1cce702)
Start importing Assets/resources/Scripts/Managers/LevelLoader.cs using Guid(1289466b3e3cf7c44b7db12a38b148d5) Importer(2089858483,192608db42251d675da83286b1cce702) (ScriptedImporter) -> (artifact id: 'f4c91a7996cd5b0204c8b1ea8ff92c9b') in 0.0081737 seconds
Number of updated asset objects reloaded before import = 0Number of asset objects unloaded after import = 0

========================================================================
Received Import Request.
  Time since last request: 0.000017 seconds.
  path: Assets/resources/Scripts/Managers/GameFlowManager.cs
  artifactKey: Guid(75319ba7d26e6334fa622a401c522831) Importer(2089858483,192608db42251d675da83286b1cce702)
Start importing Assets/resources/Scripts/Managers/GameFlowManager.cs using Guid(75319ba7d26e6334fa622a401c522831) Importer(2089858483,192608db42251d675da83286b1cce702) (ScriptedImporter) -> (artifact id: '2391cbdda974d5b5611c8063891d1cac') in 0.0060106 seconds
Number of updated asset objects reloaded before import = 0Number of asset objects unloaded after import = 0

========================================================================
Received Import Request.
  Time since last request: 0.000016 seconds.
  path: Assets/_Tanks/Audio/SFX/TankExplosion.wav
  artifactKey: Guid(5c27182a28a7eb942a362e6d198fe0e6) Importer(2089858483,192608db42251d675da83286b1cce702)
Start importing Assets/_Tanks/Audio/SFX/TankExplosion.wav using Guid(5c27182a28a7eb942a362e6d198fe0e6) Importer(2089858483,192608db42251d675da83286b1cce702) (ScriptedImporter) -> (artifact id: 'c0e496294b82ba92a9a7a8450c62d33d') in 0.070297 seconds
Number of updated asset objects reloaded before import = 0Number of asset objects unloaded after import = 1

========================================================================
Received Import Request.
  Time since last request: 0.000016 seconds.
  path: Assets/_Tanks/Prefabs/Levels/LevelJungle.prefab
  artifactKey: Guid(47992123b90daf74db2ddd1d52e6552a) Importer(2089858483,192608db42251d675da83286b1cce702)
Start importing Assets/_Tanks/Prefabs/Levels/LevelJungle.prefab using Guid(47992123b90daf74db2ddd1d52e6552a) Importer(2089858483,192608db42251d675da83286b1cce702) (ScriptedImporter) -> (artifact id: '3d2c5258b66b3187e45d3c12be43aa27') in 0.0406567 seconds
Number of updated asset objects reloaded before import = 0Number of asset objects unloaded after import = 2239

========================================================================
Received Import Request.
  Time since last request: 0.000032 seconds.
  path: Assets/_Tanks/Art/Sprites/Smoke.tif
  artifactKey: Guid(8e2e7f1c0de3a1e4bab7041325aef152) Importer(2089858483,192608db42251d675da83286b1cce702)
Start importing Assets/_Tanks/Art/Sprites/Smoke.tif using Guid(8e2e7f1c0de3a1e4bab7041325aef152) Importer(2089858483,192608db42251d675da83286b1cce702) (ScriptedImporter) -> (artifact id: '808dcdf129d341e1798ad24a8f15f0db') in 0.0095532 seconds
Number of updated asset objects reloaded before import = 0Number of asset objects unloaded after import = 1

========================================================================
Received Import Request.
  Time since last request: 0.000020 seconds.
  path: Assets/_Tanks/Prefabs/PowerUps/EnhancedShell.prefab
  artifactKey: Guid(0359c7746491e7e4a889255dfd046976) Importer(2089858483,192608db42251d675da83286b1cce702)
Start importing Assets/_Tanks/Prefabs/PowerUps/EnhancedShell.prefab using Guid(0359c7746491e7e4a889255dfd046976) Importer(2089858483,192608db42251d675da83286b1cce702) (ScriptedImporter) -> (artifact id: '4951d3289bb96f374045584b68ee0d31') in 0.0097378 seconds
Number of updated asset objects reloaded before import = 0Number of asset objects unloaded after import = 27

========================================================================
Received Import Request.
  Time since last request: 0.000018 seconds.
  path: Assets/_Tanks/Prefabs/DustTrails/DustTrail_Jungle.prefab
  artifactKey: Guid(38afd255d6ed746388b2f406bf3402a1) Importer(2089858483,192608db42251d675da83286b1cce702)
Start importing Assets/_Tanks/Prefabs/DustTrails/DustTrail_Jungle.prefab using Guid(38afd255d6ed746388b2f406bf3402a1) Importer(2089858483,192608db42251d675da83286b1cce702) (ScriptedImporter) -> (artifact id: '1cdc5ef321267c575f77a27861ef6e63') in 0.0876139 seconds
Number of updated asset objects reloaded before import = 0Number of asset objects unloaded after import = 7

========================================================================
Received Import Request.
  Time since last request: 0.000021 seconds.
  path: Assets/_Tanks/Prefabs/DustTrails/DustTrail_Desert.prefab
  artifactKey: Guid(6d0c90890506b4eb5b5d26e8c5e339be) Importer(2089858483,192608db42251d675da83286b1cce702)
Start importing Assets/_Tanks/Prefabs/DustTrails/DustTrail_Desert.prefab using Guid(6d0c90890506b4eb5b5d26e8c5e339be) Importer(2089858483,192608db42251d675da83286b1cce702) (ScriptedImporter) -> (artifact id: 'ada774f0a46b038b6805d51f332c8917') in 0.024204 seconds
Number of updated asset objects reloaded before import = 0Number of asset objects unloaded after import = 7

========================================================================
Received Import Request.
  Time since last request: 0.000029 seconds.
  path: Assets/_Tanks/Art/Sprites/Arrow.png
  artifactKey: Guid(4725d1b1e47353b44837d228d9f8bcee) Importer(2089858483,192608db42251d675da83286b1cce702)
Start importing Assets/_Tanks/Art/Sprites/Arrow.png using Guid(4725d1b1e47353b44837d228d9f8bcee) Importer(2089858483,192608db42251d675da83286b1cce702) (ScriptedImporter) -> (artifact id: 'c2022ab287d07b5c737a1239981629ec') in 0.010776 seconds
Number of updated asset objects reloaded before import = 0Number of asset objects unloaded after import = 3

========================================================================
Received Import Request.
  Time since last request: 0.000020 seconds.
  path: Assets/_Tanks/Art/Sprites/Health Wheel.png
  artifactKey: Guid(c7dd97e9cd879304795b366cbf187bfe) Importer(2089858483,192608db42251d675da83286b1cce702)
Start importing Assets/_Tanks/Art/Sprites/Health Wheel.png using Guid(c7dd97e9cd879304795b366cbf187bfe) Importer(2089858483,192608db42251d675da83286b1cce702) (ScriptedImporter) -> (artifact id: 'f650a8eb0404cdd55cb07c1527847bc8') in 0.0105445 seconds
Number of updated asset objects reloaded before import = 0Number of asset objects unloaded after import = 3

========================================================================
Received Import Request.
  Time since last request: 0.000016 seconds.
  path: Assets/_Tanks/Art/Textures/NavMesh-Ground 1.asset
  artifactKey: Guid(e455a7ba544831e488883645efe2a59a) Importer(2089858483,192608db42251d675da83286b1cce702)
Start importing Assets/_Tanks/Art/Textures/NavMesh-Ground 1.asset using Guid(e455a7ba544831e488883645efe2a59a) Importer(2089858483,192608db42251d675da83286b1cce702) (ScriptedImporter) -> (artifact id: '592171c89e1a712779720e0be3704f54') in 0.005186 seconds
Number of updated asset objects reloaded before import = 0Number of asset objects unloaded after import = 1

========================================================================
Received Import Request.
  Time since last request: 0.000015 seconds.
  path: Assets/_Tanks/Audio/SFX/ShellExplosion.wav
  artifactKey: Guid(3a77defcde1caaa40b6f7502547e0c4e) Importer(2089858483,192608db42251d675da83286b1cce702)
Start importing Assets/_Tanks/Audio/SFX/ShellExplosion.wav using Guid(3a77defcde1caaa40b6f7502547e0c4e) Importer(2089858483,192608db42251d675da83286b1cce702) (ScriptedImporter) -> (artifact id: '39e31f83f9400e574f2d9f3ef6f65a41') in 0.0296308 seconds
Number of updated asset objects reloaded before import = 0Number of asset objects unloaded after import = 1

========================================================================
Received Import Request.
  Time since last request: 0.000025 seconds.
  path: Assets/_Tanks/Art/Textures/NavMesh-Ground.asset
  artifactKey: Guid(5764f47e3c9bcad43b97e9ebc94911d0) Importer(2089858483,192608db42251d675da83286b1cce702)
Start importing Assets/_Tanks/Art/Textures/NavMesh-Ground.asset using Guid(5764f47e3c9bcad43b97e9ebc94911d0) Importer(2089858483,192608db42251d675da83286b1cce702) (ScriptedImporter) -> (artifact id: 'd8dc7a3cb1e67f8dfaa5d9d058e3d73e') in 0.0061458 seconds
Number of updated asset objects reloaded before import = 0Number of asset objects unloaded after import = 1

========================================================================
Received Import Request.
  Time since last request: 0.000026 seconds.
  path: Assets/XRI/Settings/Resources/XRDeviceSimulatorSettings.asset
  artifactKey: Guid(96a5efafb44f0ca46911dff0983d7c41) Importer(2089858483,192608db42251d675da83286b1cce702)
Start importing Assets/XRI/Settings/Resources/XRDeviceSimulatorSettings.asset using Guid(96a5efafb44f0ca46911dff0983d7c41) Importer(2089858483,192608db42251d675da83286b1cce702) (ScriptedImporter) -> (artifact id: 'cd8d9a797d62140918987d1f65bae1f4') in 0.0121061 seconds
Number of updated asset objects reloaded before import = 0Number of asset objects unloaded after import = 1

========================================================================
Received Import Request.
  Time since last request: 0.000015 seconds.
  path: Assets/_Tanks/Art/Textures/GrassTile.png
  artifactKey: Guid(4a61d471090df8144bf48fe9028c3c7a) Importer(2089858483,192608db42251d675da83286b1cce702)
Start importing Assets/_Tanks/Art/Textures/GrassTile.png using Guid(4a61d471090df8144bf48fe9028c3c7a) Importer(2089858483,192608db42251d675da83286b1cce702) (ScriptedImporter) -> (artifact id: '4e6c79112747e6c0480635a79a0604dc') in 0.0086281 seconds
Number of updated asset objects reloaded before import = 0Number of asset objects unloaded after import = 1

========================================================================
Received Import Request.
  Time since last request: 0.000015 seconds.
  path: Assets/_Tanks/Prefabs/PowerUps/EnhancedSpeed.prefab
  artifactKey: Guid(1fb16119711fde644ab3c13dea73a863) Importer(2089858483,192608db42251d675da83286b1cce702)
Start importing Assets/_Tanks/Prefabs/PowerUps/EnhancedSpeed.prefab using Guid(1fb16119711fde644ab3c13dea73a863) Importer(2089858483,192608db42251d675da83286b1cce702) (ScriptedImporter) -> (artifact id: '824bee6f9ac311128d32683dc4e1356c') in 0.0095613 seconds
Number of updated asset objects reloaded before import = 0Number of asset objects unloaded after import = 27

========================================================================
Received Import Request.
  Time since last request: 0.000016 seconds.
  path: Assets/_Tanks/Scripts/Managers/GameManager.cs
  artifactKey: Guid(54a000792783c934885973b761b3f96f) Importer(2089858483,192608db42251d675da83286b1cce702)
Start importing Assets/_Tanks/Scripts/Managers/GameManager.cs using Guid(54a000792783c934885973b761b3f96f) Importer(2089858483,192608db42251d675da83286b1cce702) (ScriptedImporter) -> (artifact id: '41aaabf1d6f9b29204d3770f72cfea62') in 0.0048043 seconds
Number of updated asset objects reloaded before import = 0Number of asset objects unloaded after import = 0

========================================================================
Received Import Request.
  Time since last request: 0.000015 seconds.
  path: Assets/_Tanks/Scripts/Tank/TankAI.cs
  artifactKey: Guid(cc25b6c35f0ec7f43ad6f047f3623ad3) Importer(2089858483,192608db42251d675da83286b1cce702)
Start importing Assets/_Tanks/Scripts/Tank/TankAI.cs using Guid(cc25b6c35f0ec7f43ad6f047f3623ad3) Importer(2089858483,192608db42251d675da83286b1cce702) (ScriptedImporter) -> (artifact id: '834fd64d8f54341612ca36af3699a6a4') in 0.0054432 seconds
Number of updated asset objects reloaded before import = 0Number of asset objects unloaded after import = 0

========================================================================
Received Import Request.
  Time since last request: 0.000025 seconds.
  path: Assets/_Tanks/Scripts/PowerUp/PowerUpHUD.cs
  artifactKey: Guid(a5a3c6d9a40098844b6163099a0dfad3) Importer(2089858483,192608db42251d675da83286b1cce702)
Start importing Assets/_Tanks/Scripts/PowerUp/PowerUpHUD.cs using Guid(a5a3c6d9a40098844b6163099a0dfad3) Importer(2089858483,192608db42251d675da83286b1cce702) (ScriptedImporter) -> (artifact id: 'adf2174b9a19cf558ef88bb33685594e') in 0.0048133 seconds
Number of updated asset objects reloaded before import = 0Number of asset objects unloaded after import = 0

========================================================================
Received Import Request.
  Time since last request: 0.000033 seconds.
  path: Assets/_Tanks/Scripts/Tank/TankHealth.cs
  artifactKey: Guid(030896d0325fa3e4d8d7d4cfe2351cb2) Importer(2089858483,192608db42251d675da83286b1cce702)
Start importing Assets/_Tanks/Scripts/Tank/TankHealth.cs using Guid(030896d0325fa3e4d8d7d4cfe2351cb2) Importer(2089858483,192608db42251d675da83286b1cce702) (ScriptedImporter) -> (artifact id: '6532d6bc4b2eaa4a6a31d1f806b8fff3') in 0.0039165 seconds
Number of updated asset objects reloaded before import = 0Number of asset objects unloaded after import = 0

========================================================================
Received Import Request.
  Time since last request: 0.000017 seconds.
  path: Assets/_Tanks/Scripts/Tank/TankMovement.cs
  artifactKey: Guid(6e4cc0827b572b5408b2cd8eb8b456b4) Importer(2089858483,192608db42251d675da83286b1cce702)
Start importing Assets/_Tanks/Scripts/Tank/TankMovement.cs using Guid(6e4cc0827b572b5408b2cd8eb8b456b4) Importer(2089858483,192608db42251d675da83286b1cce702) (ScriptedImporter) -> (artifact id: '63eeb3e3d361893e3dc452718a939a53') in 0.0043425 seconds
Number of updated asset objects reloaded before import = 0Number of asset objects unloaded after import = 0

========================================================================
Received Import Request.
  Time since last request: 0.000017 seconds.
  path: Assets/_Tanks/Prefabs/PowerUps/TemporaryInvincibility.prefab
  artifactKey: Guid(eec776bb3b0a1004b92f888bba8d9917) Importer(2089858483,192608db42251d675da83286b1cce702)
Start importing Assets/_Tanks/Prefabs/PowerUps/TemporaryInvincibility.prefab using Guid(eec776bb3b0a1004b92f888bba8d9917) Importer(2089858483,192608db42251d675da83286b1cce702) (ScriptedImporter) -> (artifact id: '216f7333483e3cd06cde6b1f8194d975') in 0.0111279 seconds
Number of updated asset objects reloaded before import = 0Number of asset objects unloaded after import = 27

========================================================================
Received Import Request.
  Time since last request: 0.000018 seconds.
  path: Assets/_Tanks/Prefabs/PowerUps/PowerUpEffect.prefab
  artifactKey: Guid(da1c8b323de15f84da1462d4bab0c020) Importer(2089858483,192608db42251d675da83286b1cce702)
Start importing Assets/_Tanks/Prefabs/PowerUps/PowerUpEffect.prefab using Guid(da1c8b323de15f84da1462d4bab0c020) Importer(2089858483,192608db42251d675da83286b1cce702) (ScriptedImporter) -> (artifact id: '4e710103dbe5936fe9c480c3615284a5') in 0.0376789 seconds
Number of updated asset objects reloaded before import = 0Number of asset objects unloaded after import = 14

========================================================================
Received Import Request.
  Time since last request: 0.000016 seconds.
  path: Assets/_Tanks/Scripts/Tank/TankShooting.cs
  artifactKey: Guid(184d72ea2424d1443bca885930fe844a) Importer(2089858483,192608db42251d675da83286b1cce702)
Start importing Assets/_Tanks/Scripts/Tank/TankShooting.cs using Guid(184d72ea2424d1443bca885930fe844a) Importer(2089858483,192608db42251d675da83286b1cce702) (ScriptedImporter) -> (artifact id: 'b79d87634331adc4c203d965017d93a1') in 0.0045588 seconds
Number of updated asset objects reloaded before import = 0Number of asset objects unloaded after import = 0

========================================================================
Received Import Request.
  Time since last request: 0.000024 seconds.
  path: Assets/_Tanks/Scripts/UI/PauseMenu.cs
  artifactKey: Guid(7ee1b96f4bf010c4e97c43a5c051acba) Importer(2089858483,192608db42251d675da83286b1cce702)
Start importing Assets/_Tanks/Scripts/UI/PauseMenu.cs using Guid(7ee1b96f4bf010c4e97c43a5c051acba) Importer(2089858483,192608db42251d675da83286b1cce702) (ScriptedImporter) -> (artifact id: '6efbdc7ac28639b564885756bc37b639') in 0.0042303 seconds
Number of updated asset objects reloaded before import = 0Number of asset objects unloaded after import = 0

========================================================================
Received Import Request.
  Time since last request: 0.000014 seconds.
  path: Assets/_Tanks/Prefabs/UI/MobileControlCanvas.prefab
  artifactKey: Guid(b8f111eb792c24410a6becacd4763b6f) Importer(2089858483,192608db42251d675da83286b1cce702)
Start importing Assets/_Tanks/Prefabs/UI/MobileControlCanvas.prefab using Guid(b8f111eb792c24410a6becacd4763b6f) Importer(2089858483,192608db42251d675da83286b1cce702) (ScriptedImporter) -> (artifact id: '1e5a45ffa0f1333ff7f46d364971fb45') in 0.0446272 seconds
Number of updated asset objects reloaded before import = 0Number of asset objects unloaded after import = 41

========================================================================
Received Import Request.
  Time since last request: 0.000019 seconds.
  path: Assets/_Tanks/Art/Textures/MoonPattern.png
  artifactKey: Guid(efc764270083e7645a1974b90fe8aa94) Importer(2089858483,192608db42251d675da83286b1cce702)
Start importing Assets/_Tanks/Art/Textures/MoonPattern.png using Guid(efc764270083e7645a1974b90fe8aa94) Importer(2089858483,192608db42251d675da83286b1cce702) (ScriptedImporter) -> (artifact id: '7b5a52a87c774caf147c6043f9543ac0') in 0.0114221 seconds
Number of updated asset objects reloaded before import = 0Number of asset objects unloaded after import = 1

========================================================================
Received Import Request.
  Time since last request: 0.000017 seconds.
  path: Assets/_Tanks/Audio/Music/Music_Mysterious.ogg
  artifactKey: Guid(2cd25742f46074296b6a9bb6050acdba) Importer(2089858483,192608db42251d675da83286b1cce702)
Start importing Assets/_Tanks/Audio/Music/Music_Mysterious.ogg using Guid(2cd25742f46074296b6a9bb6050acdba) Importer(2089858483,192608db42251d675da83286b1cce702) (ScriptedImporter) -> (artifact id: 'fe1205f1a732dacade98effd1cbcafb4') in 0.0140703 seconds
Number of updated asset objects reloaded before import = 0Number of asset objects unloaded after import = 1

========================================================================
Received Import Request.
  Time since last request: 0.000018 seconds.
  path: Assets/Plugins/Android/AndroidManifest.xml
  artifactKey: Guid(1b83f1d5d08084f45a24e070fd536e60) Importer(2089858483,192608db42251d675da83286b1cce702)
Start importing Assets/Plugins/Android/AndroidManifest.xml using Guid(1b83f1d5d08084f45a24e070fd536e60) Importer(2089858483,192608db42251d675da83286b1cce702) (ScriptedImporter) -> (artifact id: '9778c05a65f499f372a189dff2342177') in 0.0043048 seconds
Number of updated asset objects reloaded before import = 0Number of asset objects unloaded after import = 1

========================================================================
Received Import Request.
  Time since last request: 0.000032 seconds.
  path: Assets/Settings/Mobile_RPAsset.asset
  artifactKey: Guid(5e6cbd92db86f4b18aec3ed561671858) Importer(2089858483,192608db42251d675da83286b1cce702)
Start importing Assets/Settings/Mobile_RPAsset.asset using Guid(5e6cbd92db86f4b18aec3ed561671858) Importer(2089858483,192608db42251d675da83286b1cce702) (ScriptedImporter) -> (artifact id: 'c5968825320af381fb189dd438588005') in 0.0466169 seconds
Number of updated asset objects reloaded before import = 0Number of asset objects unloaded after import = 2

========================================================================
Received Import Request.
  Time since last request: 0.000016 seconds.
  path: Assets/_Tanks/Settings/Profiles/UniversalRenderPipelineAsset_Renderer.asset
  artifactKey: Guid(f08da21c7f4606c4796d5bd66217a06e) Importer(2089858483,192608db42251d675da83286b1cce702)
Start importing Assets/_Tanks/Settings/Profiles/UniversalRenderPipelineAsset_Renderer.asset using Guid(f08da21c7f4606c4796d5bd66217a06e) Importer(2089858483,192608db42251d675da83286b1cce702) (ScriptedImporter) -> (artifact id: '89de3cfff9b9d2f56ca61331aed7b35d') in 0.0097129 seconds
Number of updated asset objects reloaded before import = 0Number of asset objects unloaded after import = 2

========================================================================
Received Import Request.
  Time since last request: 0.000014 seconds.
  path: Assets/Castle imported/Prefab/Castles/BigCastle/CS_Big_Castle_Stage01 Variant.prefab
  artifactKey: Guid(0b42da01b68a64f48903d7d1280a70d0) Importer(2089858483,192608db42251d675da83286b1cce702)
Start importing Assets/Castle imported/Prefab/Castles/BigCastle/CS_Big_Castle_Stage01 Variant.prefab using Guid(0b42da01b68a64f48903d7d1280a70d0) Importer(2089858483,192608db42251d675da83286b1cce702) (ScriptedImporter) -> (artifact id: 'ebd1cde0a1c0e7731ed90644bdf39951') in 0.0077589 seconds
Number of updated asset objects reloaded before import = 0Number of asset objects unloaded after import = 14

========================================================================
Received Import Request.
  Time since last request: 0.000016 seconds.
  path: Assets/resources/Scripts/GamePlay/Projectile/ProjectilePoolManager.cs
  artifactKey: Guid(17efd71706bca3e4f9cdd30dd2d70f79) Importer(2089858483,192608db42251d675da83286b1cce702)
Start importing Assets/resources/Scripts/GamePlay/Projectile/ProjectilePoolManager.cs using Guid(17efd71706bca3e4f9cdd30dd2d70f79) Importer(2089858483,192608db42251d675da83286b1cce702) (ScriptedImporter) -> (artifact id: 'cc96c54d2e4a4907cca820e6cbf5ef47') in 0.0045097 seconds
Number of updated asset objects reloaded before import = 0Number of asset objects unloaded after import = 0

========================================================================
Received Import Request.
  Time since last request: 0.000018 seconds.
  path: Assets/Castle imported/Prefab/Castles/EvilCastle/CS_Evil_Castle_Stage02 Variant.prefab
  artifactKey: Guid(5256e95745d64174399f98bed56a1696) Importer(2089858483,192608db42251d675da83286b1cce702)
Start importing Assets/Castle imported/Prefab/Castles/EvilCastle/CS_Evil_Castle_Stage02 Variant.prefab using Guid(5256e95745d64174399f98bed56a1696) Importer(2089858483,192608db42251d675da83286b1cce702) (ScriptedImporter) -> (artifact id: 'ad112dc06c8ec58627f7aba270f029d4') in 0.0086688 seconds
Number of updated asset objects reloaded before import = 0Number of asset objects unloaded after import = 14

========================================================================
Received Import Request.
  Time since last request: 0.000056 seconds.
  path: Assets/Castle imported/Prefab/Castles/BigCastle/CS_Big_Castle_Stage02 Variant.prefab
  artifactKey: Guid(fbdbe3efe1ab8854fbec85c295247034) Importer(2089858483,192608db42251d675da83286b1cce702)
Start importing Assets/Castle imported/Prefab/Castles/BigCastle/CS_Big_Castle_Stage02 Variant.prefab using Guid(fbdbe3efe1ab8854fbec85c295247034) Importer(2089858483,192608db42251d675da83286b1cce702) (ScriptedImporter) -> (artifact id: 'db741b8612a4ca3787fc689e4d2ec4ce') in 0.0071426 seconds
Number of updated asset objects reloaded before import = 0Number of asset objects unloaded after import = 14

========================================================================
Received Import Request.
  Time since last request: 0.000015 seconds.
  path: Assets/resources/Scripts/GamePlay/AI/AIAggressionState.cs
  artifactKey: Guid(0c0b03208c3dca64fb7d7d1ef4d089b2) Importer(2089858483,192608db42251d675da83286b1cce702)
Start importing Assets/resources/Scripts/GamePlay/AI/AIAggressionState.cs using Guid(0c0b03208c3dca64fb7d7d1ef4d089b2) Importer(2089858483,192608db42251d675da83286b1cce702) (ScriptedImporter) -> (artifact id: '9fe829b259bea1f67ad839d1bbe27d8d') in 0.0039172 seconds
Number of updated asset objects reloaded before import = 0Number of asset objects unloaded after import = 0

========================================================================
Received Import Request.
  Time since last request: 0.000016 seconds.
  path: Assets/Castle imported/Prefab/Castles/SmallCastle/CS_Small_Castle_Stage02 Variant.prefab
  artifactKey: Guid(213b48a1a7aa21e4790c2a07fd024b58) Importer(2089858483,192608db42251d675da83286b1cce702)
Start importing Assets/Castle imported/Prefab/Castles/SmallCastle/CS_Small_Castle_Stage02 Variant.prefab using Guid(213b48a1a7aa21e4790c2a07fd024b58) Importer(2089858483,192608db42251d675da83286b1cce702) (ScriptedImporter) -> (artifact id: '3d9f99a9a97d028230905e9a2bc9e0c8') in 0.0083001 seconds
Number of updated asset objects reloaded before import = 0Number of asset objects unloaded after import = 14

========================================================================
Received Import Request.
  Time since last request: 0.000017 seconds.
  path: Assets/Castle imported/Models/Castles/EvilCastle/CS_Evil_Castle_Stage01.fbx
  artifactKey: Guid(f3972a019ea245d47b405fe50ccc3cbe) Importer(2089858483,192608db42251d675da83286b1cce702)
Start importing Assets/Castle imported/Models/Castles/EvilCastle/CS_Evil_Castle_Stage01.fbx using Guid(f3972a019ea245d47b405fe50ccc3cbe) Importer(2089858483,192608db42251d675da83286b1cce702) (ScriptedImporter) -> (artifact id: '688a65f0be11712aee99037860e6a866') in 0.0201763 seconds
Number of updated asset objects reloaded before import = 0Number of asset objects unloaded after import = 9

========================================================================
Received Import Request.
  Time since last request: 0.000019 seconds.
  path: Assets/_Tanks/Tutorial_Demo/Demo_Scenes/Demo_Game_Moon.unity
  artifactKey: Guid(7d48af2f9c7c14840abfc5e21827efaa) Importer(2089858483,192608db42251d675da83286b1cce702)
Start importing Assets/_Tanks/Tutorial_Demo/Demo_Scenes/Demo_Game_Moon.unity using Guid(7d48af2f9c7c14840abfc5e21827efaa) Importer(2089858483,192608db42251d675da83286b1cce702) (ScriptedImporter) -> (artifact id: 'f6b1e650b0d0cca3137fd35f361f5911') in 0.0080169 seconds
Number of updated asset objects reloaded before import = 0Number of asset objects unloaded after import = 1

========================================================================
Received Import Request.
  Time since last request: 0.000022 seconds.
  path: Assets/_Tanks/Settings/Profiles/UniversalRenderPipelineAsset.asset
  artifactKey: Guid(da2527f1ddd74124285bfeaf7a5f9feb) Importer(2089858483,192608db42251d675da83286b1cce702)
Start importing Assets/_Tanks/Settings/Profiles/UniversalRenderPipelineAsset.asset using Guid(da2527f1ddd74124285bfeaf7a5f9feb) Importer(2089858483,192608db42251d675da83286b1cce702) (ScriptedImporter) -> (artifact id: '07b1a0a88bd69969994e2612e0545e7e') in 0.0191474 seconds
Number of updated asset objects reloaded before import = 0Number of asset objects unloaded after import = 3

========================================================================
Received Import Request.
  Time since last request: 0.000028 seconds.
  path: Assets/Castle imported/Models/Castles/BigCstle/CS_Big_Castle_Stage01.fbx
  artifactKey: Guid(075850726f884584bbe4207a4334d2e3) Importer(2089858483,192608db42251d675da83286b1cce702)
Start importing Assets/Castle imported/Models/Castles/BigCstle/CS_Big_Castle_Stage01.fbx using Guid(075850726f884584bbe4207a4334d2e3) Importer(2089858483,192608db42251d675da83286b1cce702) (ScriptedImporter) -> (artifact id: '3f3e090124c43dab79787cd1336a0801') in 0.011202 seconds
Number of updated asset objects reloaded before import = 0Number of asset objects unloaded after import = 9

========================================================================
Received Import Request.
  Time since last request: 0.000015 seconds.
  path: Assets/Castle imported/Prefab/Castles/EvilCastle/CS_Evil_Castle_Stage03 Variant.prefab
  artifactKey: Guid(25a4c3cbca768924ea6a3a97ed066911) Importer(2089858483,192608db42251d675da83286b1cce702)
Start importing Assets/Castle imported/Prefab/Castles/EvilCastle/CS_Evil_Castle_Stage03 Variant.prefab using Guid(25a4c3cbca768924ea6a3a97ed066911) Importer(2089858483,192608db42251d675da83286b1cce702) (ScriptedImporter) -> (artifact id: 'a61635e0113e1cca1d01760883bb14ee') in 0.0082087 seconds
Number of updated asset objects reloaded before import = 0Number of asset objects unloaded after import = 14

========================================================================
Received Import Request.
  Time since last request: 0.000018 seconds.
  path: Assets/_Tanks/Tutorial_Demo/Demo_Materials/Demo_Explosion_Brown.mat
  artifactKey: Guid(ed5b051af95494ed2a34d4e54aadc0de) Importer(2089858483,192608db42251d675da83286b1cce702)
Start importing Assets/_Tanks/Tutorial_Demo/Demo_Materials/Demo_Explosion_Brown.mat using Guid(ed5b051af95494ed2a34d4e54aadc0de) Importer(2089858483,192608db42251d675da83286b1cce702) (ScriptedImporter) -> (artifact id: '620f3c654bf9bf9b8e6d19c165f83c98') in 0.0148041 seconds
Number of updated asset objects reloaded before import = 0Number of asset objects unloaded after import = 3

========================================================================
Received Import Request.
  Time since last request: 0.000018 seconds.
  path: Assets/Castle imported/Models/Castles/BigCstle/CS_Big_Castle_Stage03.fbx
  artifactKey: Guid(1ca0b06502260534083f6753985a7539) Importer(2089858483,192608db42251d675da83286b1cce702)
Start importing Assets/Castle imported/Models/Castles/BigCstle/CS_Big_Castle_Stage03.fbx using Guid(1ca0b06502260534083f6753985a7539) Importer(2089858483,192608db42251d675da83286b1cce702) (ScriptedImporter) -> (artifact id: 'bb9b10b85d053a28ccbb179ec9b29a9f') in 0.0151721 seconds
Number of updated asset objects reloaded before import = 0Number of asset objects unloaded after import = 9

========================================================================
Received Import Request.
  Time since last request: 0.000015 seconds.
  path: Assets/Samples/XR Interaction Toolkit/3.2.2/XR Device Simulator/XR Device Hand Controls.inputactions
  artifactKey: Guid(b72ab2a46d9094be38774d023beb4d34) Importer(2089858483,192608db42251d675da83286b1cce702)
Start importing Assets/Samples/XR Interaction Toolkit/3.2.2/XR Device Simulator/XR Device Hand Controls.inputactions using Guid(b72ab2a46d9094be38774d023beb4d34) Importer(2089858483,192608db42251d675da83286b1cce702) (ScriptedImporter) -> (artifact id: '903d9a59296d432f858dac266c13b238') in 0.1357397 seconds
Number of updated asset objects reloaded before import = 0Number of asset objects unloaded after import = 9

========================================================================
Received Import Request.
  Time since last request: 0.000028 seconds.
  path: Assets/_Tanks/Art/Fonts/Inter/README.txt
  artifactKey: Guid(3b2ce25353fda4220a7ef9ec14ad7143) Importer(2089858483,192608db42251d675da83286b1cce702)
Start importing Assets/_Tanks/Art/Fonts/Inter/README.txt using Guid(3b2ce25353fda4220a7ef9ec14ad7143) Importer(2089858483,192608db42251d675da83286b1cce702) (ScriptedImporter) -> (artifact id: 'bde21d4abcd4a231ac432c4f243041d8') in 0.0038433 seconds
Number of updated asset objects reloaded before import = 0Number of asset objects unloaded after import = 1

========================================================================
Received Import Request.
  Time since last request: 0.000017 seconds.
  path: Assets/resources/Scripts/UI/EnergySystem/EnemyEnergySystem.cs
  artifactKey: Guid(4038fdd213ea1784897a9c80e1efcb7c) Importer(2089858483,192608db42251d675da83286b1cce702)
Start importing Assets/resources/Scripts/UI/EnergySystem/EnemyEnergySystem.cs using Guid(4038fdd213ea1784897a9c80e1efcb7c) Importer(2089858483,192608db42251d675da83286b1cce702) (ScriptedImporter) -> (artifact id: '3266c4094c8fd608591dfcaabf473d51') in 0.0044123 seconds
Number of updated asset objects reloaded before import = 0Number of asset objects unloaded after import = 0

========================================================================
Received Import Request.
  Time since last request: 0.000027 seconds.
  path: Assets/_Tanks/Art/Fonts/Big_Shoulders_Stencil/BigShouldersStencil SDF.asset
  artifactKey: Guid(af6f53fde00ba447e8f56d53b869a386) Importer(2089858483,192608db42251d675da83286b1cce702)
Start importing Assets/_Tanks/Art/Fonts/Big_Shoulders_Stencil/BigShouldersStencil SDF.asset using Guid(af6f53fde00ba447e8f56d53b869a386) Importer(2089858483,192608db42251d675da83286b1cce702) (ScriptedImporter) -> (artifact id: 'acc3825b342b2fcb020d175557fe0535') in 0.0212187 seconds
Number of updated asset objects reloaded before import = 0Number of asset objects unloaded after import = 3

========================================================================
Received Import Request.
  Time since last request: 0.000015 seconds.
  path: Assets/_Tanks/Art/Fonts/Exo_2/OFL.txt
  artifactKey: Guid(999ed69f998b84f69923adeeabce9412) Importer(2089858483,192608db42251d675da83286b1cce702)
Start importing Assets/_Tanks/Art/Fonts/Exo_2/OFL.txt using Guid(999ed69f998b84f69923adeeabce9412) Importer(2089858483,192608db42251d675da83286b1cce702) (ScriptedImporter) -> (artifact id: 'e87fe1ae8aa0a450612f59e239171e81') in 0.0042298 seconds
Number of updated asset objects reloaded before import = 0Number of asset objects unloaded after import = 1

========================================================================
Received Import Request.
  Time since last request: 0.000014 seconds.
  path: Assets/_Tanks/Art/Fonts/Exo_2/Exo2.ttf
  artifactKey: Guid(b7c0b0122b8db47eb95df9f6cd8c5584) Importer(2089858483,192608db42251d675da83286b1cce702)
Start importing Assets/_Tanks/Art/Fonts/Exo_2/Exo2.ttf using Guid(b7c0b0122b8db47eb95df9f6cd8c5584) Importer(2089858483,192608db42251d675da83286b1cce702) (ScriptedImporter) -> (artifact id: 'a9e96b3b12d60cbecc9201be871330ca') in 0.0101321 seconds
Number of updated asset objects reloaded before import = 0Number of asset objects unloaded after import = 3

========================================================================
Received Import Request.
  Time since last request: 0.000021 seconds.
  path: Assets/_Tanks/Art/Fonts/Inter/OFL.txt
  artifactKey: Guid(789a425d8323a442c8b94a3f56be5a7c) Importer(2089858483,192608db42251d675da83286b1cce702)
Start importing Assets/_Tanks/Art/Fonts/Inter/OFL.txt using Guid(789a425d8323a442c8b94a3f56be5a7c) Importer(2089858483,192608db42251d675da83286b1cce702) (ScriptedImporter) -> (artifact id: '07713b4041613a7431c0b0b272c216fa') in 0.0034298 seconds
Number of updated asset objects reloaded before import = 0Number of asset objects unloaded after import = 1

========================================================================
Received Import Request.
  Time since last request: 0.000025 seconds.
  path: Assets/_Tanks/Art/Fonts/IBM_Plex_Mono/IBMPlexMono-Regular SDF.asset
  artifactKey: Guid(4bcc7b2d6967748a988c8111df543659) Importer(2089858483,192608db42251d675da83286b1cce702)
Start importing Assets/_Tanks/Art/Fonts/IBM_Plex_Mono/IBMPlexMono-Regular SDF.asset using Guid(4bcc7b2d6967748a988c8111df543659) Importer(2089858483,192608db42251d675da83286b1cce702) (ScriptedImporter) -> (artifact id: '2bcf2b19f09d0cc33bd9b38b61205aef') in 0.0249936 seconds
Number of updated asset objects reloaded before import = 0Number of asset objects unloaded after import = 3

========================================================================
Received Import Request.
  Time since last request: 0.000015 seconds.
  path: Assets/Samples/XR Interaction Toolkit/3.2.2/XR Device Simulator/XR Device Controller Controls.inputactions
  artifactKey: Guid(0be0028c24f2a4c14a96b6aa39055933) Importer(2089858483,192608db42251d675da83286b1cce702)
Start importing Assets/Samples/XR Interaction Toolkit/3.2.2/XR Device Simulator/XR Device Controller Controls.inputactions using Guid(0be0028c24f2a4c14a96b6aa39055933) Importer(2089858483,192608db42251d675da83286b1cce702) (ScriptedImporter) -> (artifact id: 'cfb050f0940d503873e530c9e2836210') in 0.0154507 seconds
Number of updated asset objects reloaded before import = 0Number of asset objects unloaded after import = 16

========================================================================
Received Import Request.
  Time since last request: 0.000014 seconds.
  path: Assets/resources/Scripts/GamePlay/Troops/TroopType.cs
  artifactKey: Guid(f85ed053c1c58c344be567213a3bcf3e) Importer(2089858483,192608db42251d675da83286b1cce702)
Start importing Assets/resources/Scripts/GamePlay/Troops/TroopType.cs using Guid(f85ed053c1c58c344be567213a3bcf3e) Importer(2089858483,192608db42251d675da83286b1cce702) (ScriptedImporter) -> (artifact id: 'ae7b0d50851b050e848949a0eaaa3bcc') in 0.0039669 seconds
Number of updated asset objects reloaded before import = 0Number of asset objects unloaded after import = 0

========================================================================
Received Import Request.
  Time since last request: 0.000018 seconds.
  path: Assets/resources/Scripts/GamePlay/Troops/Troop.cs
  artifactKey: Guid(97a54066ad89f2941ad67bf66a83b523) Importer(2089858483,192608db42251d675da83286b1cce702)
Start importing Assets/resources/Scripts/GamePlay/Troops/Troop.cs using Guid(97a54066ad89f2941ad67bf66a83b523) Importer(2089858483,192608db42251d675da83286b1cce702) (ScriptedImporter) -> (artifact id: '62692b1314db2517feb4b739c9174763') in 0.0042115 seconds
Number of updated asset objects reloaded before import = 0Number of asset objects unloaded after import = 0

========================================================================
Received Import Request.
  Time since last request: 0.000017 seconds.
  path: Assets/Samples/XR Interaction Toolkit/3.2.2/Hands Interaction Demo/HandsInteractionDemo.asmdef
  artifactKey: Guid(cb2909ae488862941b33f4c055c3ed13) Importer(2089858483,192608db42251d675da83286b1cce702)
Start importing Assets/Samples/XR Interaction Toolkit/3.2.2/Hands Interaction Demo/HandsInteractionDemo.asmdef using Guid(cb2909ae488862941b33f4c055c3ed13) Importer(2089858483,192608db42251d675da83286b1cce702) (ScriptedImporter) -> (artifact id: '8b4e9d9dd5f200454665caf3c97d8911') in 0.0050043 seconds
Number of updated asset objects reloaded before import = 0Number of asset objects unloaded after import = 1

========================================================================
Received Import Request.
  Time since last request: 0.000026 seconds.
  path: Assets/_Tanks/Art/Fonts/Lora/OFL.txt
  artifactKey: Guid(189d4b005620e49ccb6a16619870c180) Importer(2089858483,192608db42251d675da83286b1cce702)
Start importing Assets/_Tanks/Art/Fonts/Lora/OFL.txt using Guid(189d4b005620e49ccb6a16619870c180) Importer(2089858483,192608db42251d675da83286b1cce702) (ScriptedImporter) -> (artifact id: 'ac5e04beb6e8da2202236d163c5680b6') in 0.0042092 seconds
Number of updated asset objects reloaded before import = 0Number of asset objects unloaded after import = 1

========================================================================
Received Import Request.
  Time since last request: 0.000016 seconds.
  path: Assets/_Tanks/Art/Materials/Environment/Grassy.mat
  artifactKey: Guid(6a848e4368163344ca6711f2ad6b5188) Importer(2089858483,192608db42251d675da83286b1cce702)
Start importing Assets/_Tanks/Art/Materials/Environment/Grassy.mat using Guid(6a848e4368163344ca6711f2ad6b5188) Importer(2089858483,192608db42251d675da83286b1cce702) (ScriptedImporter) -> (artifact id: '97cb20789e8ef5f9bb72a58165bd09a2') in 0.0064242 seconds
Number of updated asset objects reloaded before import = 0Number of asset objects unloaded after import = 2

========================================================================
Received Import Request.
  Time since last request: 0.000021 seconds.
  path: Assets/_Tanks/Art/Materials/Environment/Blue.mat
  artifactKey: Guid(ff21ff0ea9b18924bb1fdfbb0e58f5cb) Importer(2089858483,192608db42251d675da83286b1cce702)
Start importing Assets/_Tanks/Art/Materials/Environment/Blue.mat using Guid(ff21ff0ea9b18924bb1fdfbb0e58f5cb) Importer(2089858483,192608db42251d675da83286b1cce702) (ScriptedImporter) -> (artifact id: '86be636648a092ff03713a120ba28856') in 0.0060548 seconds
Number of updated asset objects reloaded before import = 0Number of asset objects unloaded after import = 1

========================================================================
Received Import Request.
  Time since last request: 0.000017 seconds.
  path: Assets/_Tanks/Art/Materials/Environment/Gold.mat
  artifactKey: Guid(6221f2fbc7212d94cb9c069ee262d824) Importer(2089858483,192608db42251d675da83286b1cce702)
Start importing Assets/_Tanks/Art/Materials/Environment/Gold.mat using Guid(6221f2fbc7212d94cb9c069ee262d824) Importer(2089858483,192608db42251d675da83286b1cce702) (ScriptedImporter) -> (artifact id: '2f1b1fe39a30624f4d661a400095c2c2') in 0.0064484 seconds
Number of updated asset objects reloaded before import = 0Number of asset objects unloaded after import = 1

========================================================================
Received Import Request.
  Time since last request: 0.000017 seconds.
  path: Assets/_Tanks/Art/Materials/Environment/Green.mat
  artifactKey: Guid(d725d1299e7bcb145acf1e059f85317d) Importer(2089858483,192608db42251d675da83286b1cce702)
Start importing Assets/_Tanks/Art/Materials/Environment/Green.mat using Guid(d725d1299e7bcb145acf1e059f85317d) Importer(2089858483,192608db42251d675da83286b1cce702) (ScriptedImporter) -> (artifact id: 'fa5a27c934b90975333c7785c3bfc97c') in 0.0055354 seconds
Number of updated asset objects reloaded before import = 0Number of asset objects unloaded after import = 1

========================================================================
Received Import Request.
  Time since last request: 0.000019 seconds.
  path: Assets/_Tanks/Art/Materials/Environment/Hippo.mat
  artifactKey: Guid(11ec0851f7ef8624cbdf43d6b3cfdd92) Importer(2089858483,192608db42251d675da83286b1cce702)
Start importing Assets/_Tanks/Art/Materials/Environment/Hippo.mat using Guid(11ec0851f7ef8624cbdf43d6b3cfdd92) Importer(2089858483,192608db42251d675da83286b1cce702) (ScriptedImporter) -> (artifact id: '90c0d5ca41d80cc2e881e2ba81d9396b') in 0.005434 seconds
Number of updated asset objects reloaded before import = 0Number of asset objects unloaded after import = 1

========================================================================
Received Import Request.
  Time since last request: 0.000029 seconds.
  path: Assets/_Tanks/Art/Materials/Environment/GreenGround.mat
  artifactKey: Guid(16ad2a62332d71e4faf6973d9f3daed4) Importer(2089858483,192608db42251d675da83286b1cce702)
Start importing Assets/_Tanks/Art/Materials/Environment/GreenGround.mat using Guid(16ad2a62332d71e4faf6973d9f3daed4) Importer(2089858483,192608db42251d675da83286b1cce702) (ScriptedImporter) -> (artifact id: '7f7d2be263f00e1a87288525704ccfa3') in 0.0056399 seconds
Number of updated asset objects reloaded before import = 0Number of asset objects unloaded after import = 1

========================================================================
Received Import Request.
  Time since last request: 0.000016 seconds.
  path: Assets/_Tanks/Art/Materials/Environment/MoonCliffs.mat
  artifactKey: Guid(c6fc29d379b32be418c1261b64f8b47e) Importer(2089858483,192608db42251d675da83286b1cce702)
Start importing Assets/_Tanks/Art/Materials/Environment/MoonCliffs.mat using Guid(c6fc29d379b32be418c1261b64f8b47e) Importer(2089858483,192608db42251d675da83286b1cce702) (ScriptedImporter) -> (artifact id: 'dd3380516da84088ec34d49d005b15ef') in 0.00724 seconds
Number of updated asset objects reloaded before import = 0Number of asset objects unloaded after import = 2

========================================================================
Received Import Request.
  Time since last request: 0.000018 seconds.
  path: Assets/_Tanks/Art/Materials/Environment/Gray.mat
  artifactKey: Guid(db9ceca9e86a2724aaa5c3df2991dba7) Importer(2089858483,192608db42251d675da83286b1cce702)
Start importing Assets/_Tanks/Art/Materials/Environment/Gray.mat using Guid(db9ceca9e86a2724aaa5c3df2991dba7) Importer(2089858483,192608db42251d675da83286b1cce702) (ScriptedImporter) -> (artifact id: '0957222c57259e7ecc320e30cde7cd2a') in 0.0056917 seconds
Number of updated asset objects reloaded before import = 0Number of asset objects unloaded after import = 1

========================================================================
Received Import Request.
  Time since last request: 0.000019 seconds.
  path: Assets/_Tanks/Art/Materials/Environment/Green_3.mat
  artifactKey: Guid(f97c89fd8a47df347817320258da2bc4) Importer(2089858483,192608db42251d675da83286b1cce702)
Start importing Assets/_Tanks/Art/Materials/Environment/Green_3.mat using Guid(f97c89fd8a47df347817320258da2bc4) Importer(2089858483,192608db42251d675da83286b1cce702) (ScriptedImporter) -> (artifact id: '65eb3274182c44695d8a20879f46a40e') in 0.0055388 seconds
Number of updated asset objects reloaded before import = 0Number of asset objects unloaded after import = 1

========================================================================
Received Import Request.
  Time since last request: 0.000015 seconds.
  path: Assets/_Tanks/Art/Materials/Environment/Green_2.mat
  artifactKey: Guid(416a0a4c58b972b479aa70e27a23707f) Importer(2089858483,192608db42251d675da83286b1cce702)
Start importing Assets/_Tanks/Art/Materials/Environment/Green_2.mat using Guid(416a0a4c58b972b479aa70e27a23707f) Importer(2089858483,192608db42251d675da83286b1cce702) (ScriptedImporter) -> (artifact id: 'eace3d67de80aeaf976c31e434973d59') in 0.006538 seconds
Number of updated asset objects reloaded before import = 0Number of asset objects unloaded after import = 1

========================================================================
Received Import Request.
  Time since last request: 0.000019 seconds.
  path: Assets/_Tanks/Art/Fonts/Lora/Lora-Bold SDF.asset
  artifactKey: Guid(26e2811fc913140db9610d0b115a883d) Importer(2089858483,192608db42251d675da83286b1cce702)
Start importing Assets/_Tanks/Art/Fonts/Lora/Lora-Bold SDF.asset using Guid(26e2811fc913140db9610d0b115a883d) Importer(2089858483,192608db42251d675da83286b1cce702) (ScriptedImporter) -> (artifact id: 'a295e9cc3bda95f824f0d6ff80f72a00') in 0.0287986 seconds
Number of updated asset objects reloaded before import = 0Number of asset objects unloaded after import = 3

========================================================================
Received Import Request.
  Time since last request: 0.000030 seconds.
  path: Assets/Samples/XR Hands/1.6.1/HandVisualizer/README.md
  artifactKey: Guid(b0057a2d371351e41ae711f975c741e2) Importer(2089858483,192608db42251d675da83286b1cce702)
Start importing Assets/Samples/XR Hands/1.6.1/HandVisualizer/README.md using Guid(b0057a2d371351e41ae711f975c741e2) Importer(2089858483,192608db42251d675da83286b1cce702) (ScriptedImporter) -> (artifact id: '3feb3ad9a0c28b85a90484bbd5a5f02c') in 0.0064476 seconds
Number of updated asset objects reloaded before import = 0Number of asset objects unloaded after import = 1

========================================================================
Received Import Request.
  Time since last request: 0.000015 seconds.
  path: Assets/_Tanks/Art/Materials/Environment/BuildingGrayGreen_2.mat
  artifactKey: Guid(3608a945c5edc474dadc713bb565ac34) Importer(2089858483,192608db42251d675da83286b1cce702)
Start importing Assets/_Tanks/Art/Materials/Environment/BuildingGrayGreen_2.mat using Guid(3608a945c5edc474dadc713bb565ac34) Importer(2089858483,192608db42251d675da83286b1cce702) (ScriptedImporter) -> (artifact id: 'aee31afb4318aaf248b051f492ad4cb7') in 0.0109947 seconds
Number of updated asset objects reloaded before import = 0Number of asset objects unloaded after import = 1

========================================================================
Received Import Request.
  Time since last request: 0.000017 seconds.
  path: Assets/_Tanks/Art/Materials/Environment/White.mat
  artifactKey: Guid(c0d660c0333c4224098a02ecd84d6232) Importer(2089858483,192608db42251d675da83286b1cce702)
Start importing Assets/_Tanks/Art/Materials/Environment/White.mat using Guid(c0d660c0333c4224098a02ecd84d6232) Importer(2089858483,192608db42251d675da83286b1cce702) (ScriptedImporter) -> (artifact id: '297b3dcfd3766b4feee2d3235443ab24') in 0.0132789 seconds
Number of updated asset objects reloaded before import = 0Number of asset objects unloaded after import = 1

========================================================================
Received Import Request.
  Time since last request: 0.000015 seconds.
  path: Assets/_Tanks/Art/Materials/PowerUps/Powerup_Shield.mat
  artifactKey: Guid(41b374deaa811f64da6955a7e17cb890) Importer(2089858483,192608db42251d675da83286b1cce702)
Start importing Assets/_Tanks/Art/Materials/PowerUps/Powerup_Shield.mat using Guid(41b374deaa811f64da6955a7e17cb890) Importer(2089858483,192608db42251d675da83286b1cce702) (ScriptedImporter) -> (artifact id: '3318e89d87e1223e12abdd8084da1c26') in 0.009423 seconds
Number of updated asset objects reloaded before import = 0Number of asset objects unloaded after import = 1

========================================================================
Received Import Request.
  Time since last request: 0.000013 seconds.
  path: Assets/_Tanks/Art/Materials/Environment/YellowLight.mat
  artifactKey: Guid(df3167d6df0aba54bba9a1a40f79c38f) Importer(2089858483,192608db42251d675da83286b1cce702)
Start importing Assets/_Tanks/Art/Materials/Environment/YellowLight.mat using Guid(df3167d6df0aba54bba9a1a40f79c38f) Importer(2089858483,192608db42251d675da83286b1cce702) (ScriptedImporter) -> (artifact id: 'c868234c127e80d1e80928e7778df052') in 0.0487612 seconds
Number of updated asset objects reloaded before import = 0Number of asset objects unloaded after import = 1

========================================================================
Received Import Request.
  Time since last request: 0.000015 seconds.
  path: Assets/_Tanks/Art/Materials/Environment/No Name.mat
  artifactKey: Guid(35a77b15a93862e43b03d17a398ec084) Importer(2089858483,192608db42251d675da83286b1cce702)
Start importing Assets/_Tanks/Art/Materials/Environment/No Name.mat using Guid(35a77b15a93862e43b03d17a398ec084) Importer(2089858483,192608db42251d675da83286b1cce702) (ScriptedImporter) -> (artifact id: '276c9bad4f7b4f938e969cbcaa88b8c0') in 0.0074336 seconds
Number of updated asset objects reloaded before import = 0Number of asset objects unloaded after import = 1

========================================================================
Received Import Request.
  Time since last request: 0.000025 seconds.
  path: Assets/_Tanks/Art/Materials/Tank/TankGrey.mat
  artifactKey: Guid(c4c5f95d06932564c8672b4bafeb1b28) Importer(2089858483,192608db42251d675da83286b1cce702)
Start importing Assets/_Tanks/Art/Materials/Tank/TankGrey.mat using Guid(c4c5f95d06932564c8672b4bafeb1b28) Importer(2089858483,192608db42251d675da83286b1cce702) (ScriptedImporter) -> (artifact id: '26d5fca3eaf5ad3261359de2b1ed141b') in 0.0074802 seconds
Number of updated asset objects reloaded before import = 0Number of asset objects unloaded after import = 1

========================================================================
Received Import Request.
  Time since last request: 0.000014 seconds.
  path: Assets/_Tanks/Art/Materials/PowerUps/Powerup_Diamond.mat
  artifactKey: Guid(ba36221b843064146aace1a058db8f3e) Importer(2089858483,192608db42251d675da83286b1cce702)
Start importing Assets/_Tanks/Art/Materials/PowerUps/Powerup_Diamond.mat using Guid(ba36221b843064146aace1a058db8f3e) Importer(2089858483,192608db42251d675da83286b1cce702) (ScriptedImporter) -> (artifact id: '69e1f43b0c55ab391e14b9cfbc33e328') in 0.0107171 seconds
Number of updated asset objects reloaded before import = 0Number of asset objects unloaded after import = 2

========================================================================
Received Import Request.
  Time since last request: 0.000017 seconds.
  path: Assets/_Tanks/Art/Materials/Environment/OilDrums.mat
  artifactKey: Guid(ced395ad3dc1d074d99d6b7ccafb09c7) Importer(2089858483,192608db42251d675da83286b1cce702)
Start importing Assets/_Tanks/Art/Materials/Environment/OilDrums.mat using Guid(ced395ad3dc1d074d99d6b7ccafb09c7) Importer(2089858483,192608db42251d675da83286b1cce702) (ScriptedImporter) -> (artifact id: '57d5f5efc00afcf6d24b919cb8e69e11') in 0.0065364 seconds
Number of updated asset objects reloaded before import = 0Number of asset objects unloaded after import = 1

========================================================================
Received Import Request.
  Time since last request: 0.000015 seconds.
  path: Assets/_Tanks/Art/Materials/Tank/TankWindow.mat
  artifactKey: Guid(22102142cf4af6e4f9cbd386250608aa) Importer(2089858483,192608db42251d675da83286b1cce702)
Start importing Assets/_Tanks/Art/Materials/Tank/TankWindow.mat using Guid(22102142cf4af6e4f9cbd386250608aa) Importer(2089858483,192608db42251d675da83286b1cce702) (ScriptedImporter) -> (artifact id: '7127450d87ac0a9e44744e7d88b10a6f') in 0.0106746 seconds
Number of updated asset objects reloaded before import = 0Number of asset objects unloaded after import = 1

========================================================================
Received Import Request.
  Time since last request: 0.000017 seconds.
  path: Assets/_Tanks/Art/Materials/Environment/YellowBright.mat
  artifactKey: Guid(64f19a33efad19940a21774215e4c745) Importer(2089858483,192608db42251d675da83286b1cce702)
Start importing Assets/_Tanks/Art/Materials/Environment/YellowBright.mat using Guid(64f19a33efad19940a21774215e4c745) Importer(2089858483,192608db42251d675da83286b1cce702) (ScriptedImporter) -> (artifact id: 'd7c841231b4d33718f05f7fe5243702c') in 0.0068186 seconds
Number of updated asset objects reloaded before import = 0Number of asset objects unloaded after import = 2

========================================================================
Received Import Request.
  Time since last request: 0.000019 seconds.
  path: Assets/_Tanks/Art/Materials/Environment/YellowDark.mat
  artifactKey: Guid(4b4b25f923792ce4ab819907a4629058) Importer(2089858483,192608db42251d675da83286b1cce702)
Start importing Assets/_Tanks/Art/Materials/Environment/YellowDark.mat using Guid(4b4b25f923792ce4ab819907a4629058) Importer(2089858483,192608db42251d675da83286b1cce702) (ScriptedImporter) -> (artifact id: 'fa8269297bae3c4d2e03739119043a51') in 0.0066602 seconds
Number of updated asset objects reloaded before import = 0Number of asset objects unloaded after import = 1

========================================================================
Received Import Request.
  Time since last request: 0.000028 seconds.
  path: Assets/_Tanks/Art/Materials/Environment/RockBrown.mat
  artifactKey: Guid(8409077f9ff512c4988a0ecd4bdf6827) Importer(2089858483,192608db42251d675da83286b1cce702)
Start importing Assets/_Tanks/Art/Materials/Environment/RockBrown.mat using Guid(8409077f9ff512c4988a0ecd4bdf6827) Importer(2089858483,192608db42251d675da83286b1cce702) (ScriptedImporter) -> (artifact id: '3f6101b607759b8350b62603b0724cd4') in 0.0061849 seconds
Number of updated asset objects reloaded before import = 0Number of asset objects unloaded after import = 1

========================================================================
Received Import Request.
  Time since last request: 0.000019 seconds.
  path: Assets/_Tanks/Art/Materials/PowerUps/Powerup_ConeGrey.mat
  artifactKey: Guid(45e76525518cf584fabbc75a28c0a7f3) Importer(2089858483,192608db42251d675da83286b1cce702)
Start importing Assets/_Tanks/Art/Materials/PowerUps/Powerup_ConeGrey.mat using Guid(45e76525518cf584fabbc75a28c0a7f3) Importer(2089858483,192608db42251d675da83286b1cce702) (ScriptedImporter) -> (artifact id: 'ea52591d75bd691bdb84e7998117638b') in 0.0072829 seconds
Number of updated asset objects reloaded before import = 0Number of asset objects unloaded after import = 1

========================================================================
Received Import Request.
  Time since last request: 0.000016 seconds.
  path: Assets/_Tanks/Art/Materials/Particles/Particle_Explosion.mat
  artifactKey: Guid(87bf8b67d0a902842a3b617c1c75d6e5) Importer(2089858483,192608db42251d675da83286b1cce702)
Start importing Assets/_Tanks/Art/Materials/Particles/Particle_Explosion.mat using Guid(87bf8b67d0a902842a3b617c1c75d6e5) Importer(2089858483,192608db42251d675da83286b1cce702) (ScriptedImporter) -> (artifact id: 'bd5891bff854b503922858233f885b61') in 0.0053797 seconds
Number of updated asset objects reloaded before import = 0Number of asset objects unloaded after import = 2

========================================================================
Received Import Request.
  Time since last request: 0.000019 seconds.
  path: Assets/_Tanks/Art/Models/Environment/Jungle Temple.FBX
  artifactKey: Guid(76e5ba29109e04d42a53c05df44fec24) Importer(2089858483,192608db42251d675da83286b1cce702)
Start importing Assets/_Tanks/Art/Models/Environment/Jungle Temple.FBX using Guid(76e5ba29109e04d42a53c05df44fec24) Importer(2089858483,192608db42251d675da83286b1cce702) (ScriptedImporter) -> (artifact id: 'f9b43ffd861de2a77b193ebc861c2818') in 0.0189295 seconds
Number of updated asset objects reloaded before import = 0Number of asset objects unloaded after import = 84

========================================================================
Received Import Request.
  Time since last request: 0.000017 seconds.
  path: Assets/_Tanks/Art/Models/Environment/Jungle Flower.FBX
  artifactKey: Guid(b18d8d2504b714a4dacb58f73b679150) Importer(2089858483,192608db42251d675da83286b1cce702)
Start importing Assets/_Tanks/Art/Models/Environment/Jungle Flower.FBX using Guid(b18d8d2504b714a4dacb58f73b679150) Importer(2089858483,192608db42251d675da83286b1cce702) (ScriptedImporter) -> (artifact id: '3e61c7ec29ea84b9c7800ad06023facb') in 0.0121576 seconds
Number of updated asset objects reloaded before import = 0Number of asset objects unloaded after import = 34

========================================================================
Received Import Request.
  Time since last request: 0.000030 seconds.
  path: Assets/_Tanks/Art/Models/Environment/PalmTree02.FBX
  artifactKey: Guid(c0952b6b24bfdbc46b2520fe98a3ef98) Importer(2089858483,192608db42251d675da83286b1cce702)
Start importing Assets/_Tanks/Art/Models/Environment/PalmTree02.FBX using Guid(c0952b6b24bfdbc46b2520fe98a3ef98) Importer(2089858483,192608db42251d675da83286b1cce702) (ScriptedImporter) -> (artifact id: '3b1354749297241ea554a12c9cdbd695') in 0.0302983 seconds
Number of updated asset objects reloaded before import = 0Number of asset objects unloaded after import = 10

========================================================================
Received Import Request.
  Time since last request: 0.000020 seconds.
  path: Assets/_Tanks/Art/Models/Environment/Column01.FBX
  artifactKey: Guid(8d8760d4504814540ba00eaa1d1f43ac) Importer(2089858483,192608db42251d675da83286b1cce702)
Start importing Assets/_Tanks/Art/Models/Environment/Column01.FBX using Guid(8d8760d4504814540ba00eaa1d1f43ac) Importer(2089858483,192608db42251d675da83286b1cce702) (ScriptedImporter) -> (artifact id: '0abc64d8ce0646f4679b3e2ea81f566b') in 0.0220348 seconds
Number of updated asset objects reloaded before import = 0Number of asset objects unloaded after import = 22

========================================================================
Received Import Request.
  Time since last request: 0.000054 seconds.
  path: Assets/_Tanks/Art/Models/Environment/Crater01.fbx
  artifactKey: Guid(aef18f364fed1a64ba495d15dcee610d) Importer(2089858483,192608db42251d675da83286b1cce702)
Start importing Assets/_Tanks/Art/Models/Environment/Crater01.fbx using Guid(aef18f364fed1a64ba495d15dcee610d) Importer(2089858483,192608db42251d675da83286b1cce702) (ScriptedImporter) -> (artifact id: 'e6d4265c0f38f362e643efaf0a512ccf') in 0.0109257 seconds
Number of updated asset objects reloaded before import = 0Number of asset objects unloaded after import = 8

========================================================================
Received Import Request.
  Time since last request: 0.000018 seconds.
  path: Assets/_Tanks/Art/Models/Environment/OilStorage.fbx
  artifactKey: Guid(e307cb54b57a59342868ad47d1ed0c30) Importer(2089858483,192608db42251d675da83286b1cce702)
Start importing Assets/_Tanks/Art/Models/Environment/OilStorage.fbx using Guid(e307cb54b57a59342868ad47d1ed0c30) Importer(2089858483,192608db42251d675da83286b1cce702) (ScriptedImporter) -> (artifact id: 'e8ab3c6af188163186d25c1017bee261') in 0.0131285 seconds
Number of updated asset objects reloaded before import = 0Number of asset objects unloaded after import = 11

========================================================================
Received Import Request.
  Time since last request: 0.000025 seconds.
  path: Assets/_Tanks/Art/Models/Environment/Cliff.fbx
  artifactKey: Guid(12783825d19a606449c1d81b822fb4a2) Importer(2089858483,192608db42251d675da83286b1cce702)
Start importing Assets/_Tanks/Art/Models/Environment/Cliff.fbx using Guid(12783825d19a606449c1d81b822fb4a2) Importer(2089858483,192608db42251d675da83286b1cce702) (ScriptedImporter) -> (artifact id: 'f82ff251026bd0d8ff2c0fb22c4f0fbe') in 0.017209 seconds
Number of updated asset objects reloaded before import = 0Number of asset objects unloaded after import = 14

========================================================================
Received Import Request.
  Time since last request: 0.000026 seconds.
  path: Assets/_Tanks/Art/Models/Environment/Dunes02.fbx
  artifactKey: Guid(38b4fea28f58d3641980a70a5188e750) Importer(2089858483,192608db42251d675da83286b1cce702)
Start importing Assets/_Tanks/Art/Models/Environment/Dunes02.fbx using Guid(38b4fea28f58d3641980a70a5188e750) Importer(2089858483,192608db42251d675da83286b1cce702) (ScriptedImporter) -> (artifact id: '04be2544e7c1b1b3c4a656ed081a804c') in 0.0106131 seconds
Number of updated asset objects reloaded before import = 0Number of asset objects unloaded after import = 8

========================================================================
Received Import Request.
  Time since last request: 0.000028 seconds.
  path: Assets/_Tanks/Art/Models/Environment/PalmTree.fbx
  artifactKey: Guid(a1194fc0a76098e499948ecf77b6acdf) Importer(2089858483,192608db42251d675da83286b1cce702)
Start importing Assets/_Tanks/Art/Models/Environment/PalmTree.fbx using Guid(a1194fc0a76098e499948ecf77b6acdf) Importer(2089858483,192608db42251d675da83286b1cce702) (ScriptedImporter) -> (artifact id: '6040b676e333df83338f110d30acf91e') in 0.0114284 seconds
Number of updated asset objects reloaded before import = 0Number of asset objects unloaded after import = 9

========================================================================
Received Import Request.
  Time since last request: 0.000020 seconds.
  path: Assets/_Tanks/Art/Models/Environment/PalmTree03.FBX
  artifactKey: Guid(f91c31913a6357047a9f52657be4ab79) Importer(2089858483,192608db42251d675da83286b1cce702)
Start importing Assets/_Tanks/Art/Models/Environment/PalmTree03.FBX using Guid(f91c31913a6357047a9f52657be4ab79) Importer(2089858483,192608db42251d675da83286b1cce702) (ScriptedImporter) -> (artifact id: '194591da5c2785379d60b5800a228158') in 0.0126403 seconds
Number of updated asset objects reloaded before import = 0Number of asset objects unloaded after import = 10

========================================================================
Received Import Request.
  Time since last request: 0.000016 seconds.
  path: Assets/resources/Prefab/troops/EnemyTroopC.prefab
  artifactKey: Guid(954a0ef52c1c62c45bc26d70853dd1fb) Importer(2089858483,192608db42251d675da83286b1cce702)
Start importing Assets/resources/Prefab/troops/EnemyTroopC.prefab using Guid(954a0ef52c1c62c45bc26d70853dd1fb) Importer(2089858483,192608db42251d675da83286b1cce702) (ScriptedImporter) -> (artifact id: 'e26f239e386653eb687b5f98155de04b') in 0.0106059 seconds
Number of updated asset objects reloaded before import = 0Number of asset objects unloaded after import = 56

========================================================================
Received Import Request.
  Time since last request: 0.000026 seconds.
  path: Assets/resources/Scripts/Managers/MainMenuManager.cs
  artifactKey: Guid(3384a2a67ee92924d9d1ce9aef836af7) Importer(2089858483,192608db42251d675da83286b1cce702)
Start importing Assets/resources/Scripts/Managers/MainMenuManager.cs using Guid(3384a2a67ee92924d9d1ce9aef836af7) Importer(2089858483,192608db42251d675da83286b1cce702) (ScriptedImporter) -> (artifact id: '5cd3cffc05873f1c9dad7664df5a905d') in 0.0044659 seconds
Number of updated asset objects reloaded before import = 0Number of asset objects unloaded after import = 0

========================================================================
Received Import Request.
  Time since last request: 0.000027 seconds.
  path: Assets/_Tanks/Art/Models/Tanks/Tank_Original_Model.fbx
  artifactKey: Guid(002e2a607f5b64c48be0b3b0d8b8bfdd) Importer(2089858483,192608db42251d675da83286b1cce702)
Start importing Assets/_Tanks/Art/Models/Tanks/Tank_Original_Model.fbx using Guid(002e2a607f5b64c48be0b3b0d8b8bfdd) Importer(2089858483,192608db42251d675da83286b1cce702) (ScriptedImporter) -> (artifact id: '09ca3ad540212469fe96c041c9cbcedd') in 0.013528 seconds
Number of updated asset objects reloaded before import = 0Number of asset objects unloaded after import = 24

========================================================================
Received Import Request.
  Time since last request: 0.000015 seconds.
  path: Assets/_Tanks/Art/Models/Environment/Rocks02.fbx
  artifactKey: Guid(8f90bdc8aeb4bad4db0cb091100a44f4) Importer(2089858483,192608db42251d675da83286b1cce702)
Start importing Assets/_Tanks/Art/Models/Environment/Rocks02.fbx using Guid(8f90bdc8aeb4bad4db0cb091100a44f4) Importer(2089858483,192608db42251d675da83286b1cce702) (ScriptedImporter) -> (artifact id: '7f9b0545e19a07fd646ef7c95c99db47') in 0.0223484 seconds
Number of updated asset objects reloaded before import = 0Number of asset objects unloaded after import = 14

========================================================================
Received Import Request.
  Time since last request: 0.000015 seconds.
  path: Assets/_Tanks/Art/Models/PowerUps/Cone.FBX
  artifactKey: Guid(826c24f269c1d83479bd16b8923d6d76) Importer(2089858483,192608db42251d675da83286b1cce702)
Start importing Assets/_Tanks/Art/Models/PowerUps/Cone.FBX using Guid(826c24f269c1d83479bd16b8923d6d76) Importer(2089858483,192608db42251d675da83286b1cce702) (ScriptedImporter) -> (artifact id: '1dcbce995a393800cf2bbd556cda0f82') in 0.0174752 seconds
Number of updated asset objects reloaded before import = 0Number of asset objects unloaded after import = 14

========================================================================
Received Import Request.
  Time since last request: 0.000019 seconds.
  path: Assets/_Tanks/Art/Models/Tanks/Tank_Alternative_Model.fbx
  artifactKey: Guid(06cdc8d71bc5371408b340eb71884fd3) Importer(2089858483,192608db42251d675da83286b1cce702)
Start importing Assets/_Tanks/Art/Models/Tanks/Tank_Alternative_Model.fbx using Guid(06cdc8d71bc5371408b340eb71884fd3) Importer(2089858483,192608db42251d675da83286b1cce702) (ScriptedImporter) -> (artifact id: 'c29a4de522afd243db7099745877471d') in 0.0115973 seconds
Number of updated asset objects reloaded before import = 0Number of asset objects unloaded after import = 24

========================================================================
Received Import Request.
  Time since last request: 0.000018 seconds.
  path: Assets/_Tanks/Art/Models/Environment/Refinery.fbx
  artifactKey: Guid(6e4d8dfe03882c54380948659f725233) Importer(2089858483,192608db42251d675da83286b1cce702)
Start importing Assets/_Tanks/Art/Models/Environment/Refinery.fbx using Guid(6e4d8dfe03882c54380948659f725233) Importer(2089858483,192608db42251d675da83286b1cce702) (ScriptedImporter) -> (artifact id: '8bfa20f050b57b612c98fd56b4264998') in 0.0125331 seconds
Number of updated asset objects reloaded before import = 0Number of asset objects unloaded after import = 11

========================================================================
Received Import Request.
  Time since last request: 0.000029 seconds.
  path: Assets/_Tanks/Art/Models/Tanks/Tank_Spike_Model.FBX
  artifactKey: Guid(aa45563db19d05c4590e11cdad4a709a) Importer(2089858483,192608db42251d675da83286b1cce702)
Start importing Assets/_Tanks/Art/Models/Tanks/Tank_Spike_Model.FBX using Guid(aa45563db19d05c4590e11cdad4a709a) Importer(2089858483,192608db42251d675da83286b1cce702) (ScriptedImporter) -> (artifact id: 'd0c6f6e93f18454f3a290e1d22459821') in 0.0151282 seconds
Number of updated asset objects reloaded before import = 0Number of asset objects unloaded after import = 59

========================================================================
Received Import Request.
  Time since last request: 0.000017 seconds.
  path: Assets/_Tanks/Art/Models/PowerUps/Damage.FBX
  artifactKey: Guid(3e31992d01bfdfd479e0bfab3bb9c896) Importer(2089858483,192608db42251d675da83286b1cce702)
Start importing Assets/_Tanks/Art/Models/PowerUps/Damage.FBX using Guid(3e31992d01bfdfd479e0bfab3bb9c896) Importer(2089858483,192608db42251d675da83286b1cce702) (ScriptedImporter) -> (artifact id: 'b21be8a881e46ff8e99cde7173cc9c18') in 0.0131343 seconds
Number of updated asset objects reloaded before import = 0Number of asset objects unloaded after import = 8

========================================================================
Received Import Request.
  Time since last request: 0.000016 seconds.
  path: Assets/_Tanks/Art/Models/Environment/RadarSphere.FBX
  artifactKey: Guid(90bf84fcb963f4647a128f298f55f5ad) Importer(2089858483,192608db42251d675da83286b1cce702)
Start importing Assets/_Tanks/Art/Models/Environment/RadarSphere.FBX using Guid(90bf84fcb963f4647a128f298f55f5ad) Importer(2089858483,192608db42251d675da83286b1cce702) (ScriptedImporter) -> (artifact id: '91b81dd20e940c21e366a36bee5259b3') in 0.0119559 seconds
Number of updated asset objects reloaded before import = 0Number of asset objects unloaded after import = 20

========================================================================
Received Import Request.
  Time since last request: 0.000017 seconds.
  path: Assets/_Tanks/Art/Models/PowerUps/Health.FBX
  artifactKey: Guid(8015a8eac3af7e94aa51752c84491c9a) Importer(2089858483,192608db42251d675da83286b1cce702)
Start importing Assets/_Tanks/Art/Models/PowerUps/Health.FBX using Guid(8015a8eac3af7e94aa51752c84491c9a) Importer(2089858483,192608db42251d675da83286b1cce702) (ScriptedImporter) -> (artifact id: '70b9446452d94351625b7104b4ed83d4') in 0.0106338 seconds
Number of updated asset objects reloaded before import = 0Number of asset objects unloaded after import = 15

========================================================================
Received Import Request.
  Time since last request: 0.000020 seconds.
  path: Assets/_Tanks/Art/Textures/UI/StartButton.png
  artifactKey: Guid(59bbdb68e2824fa418b0d17494753e82) Importer(2089858483,192608db42251d675da83286b1cce702)
Start importing Assets/_Tanks/Art/Textures/UI/StartButton.png using Guid(59bbdb68e2824fa418b0d17494753e82) Importer(2089858483,192608db42251d675da83286b1cce702) (ScriptedImporter) -> (artifact id: '841c99077595765636da0b806affcf6f') in 0.0087856 seconds
Number of updated asset objects reloaded before import = 0Number of asset objects unloaded after import = 3

========================================================================
Received Import Request.
  Time since last request: 0.000028 seconds.
  path: Assets/_Tanks/Prefabs/Environment/Desert/BuildingSand02.prefab
  artifactKey: Guid(367a8ecb99782e248b2a5f60e8e00e6a) Importer(2089858483,192608db42251d675da83286b1cce702)
Start importing Assets/_Tanks/Prefabs/Environment/Desert/BuildingSand02.prefab using Guid(367a8ecb99782e248b2a5f60e8e00e6a) Importer(2089858483,192608db42251d675da83286b1cce702) (ScriptedImporter) -> (artifact id: '1371684fe2efe227f304dfaab660fc62') in 0.0124972 seconds
Number of updated asset objects reloaded before import = 0Number of asset objects unloaded after import = 24

========================================================================
Received Import Request.
  Time since last request: 0.000019 seconds.
  path: Assets/_Tanks/Art/Sprites/UI/UI_Icon_Look.png
  artifactKey: Guid(af0ae2dbf3d1efb4f82af377950704a2) Importer(2089858483,192608db42251d675da83286b1cce702)
Start importing Assets/_Tanks/Art/Sprites/UI/UI_Icon_Look.png using Guid(af0ae2dbf3d1efb4f82af377950704a2) Importer(2089858483,192608db42251d675da83286b1cce702) (ScriptedImporter) -> (artifact id: '70bbea4711178b75c40a2e7291d71c18') in 0.0120176 seconds
Number of updated asset objects reloaded before import = 0Number of asset objects unloaded after import = 3

========================================================================
Received Import Request.
  Time since last request: 0.000018 seconds.
  path: Assets/_Tanks/Prefabs/Environment/Desert/Dunes02.prefab
  artifactKey: Guid(078a6fcb330cfb74b9c4d4a409b9a5c2) Importer(2089858483,192608db42251d675da83286b1cce702)
Start importing Assets/_Tanks/Prefabs/Environment/Desert/Dunes02.prefab using Guid(078a6fcb330cfb74b9c4d4a409b9a5c2) Importer(2089858483,192608db42251d675da83286b1cce702) (ScriptedImporter) -> (artifact id: 'a9ec99b2bebef2eb09b6b290cd8d4429') in 0.0077406 seconds
Number of updated asset objects reloaded before import = 0Number of asset objects unloaded after import = 14

========================================================================
Received Import Request.
  Time since last request: 0.000018 seconds.
  path: Assets/_Tanks/Prefabs/Environment/Desert/ColumnSand02.prefab
  artifactKey: Guid(aff1711de1236764bb1c39f9a663256f) Importer(2089858483,192608db42251d675da83286b1cce702)
Start importing Assets/_Tanks/Prefabs/Environment/Desert/ColumnSand02.prefab using Guid(aff1711de1236764bb1c39f9a663256f) Importer(2089858483,192608db42251d675da83286b1cce702) (ScriptedImporter) -> (artifact id: '747cf620be37891b59dabc447d2178e5') in 0.0062747 seconds
Number of updated asset objects reloaded before import = 0Number of asset objects unloaded after import = 27

========================================================================
Received Import Request.
  Time since last request: 0.000016 seconds.
  path: Assets/_Tanks/Prefabs/Environment/Desert/GroundSand.prefab
  artifactKey: Guid(512d247ed62b9aa47bf497cf727d91a5) Importer(2089858483,192608db42251d675da83286b1cce702)
Start importing Assets/_Tanks/Prefabs/Environment/Desert/GroundSand.prefab using Guid(512d247ed62b9aa47bf497cf727d91a5) Importer(2089858483,192608db42251d675da83286b1cce702) (ScriptedImporter) -> (artifact id: '4970667392c6d3c2085818a0ec5cce82') in 0.0111882 seconds
Number of updated asset objects reloaded before import = 0Number of asset objects unloaded after import = 8

========================================================================
Received Import Request.
  Time since last request: 0.000026 seconds.
  path: Assets/_Tanks/Art/Textures/UI/HeaderBig.png
  artifactKey: Guid(3c1a7c45fa37bdd419bdd9bd43cc518b) Importer(2089858483,192608db42251d675da83286b1cce702)
Start importing Assets/_Tanks/Art/Textures/UI/HeaderBig.png using Guid(3c1a7c45fa37bdd419bdd9bd43cc518b) Importer(2089858483,192608db42251d675da83286b1cce702) (ScriptedImporter) -> (artifact id: '32f9d031d510c36a5df1ce168553040b') in 0.0149804 seconds
Number of updated asset objects reloaded before import = 0Number of asset objects unloaded after import = 3

========================================================================
Received Import Request.
  Time since last request: 0.000015 seconds.
  path: Assets/_Tanks/Art/Textures/UI/Highlight.png
  artifactKey: Guid(5c84d50557a888b4084ed21dc6d549e9) Importer(2089858483,192608db42251d675da83286b1cce702)
Start importing Assets/_Tanks/Art/Textures/UI/Highlight.png using Guid(5c84d50557a888b4084ed21dc6d549e9) Importer(2089858483,192608db42251d675da83286b1cce702) (ScriptedImporter) -> (artifact id: '9aefde075a5ec44b20761d4ed027933c') in 0.0106637 seconds
Number of updated asset objects reloaded before import = 0Number of asset objects unloaded after import = 3

========================================================================
Received Import Request.
  Time since last request: 0.000013 seconds.
  path: Assets/_Tanks/Prefabs/Environment/Desert/ConcreteSand.prefab
  artifactKey: Guid(4ccc169ab3d07cf41bcb8fe8802c8774) Importer(2089858483,192608db42251d675da83286b1cce702)
Start importing Assets/_Tanks/Prefabs/Environment/Desert/ConcreteSand.prefab using Guid(4ccc169ab3d07cf41bcb8fe8802c8774) Importer(2089858483,192608db42251d675da83286b1cce702) (ScriptedImporter) -> (artifact id: 'd77565cb44535aab4626d175710f5087') in 0.0079916 seconds
Number of updated asset objects reloaded before import = 0Number of asset objects unloaded after import = 14

========================================================================
Received Import Request.
  Time since last request: 0.000015 seconds.
  path: Assets/_Tanks/Art/Models/Environment/Concrete.fbx
  artifactKey: Guid(a678ab9f67b4ce84093be35214bdb92d) Importer(2089858483,192608db42251d675da83286b1cce702)
Start importing Assets/_Tanks/Art/Models/Environment/Concrete.fbx using Guid(a678ab9f67b4ce84093be35214bdb92d) Importer(2089858483,192608db42251d675da83286b1cce702) (ScriptedImporter) -> (artifact id: 'bd0c6adcc63ffdb076454b3d75de841e') in 0.0112905 seconds
Number of updated asset objects reloaded before import = 0Number of asset objects unloaded after import = 8

========================================================================
Received Import Request.
  Time since last request: 0.000016 seconds.
  path: Assets/_Tanks/Art/Sprites/UI/UI_Circle_Faded.png
  artifactKey: Guid(90ded0611e490aa4ba6961afbfc2280d) Importer(2089858483,192608db42251d675da83286b1cce702)
Start importing Assets/_Tanks/Art/Sprites/UI/UI_Circle_Faded.png using Guid(90ded0611e490aa4ba6961afbfc2280d) Importer(2089858483,192608db42251d675da83286b1cce702) (ScriptedImporter) -> (artifact id: '5b9b8cbffd94fbd48f6f29fbc037ff85') in 0.0190992 seconds
Number of updated asset objects reloaded before import = 0Number of asset objects unloaded after import = 3

========================================================================
Received Import Request.
  Time since last request: 0.000029 seconds.
  path: Assets/_Tanks/Prefabs/Environment/Desert/RuinsSand.prefab
  artifactKey: Guid(6aae69e3c81dbd3449516e0682dc74ae) Importer(2089858483,192608db42251d675da83286b1cce702)
Start importing Assets/_Tanks/Prefabs/Environment/Desert/RuinsSand.prefab using Guid(6aae69e3c81dbd3449516e0682dc74ae) Importer(2089858483,192608db42251d675da83286b1cce702) (ScriptedImporter) -> (artifact id: '684d8ccbba0c20b8506ebe59f425b4b2') in 0.0101453 seconds
Number of updated asset objects reloaded before import = 0Number of asset objects unloaded after import = 18

========================================================================
Received Import Request.
  Time since last request: 0.000017 seconds.
  path: Assets/_Tanks/Prefabs/Environment/Jungle/Bush01.prefab
  artifactKey: Guid(e66f0b350d86c9a47811f9b9df13f67e) Importer(2089858483,192608db42251d675da83286b1cce702)
Start importing Assets/_Tanks/Prefabs/Environment/Jungle/Bush01.prefab using Guid(e66f0b350d86c9a47811f9b9df13f67e) Importer(2089858483,192608db42251d675da83286b1cce702) (ScriptedImporter) -> (artifact id: '37a0adafb98c5acf166e33d0c05450c2') in 0.0084749 seconds
Number of updated asset objects reloaded before import = 0Number of asset objects unloaded after import = 14

========================================================================
Received Import Request.
  Time since last request: 0.000015 seconds.
  path: Assets/_Tanks/Prefabs/Environment/Jungle/Cliff.prefab
  artifactKey: Guid(0ba518765a936fe43b1e29dce70c0391) Importer(2089858483,192608db42251d675da83286b1cce702)
Start importing Assets/_Tanks/Prefabs/Environment/Jungle/Cliff.prefab using Guid(0ba518765a936fe43b1e29dce70c0391) Importer(2089858483,192608db42251d675da83286b1cce702) (ScriptedImporter) -> (artifact id: '1ce41f71cf9a0652e20f55766266cd5b') in 0.0114354 seconds
Number of updated asset objects reloaded before import = 0Number of asset objects unloaded after import = 36

========================================================================
Received Import Request.
  Time since last request: 0.000016 seconds.
  path: Assets/_Tanks/Prefabs/Environment/Jungle/BuildingJungle01.prefab
  artifactKey: Guid(959b3f6d66ff8a543a9c6f25697a2687) Importer(2089858483,192608db42251d675da83286b1cce702)
Start importing Assets/_Tanks/Prefabs/Environment/Jungle/BuildingJungle01.prefab using Guid(959b3f6d66ff8a543a9c6f25697a2687) Importer(2089858483,192608db42251d675da83286b1cce702) (ScriptedImporter) -> (artifact id: '2213ac9a22d5048cba1834a2c8e1fe01') in 0.0135142 seconds
Number of updated asset objects reloaded before import = 0Number of asset objects unloaded after import = 18

========================================================================
Received Import Request.
  Time since last request: 0.000026 seconds.
  path: Assets/_Tanks/Prefabs/Environment/Desert/RocketSand.prefab
  artifactKey: Guid(78f549adcaf753a479bd383376be8cb0) Importer(2089858483,192608db42251d675da83286b1cce702)
Start importing Assets/_Tanks/Prefabs/Environment/Desert/RocketSand.prefab using Guid(78f549adcaf753a479bd383376be8cb0) Importer(2089858483,192608db42251d675da83286b1cce702) (ScriptedImporter) -> (artifact id: '8b2260eac8cbb51060d170ef66b771cb') in 0.0083803 seconds
Number of updated asset objects reloaded before import = 0Number of asset objects unloaded after import = 54

========================================================================
Received Import Request.
  Time since last request: 0.000029 seconds.
  path: Assets/_Tanks/Prefabs/Environment/Jungle/ClumpBushes01.prefab
  artifactKey: Guid(d69c3deaeda076d489914f8c25d4aaea) Importer(2089858483,192608db42251d675da83286b1cce702)
Start importing Assets/_Tanks/Prefabs/Environment/Jungle/ClumpBushes01.prefab using Guid(d69c3deaeda076d489914f8c25d4aaea) Importer(2089858483,192608db42251d675da83286b1cce702) (ScriptedImporter) -> (artifact id: '228ccce07409850b60037159b94ac069') in 0.0149771 seconds
Number of updated asset objects reloaded before import = 0Number of asset objects unloaded after import = 116

========================================================================
Received Import Request.
  Time since last request: 0.000018 seconds.
  path: Assets/_Tanks/Prefabs/Environment/Desert/PathSand02.prefab
  artifactKey: Guid(9066617df0a54e4459f260fbb05557dc) Importer(2089858483,192608db42251d675da83286b1cce702)
Start importing Assets/_Tanks/Prefabs/Environment/Desert/PathSand02.prefab using Guid(9066617df0a54e4459f260fbb05557dc) Importer(2089858483,192608db42251d675da83286b1cce702) (ScriptedImporter) -> (artifact id: '51485d216f77d72fb11ac6f452f14f8b') in 0.0056351 seconds
Number of updated asset objects reloaded before import = 0Number of asset objects unloaded after import = 30

========================================================================
Received Import Request.
  Time since last request: 0.000015 seconds.
  path: Assets/_Tanks/Prefabs/Environment/Jungle/Bush02.prefab
  artifactKey: Guid(10ca0629695e5834186dcb7a64bb04bc) Importer(2089858483,192608db42251d675da83286b1cce702)
Start importing Assets/_Tanks/Prefabs/Environment/Jungle/Bush02.prefab using Guid(10ca0629695e5834186dcb7a64bb04bc) Importer(2089858483,192608db42251d675da83286b1cce702) (ScriptedImporter) -> (artifact id: '613d74db0b5cf808bd87ffb7704aa667') in 0.0073489 seconds
Number of updated asset objects reloaded before import = 0Number of asset objects unloaded after import = 14

========================================================================
Received Import Request.
  Time since last request: 0.000017 seconds.
  path: Assets/_Tanks/Prefabs/Environment/Jungle/ClumpRockTrees.prefab
  artifactKey: Guid(7d758ab367fbf5d4486681804ee761d1) Importer(2089858483,192608db42251d675da83286b1cce702)
Start importing Assets/_Tanks/Prefabs/Environment/Jungle/ClumpRockTrees.prefab using Guid(7d758ab367fbf5d4486681804ee761d1) Importer(2089858483,192608db42251d675da83286b1cce702) (ScriptedImporter) -> (artifact id: '41228394852f4db53d9f0b9ff5b49a5d') in 0.0059303 seconds
Number of updated asset objects reloaded before import = 0Number of asset objects unloaded after import = 35

========================================================================
Received Import Request.
  Time since last request: 0.000014 seconds.
  path: Assets/_Tanks/Prefabs/Environment/Jungle/ClifftreesJungle.prefab
  artifactKey: Guid(f6e2e65b9015b7047af48355c40bd9b6) Importer(2089858483,192608db42251d675da83286b1cce702)
Start importing Assets/_Tanks/Prefabs/Environment/Jungle/ClifftreesJungle.prefab using Guid(f6e2e65b9015b7047af48355c40bd9b6) Importer(2089858483,192608db42251d675da83286b1cce702) (ScriptedImporter) -> (artifact id: '47afd97cb11c1832ec08e21b30f37ae7') in 0.0086365 seconds
Number of updated asset objects reloaded before import = 0Number of asset objects unloaded after import = 128

========================================================================
Received Import Request.
  Time since last request: 0.000019 seconds.
  path: Assets/_Tanks/Prefabs/Environment/Jungle/RefineryJungle.prefab
  artifactKey: Guid(03084a6e22d38a740811305fc68ed030) Importer(2089858483,192608db42251d675da83286b1cce702)
Start importing Assets/_Tanks/Prefabs/Environment/Jungle/RefineryJungle.prefab using Guid(03084a6e22d38a740811305fc68ed030) Importer(2089858483,192608db42251d675da83286b1cce702) (ScriptedImporter) -> (artifact id: '4f250eacec73fafbc666730113d83910') in 0.0086721 seconds
Number of updated asset objects reloaded before import = 0Number of asset objects unloaded after import = 19

========================================================================
Received Import Request.
  Time since last request: 0.000023 seconds.
  path: Assets/_Tanks/Prefabs/Environment/Jungle/HippoMud02.prefab
  artifactKey: Guid(6bce97c8568db2249a2001b6bc4dcb9f) Importer(2089858483,192608db42251d675da83286b1cce702)
Start importing Assets/_Tanks/Prefabs/Environment/Jungle/HippoMud02.prefab using Guid(6bce97c8568db2249a2001b6bc4dcb9f) Importer(2089858483,192608db42251d675da83286b1cce702) (ScriptedImporter) -> (artifact id: '6f7dd6e4dc21fffc09d3e20253ce6dd6') in 0.0086073 seconds
Number of updated asset objects reloaded before import = 0Number of asset objects unloaded after import = 128

========================================================================
Received Import Request.
  Time since last request: 0.000016 seconds.
  path: Assets/_Tanks/Prefabs/Environment/Jungle/TempleJungle01.prefab
  artifactKey: Guid(2b4590734469c734fb17a90c8566117f) Importer(2089858483,192608db42251d675da83286b1cce702)
Start importing Assets/_Tanks/Prefabs/Environment/Jungle/TempleJungle01.prefab using Guid(2b4590734469c734fb17a90c8566117f) Importer(2089858483,192608db42251d675da83286b1cce702) (ScriptedImporter) -> (artifact id: '8c08942f860d0267ed58bbf53f7faef4') in 0.0095633 seconds
Number of updated asset objects reloaded before import = 0Number of asset objects unloaded after import = 194

========================================================================
Received Import Request.
  Time since last request: 0.000017 seconds.
  path: Assets/_Tanks/Prefabs/Environment/Moon/BuildingMoon01.prefab
  artifactKey: Guid(e2916f2deac498e41b95c200300a7e12) Importer(2089858483,192608db42251d675da83286b1cce702)
Start importing Assets/_Tanks/Prefabs/Environment/Moon/BuildingMoon01.prefab using Guid(e2916f2deac498e41b95c200300a7e12) Importer(2089858483,192608db42251d675da83286b1cce702) (ScriptedImporter) -> (artifact id: '7a0194dd2c5b1dc22d6b222ff45bdc8d') in 0.0116082 seconds
Number of updated asset objects reloaded before import = 0Number of asset objects unloaded after import = 20

========================================================================
Received Import Request.
  Time since last request: 0.000018 seconds.
  path: Assets/_Tanks/Prefabs/Environment/Jungle/HelipadJungle.prefab
  artifactKey: Guid(5cd9e30a87ccb8448abf5d1489ab24a1) Importer(2089858483,192608db42251d675da83286b1cce702)
Start importing Assets/_Tanks/Prefabs/Environment/Jungle/HelipadJungle.prefab using Guid(5cd9e30a87ccb8448abf5d1489ab24a1) Importer(2089858483,192608db42251d675da83286b1cce702) (ScriptedImporter) -> (artifact id: '2a3602f56b6e6838fbe90583a4c399df') in 0.0090161 seconds
Number of updated asset objects reloaded before import = 0Number of asset objects unloaded after import = 18

========================================================================
Received Import Request.
  Time since last request: 0.000016 seconds.
  path: Assets/_Tanks/Prefabs/Environment/Jungle/TempleJungle02.prefab
  artifactKey: Guid(219c608a4de391447b6f5e9f7cfe0c73) Importer(2089858483,192608db42251d675da83286b1cce702)
Start importing Assets/_Tanks/Prefabs/Environment/Jungle/TempleJungle02.prefab using Guid(219c608a4de391447b6f5e9f7cfe0c73) Importer(2089858483,192608db42251d675da83286b1cce702) (ScriptedImporter) -> (artifact id: '46faf436b1b60a1ebfacfdc2e7217a74') in 0.0084792 seconds
Number of updated asset objects reloaded before import = 0Number of asset objects unloaded after import = 68

========================================================================
Received Import Request.
  Time since last request: 0.000020 seconds.
  path: Assets/_Tanks/Prefabs/Environment/Jungle/RockyPathJungle01.prefab
  artifactKey: Guid(1b9c5edd00dbde047b96e9b211fd9151) Importer(2089858483,192608db42251d675da83286b1cce702)
Start importing Assets/_Tanks/Prefabs/Environment/Jungle/RockyPathJungle01.prefab using Guid(1b9c5edd00dbde047b96e9b211fd9151) Importer(2089858483,192608db42251d675da83286b1cce702) (ScriptedImporter) -> (artifact id: 'bd94dc5e820ec5866ba63cdd46e29d01') in 0.0079073 seconds
Number of updated asset objects reloaded before import = 0Number of asset objects unloaded after import = 14

========================================================================
Received Import Request.
  Time since last request: 0.000028 seconds.
  path: Assets/_Tanks/Prefabs/Environment/Jungle/RockyPathJungle02.prefab
  artifactKey: Guid(1fe894541500c2d4cbf07415eb6b641c) Importer(2089858483,192608db42251d675da83286b1cce702)
Start importing Assets/_Tanks/Prefabs/Environment/Jungle/RockyPathJungle02.prefab using Guid(1fe894541500c2d4cbf07415eb6b641c) Importer(2089858483,192608db42251d675da83286b1cce702) (ScriptedImporter) -> (artifact id: '7588779432b484bf0710327880855c70') in 0.0064485 seconds
Number of updated asset objects reloaded before import = 0Number of asset objects unloaded after import = 14

========================================================================
Received Import Request.
  Time since last request: 0.000014 seconds.
  path: Assets/_Tanks/Prefabs/Environment/Jungle/RadarSphereJungle.prefab
  artifactKey: Guid(0077f3d3befee2844ae931868dee95b5) Importer(2089858483,192608db42251d675da83286b1cce702)
Start importing Assets/_Tanks/Prefabs/Environment/Jungle/RadarSphereJungle.prefab using Guid(0077f3d3befee2844ae931868dee95b5) Importer(2089858483,192608db42251d675da83286b1cce702) (ScriptedImporter) -> (artifact id: '2ba008217695afa74fcc9f94e19435f8') in 0.0063017 seconds
Number of updated asset objects reloaded before import = 0Number of asset objects unloaded after import = 40

========================================================================
Received Import Request.
  Time since last request: 0.000017 seconds.
  path: Assets/_Tanks/Prefabs/Environment/Jungle/RocksJungle01.prefab
  artifactKey: Guid(8c7d5a9db9790fe46b9a8cacc191036c) Importer(2089858483,192608db42251d675da83286b1cce702)
Start importing Assets/_Tanks/Prefabs/Environment/Jungle/RocksJungle01.prefab using Guid(8c7d5a9db9790fe46b9a8cacc191036c) Importer(2089858483,192608db42251d675da83286b1cce702) (ScriptedImporter) -> (artifact id: '0d1b9751295733b08c42a959a3bc7625') in 0.0048999 seconds
Number of updated asset objects reloaded before import = 0Number of asset objects unloaded after import = 27

========================================================================
Received Import Request.
  Time since last request: 0.000013 seconds.
  path: Assets/_Tanks/Prefabs/Environment/Moon/CraterMoon02.prefab
  artifactKey: Guid(e7e954f32d742de42a21683ec74e1029) Importer(2089858483,192608db42251d675da83286b1cce702)
Start importing Assets/_Tanks/Prefabs/Environment/Moon/CraterMoon02.prefab using Guid(e7e954f32d742de42a21683ec74e1029) Importer(2089858483,192608db42251d675da83286b1cce702) (ScriptedImporter) -> (artifact id: 'fcca8a98e45675c432b162a4030872ad') in 0.007414 seconds
Number of updated asset objects reloaded before import = 0Number of asset objects unloaded after import = 14

========================================================================
Received Import Request.
  Time since last request: 0.000014 seconds.
  path: Assets/_Tanks/Prefabs/Environment/Moon/DunesMoon01.prefab
  artifactKey: Guid(9240ee9d657c21144804860b0f397ed3) Importer(2089858483,192608db42251d675da83286b1cce702)
Start importing Assets/_Tanks/Prefabs/Environment/Moon/DunesMoon01.prefab using Guid(9240ee9d657c21144804860b0f397ed3) Importer(2089858483,192608db42251d675da83286b1cce702) (ScriptedImporter) -> (artifact id: 'adaa7e8bba957dc5fad388a771082471') in 0.0100341 seconds
Number of updated asset objects reloaded before import = 0Number of asset objects unloaded after import = 14

========================================================================
Received Import Request.
  Time since last request: 0.000020 seconds.
  path: Assets/_Tanks/Prefabs/Environment/Moon/RefineryMoon.prefab
  artifactKey: Guid(b672e5f997fcf064dbc930e40b43be26) Importer(2089858483,192608db42251d675da83286b1cce702)
Start importing Assets/_Tanks/Prefabs/Environment/Moon/RefineryMoon.prefab using Guid(b672e5f997fcf064dbc930e40b43be26) Importer(2089858483,192608db42251d675da83286b1cce702) (ScriptedImporter) -> (artifact id: 'b99ae22d1c6a007d917a23fe05881ba2') in 0.0127922 seconds
Number of updated asset objects reloaded before import = 0Number of asset objects unloaded after import = 19

========================================================================
Received Import Request.
  Time since last request: 0.000028 seconds.
  path: Assets/_Tanks/Prefabs/Environment/Moon/PathMoon02.prefab
  artifactKey: Guid(4d682035cfefdc5438b3b40a3d2c8cb0) Importer(2089858483,192608db42251d675da83286b1cce702)
Start importing Assets/_Tanks/Prefabs/Environment/Moon/PathMoon02.prefab using Guid(4d682035cfefdc5438b3b40a3d2c8cb0) Importer(2089858483,192608db42251d675da83286b1cce702) (ScriptedImporter) -> (artifact id: 'e228aac0f58681ba8264001619ca61cf') in 0.0057417 seconds
Number of updated asset objects reloaded before import = 0Number of asset objects unloaded after import = 30

========================================================================
Received Import Request.
  Time since last request: 0.000013 seconds.
  path: Assets/_Tanks/Prefabs/Environment/Moon/PumpJackMoon.prefab
  artifactKey: Guid(a7c43e7bdc4a7ac45b795e1ee35444d8) Importer(2089858483,192608db42251d675da83286b1cce702)
Start importing Assets/_Tanks/Prefabs/Environment/Moon/PumpJackMoon.prefab using Guid(a7c43e7bdc4a7ac45b795e1ee35444d8) Importer(2089858483,192608db42251d675da83286b1cce702) (ScriptedImporter) -> (artifact id: 'edb4d201025f12ea086f3110f012beb9') in 0.0073481 seconds
Number of updated asset objects reloaded before import = 0Number of asset objects unloaded after import = 19

========================================================================
Received Import Request.
  Time since last request: 0.000016 seconds.
  path: Assets/_Tanks/Prefabs/Environment/Moon/OilStorageMoon.prefab
  artifactKey: Guid(b729dc0057a53d54a9401e1cf193ec27) Importer(2089858483,192608db42251d675da83286b1cce702)
Start importing Assets/_Tanks/Prefabs/Environment/Moon/OilStorageMoon.prefab using Guid(b729dc0057a53d54a9401e1cf193ec27) Importer(2089858483,192608db42251d675da83286b1cce702) (ScriptedImporter) -> (artifact id: 'e8eb260bd5105ed5e5fc778c515c4e76') in 0.0097816 seconds
Number of updated asset objects reloaded before import = 0Number of asset objects unloaded after import = 19

========================================================================
Received Import Request.
  Time since last request: 0.000017 seconds.
  path: Assets/_Tanks/Prefabs/Environment/Moon/RocketSmokeMoon.prefab
  artifactKey: Guid(b8d78a82473fc01439098bbe45a69c73) Importer(2089858483,192608db42251d675da83286b1cce702)
Start importing Assets/_Tanks/Prefabs/Environment/Moon/RocketSmokeMoon.prefab using Guid(b8d78a82473fc01439098bbe45a69c73) Importer(2089858483,192608db42251d675da83286b1cce702) (ScriptedImporter) -> (artifact id: '32d5bfd4aa3c8256f3ec6b93dc9481ac') in 0.0056332 seconds
Number of updated asset objects reloaded before import = 0Number of asset objects unloaded after import = 8

========================================================================
Received Import Request.
  Time since last request: 0.000014 seconds.
  path: Assets/_Tanks/Prefabs/Environment/Moon/RadarSphereMoon.prefab
  artifactKey: Guid(5ee5d1785300d414b9745cb7d5a03602) Importer(2089858483,192608db42251d675da83286b1cce702)
Start importing Assets/_Tanks/Prefabs/Environment/Moon/RadarSphereMoon.prefab using Guid(5ee5d1785300d414b9745cb7d5a03602) Importer(2089858483,192608db42251d675da83286b1cce702) (ScriptedImporter) -> (artifact id: 'dd770d80b71d246990a6440124de57f3') in 0.0067017 seconds
Number of updated asset objects reloaded before import = 0Number of asset objects unloaded after import = 36

========================================================================
Received Import Request.
  Time since last request: 0.000021 seconds.
  path: Assets/_Tanks/Prefabs/Environment/Moon/BuildingMoon03.prefab
  artifactKey: Guid(cb153ec5f8a131144afb74c62144be48) Importer(2089858483,192608db42251d675da83286b1cce702)
Start importing Assets/_Tanks/Prefabs/Environment/Moon/BuildingMoon03.prefab using Guid(cb153ec5f8a131144afb74c62144be48) Importer(2089858483,192608db42251d675da83286b1cce702) (ScriptedImporter) -> (artifact id: 'd23632e3f30f5b21c85498f4919a5d77') in 0.0082266 seconds
Number of updated asset objects reloaded before import = 0Number of asset objects unloaded after import = 121

========================================================================
Received Import Request.
  Time since last request: 0.000026 seconds.
  path: Assets/_Tanks/Prefabs/Environment/Moon/CratorsMoon02.prefab
  artifactKey: Guid(da5e9bbde29823247a8ba5d7a21c9e19) Importer(2089858483,192608db42251d675da83286b1cce702)
Start importing Assets/_Tanks/Prefabs/Environment/Moon/CratorsMoon02.prefab using Guid(da5e9bbde29823247a8ba5d7a21c9e19) Importer(2089858483,192608db42251d675da83286b1cce702) (ScriptedImporter) -> (artifact id: 'dd0c3b818d66ed28cc71a2539b6599ba') in 0.012213 seconds
Number of updated asset objects reloaded before import = 0Number of asset objects unloaded after import = 14

========================================================================
Received Import Request.
  Time since last request: 0.000017 seconds.
  path: Assets/Castle imported/Models/Objects/CS_Blue_Block.fbx
  artifactKey: Guid(2b55ff41b04a48240a4e53147a50cb72) Importer(2089858483,192608db42251d675da83286b1cce702)
Start importing Assets/Castle imported/Models/Objects/CS_Blue_Block.fbx using Guid(2b55ff41b04a48240a4e53147a50cb72) Importer(2089858483,192608db42251d675da83286b1cce702) (ScriptedImporter) -> (artifact id: '25f39beb631bda3817227d432516bdb8') in 0.0105969 seconds
Number of updated asset objects reloaded before import = 0Number of asset objects unloaded after import = 9

========================================================================
Received Import Request.
  Time since last request: 0.000014 seconds.
  path: Assets/_Tanks/Tutorial_Demo/Demo_Prefabs/Demo_Tanks/Demo_Tank.prefab
  artifactKey: Guid(756d3a6506f2f8241b4e8badde68567a) Importer(2089858483,192608db42251d675da83286b1cce702)
Start importing Assets/_Tanks/Tutorial_Demo/Demo_Prefabs/Demo_Tanks/Demo_Tank.prefab using Guid(756d3a6506f2f8241b4e8badde68567a) Importer(2089858483,192608db42251d675da83286b1cce702) (ScriptedImporter) -> (artifact id: '09c9cd0ae54221f2ba52359ba4975773') in 0.1425468 seconds
Number of updated asset objects reloaded before import = 0Number of asset objects unloaded after import = 169

========================================================================
Received Import Request.
  Time since last request: 0.000026 seconds.
  path: Assets/Samples/XR Hands/1.6.1/HandVisualizer/Materials/Red.mat
  artifactKey: Guid(55fa12dc7870f1e46b6a7f8617949a86) Importer(2089858483,192608db42251d675da83286b1cce702)
Start importing Assets/Samples/XR Hands/1.6.1/HandVisualizer/Materials/Red.mat using Guid(55fa12dc7870f1e46b6a7f8617949a86) Importer(2089858483,192608db42251d675da83286b1cce702) (ScriptedImporter) -> (artifact id: 'd2e6aec039f62c6d6112b810c12fdd0a') in 0.0102527 seconds
Number of updated asset objects reloaded before import = 0Number of asset objects unloaded after import = 1

========================================================================
Received Import Request.
  Time since last request: 0.000025 seconds.
  path: Assets/_Tanks/Prefabs/PowerUps/Indicators/EnhanchedShootingIndicator.prefab
  artifactKey: Guid(31d4fd85336b5254b9fc66949e915227) Importer(2089858483,192608db42251d675da83286b1cce702)
Start importing Assets/_Tanks/Prefabs/PowerUps/Indicators/EnhanchedShootingIndicator.prefab using Guid(31d4fd85336b5254b9fc66949e915227) Importer(2089858483,192608db42251d675da83286b1cce702) (ScriptedImporter) -> (artifact id: 'a6ba239eb1de6a93d35e1f057a892f9d') in 0.0071181 seconds
Number of updated asset objects reloaded before import = 0Number of asset objects unloaded after import = 14

========================================================================
Received Import Request.
  Time since last request: 0.000016 seconds.
  path: Assets/_Tanks/Tutorial_Demo/Demo_Prefabs/Demo_Explosions/Demo_CompleteShell Variant_Medium.prefab
  artifactKey: Guid(b20794314a7db4b4c8322780a44f8f43) Importer(2089858483,192608db42251d675da83286b1cce702)
Start importing Assets/_Tanks/Tutorial_Demo/Demo_Prefabs/Demo_Explosions/Demo_CompleteShell Variant_Medium.prefab using Guid(b20794314a7db4b4c8322780a44f8f43) Importer(2089858483,192608db42251d675da83286b1cce702) (ScriptedImporter) -> (artifact id: 'e06944fd8a7ea0f1795ced179109db35') in 0.0345648 seconds
Number of updated asset objects reloaded before import = 0Number of asset objects unloaded after import = 50

========================================================================
Received Import Request.
  Time since last request: 0.000024 seconds.
  path: Assets/_Tanks/Prefabs/Levels/Levels_Empty/LevelJungle_Empty.prefab
  artifactKey: Guid(9bea0fb58a14644b19a39852279700e3) Importer(2089858483,192608db42251d675da83286b1cce702)
Start importing Assets/_Tanks/Prefabs/Levels/Levels_Empty/LevelJungle_Empty.prefab using Guid(9bea0fb58a14644b19a39852279700e3) Importer(2089858483,192608db42251d675da83286b1cce702) (ScriptedImporter) -> (artifact id: '226d4979fea5a7d89c892135fbda0cf2') in 0.0116029 seconds
Number of updated asset objects reloaded before import = 0Number of asset objects unloaded after import = 589

========================================================================
Received Import Request.
  Time since last request: 0.000021 seconds.
  path: Assets/_Tanks/Prefabs/PowerUps/Indicators/TemporaryInvincibilityIndicator.prefab
  artifactKey: Guid(f392754c1d8cfae49826033757c520bf) Importer(2089858483,192608db42251d675da83286b1cce702)
Start importing Assets/_Tanks/Prefabs/PowerUps/Indicators/TemporaryInvincibilityIndicator.prefab using Guid(f392754c1d8cfae49826033757c520bf) Importer(2089858483,192608db42251d675da83286b1cce702) (ScriptedImporter) -> (artifact id: '59bd2d1370adaba6194344d42899a157') in 0.0086174 seconds
Number of updated asset objects reloaded before import = 0Number of asset objects unloaded after import = 14

========================================================================
Received Import Request.
  Time since last request: 0.000023 seconds.
  path: Assets/Samples/XR Hands/1.6.1/HandVisualizer/Scripts/JointVisualizer.cs
  artifactKey: Guid(6e1c395ff62a3a14dbeb293298bb46bf) Importer(2089858483,192608db42251d675da83286b1cce702)
Start importing Assets/Samples/XR Hands/1.6.1/HandVisualizer/Scripts/JointVisualizer.cs using Guid(6e1c395ff62a3a14dbeb293298bb46bf) Importer(2089858483,192608db42251d675da83286b1cce702) (ScriptedImporter) -> (artifact id: 'e83d7c8641a1c9a634ecac1094bbd204') in 0.0043463 seconds
Number of updated asset objects reloaded before import = 0Number of asset objects unloaded after import = 0

========================================================================
Received Import Request.
  Time since last request: 0.000028 seconds.
  path: Assets/Samples/XR Hands/1.6.1/HandVisualizer/Scripts/HandProcessor.cs
  artifactKey: Guid(ac5903b776721d74786a2e43f00b949a) Importer(2089858483,192608db42251d675da83286b1cce702)
Start importing Assets/Samples/XR Hands/1.6.1/HandVisualizer/Scripts/HandProcessor.cs using Guid(ac5903b776721d74786a2e43f00b949a) Importer(2089858483,192608db42251d675da83286b1cce702) (ScriptedImporter) -> (artifact id: '27d341fd40cf67e18339ee014367860b') in 0.0408623 seconds
Number of updated asset objects reloaded before import = 0Number of asset objects unloaded after import = 0

========================================================================
Received Import Request.
  Time since last request: 0.000018 seconds.
  path: Assets/Samples/XR Hands/1.6.1/HandVisualizer/Models/RightHandAndroidXR.fbx
  artifactKey: Guid(49090752ee8bba242ad64a291905ee10) Importer(2089858483,192608db42251d675da83286b1cce702)
Start importing Assets/Samples/XR Hands/1.6.1/HandVisualizer/Models/RightHandAndroidXR.fbx using Guid(49090752ee8bba242ad64a291905ee10) Importer(2089858483,192608db42251d675da83286b1cce702) (ScriptedImporter) -> (artifact id: 'e1ea52c8e30982481ff308e1ad79d012') in 0.0093726 seconds
Number of updated asset objects reloaded before import = 0Number of asset objects unloaded after import = 80

========================================================================
Received Import Request.
  Time since last request: 0.000017 seconds.
  path: Assets/Samples/XR Interaction Toolkit/3.2.2/Hands Interaction Demo/AffordanceThemes/PinchPointEdgeStrength.asset
  artifactKey: Guid(2d9d4878bfb037248af1d243a0638dd0) Importer(2089858483,192608db42251d675da83286b1cce702)
Start importing Assets/Samples/XR Interaction Toolkit/3.2.2/Hands Interaction Demo/AffordanceThemes/PinchPointEdgeStrength.asset using Guid(2d9d4878bfb037248af1d243a0638dd0) Importer(2089858483,192608db42251d675da83286b1cce702) (ScriptedImporter) -> (artifact id: '6e2e746620f324428e99f032266a2675') in 0.0073578 seconds
Number of updated asset objects reloaded before import = 0Number of asset objects unloaded after import = 1

========================================================================
Received Import Request.
  Time since last request: 0.000017 seconds.
  path: Assets/Samples/XR Hands/1.6.1/HandVisualizer/Prefabs/Left Hand Tracking.prefab
  artifactKey: Guid(b3ed8a0a703ebd34a9e44ed3d9f1fcf6) Importer(2089858483,192608db42251d675da83286b1cce702)
Start importing Assets/Samples/XR Hands/1.6.1/HandVisualizer/Prefabs/Left Hand Tracking.prefab using Guid(b3ed8a0a703ebd34a9e44ed3d9f1fcf6) Importer(2089858483,192608db42251d675da83286b1cce702) (ScriptedImporter) -> (artifact id: '5acf5a9a84e5aa840ac771580b399cdf') in 0.0239738 seconds
Number of updated asset objects reloaded before import = 0Number of asset objects unloaded after import = 122

========================================================================
Received Import Request.
  Time since last request: 0.000018 seconds.
  path: Assets/Samples/XR Hands/1.6.1/HandVisualizer/Materials/Blue.mat
  artifactKey: Guid(7b26add94f09dc44fb811013f007a3aa) Importer(2089858483,192608db42251d675da83286b1cce702)
Start importing Assets/Samples/XR Hands/1.6.1/HandVisualizer/Materials/Blue.mat using Guid(7b26add94f09dc44fb811013f007a3aa) Importer(2089858483,192608db42251d675da83286b1cce702) (ScriptedImporter) -> (artifact id: 'e52d5929a09caed24fcbdd18b0072fdb') in 0.0060028 seconds
Number of updated asset objects reloaded before import = 0Number of asset objects unloaded after import = 1

========================================================================
Received Import Request.
  Time since last request: 0.000046 seconds.
  path: Assets/Samples/XR Hands/1.6.1/HandVisualizer/Materials/MaterialPipelineHandler.asset
  artifactKey: Guid(e22d037d5d9286644b4b81a8b91b5ee5) Importer(2089858483,192608db42251d675da83286b1cce702)
Start importing Assets/Samples/XR Hands/1.6.1/HandVisualizer/Materials/MaterialPipelineHandler.asset using Guid(e22d037d5d9286644b4b81a8b91b5ee5) Importer(2089858483,192608db42251d675da83286b1cce702) (ScriptedImporter) -> (artifact id: '0004fd454589c63279ca00d7cbed3a88') in 0.0070291 seconds
Number of updated asset objects reloaded before import = 0Number of asset objects unloaded after import = 7

========================================================================
Received Import Request.
  Time since last request: 0.000015 seconds.
  path: Assets/Samples/XR Hands/1.6.1/HandVisualizer/Prefabs/Joint.prefab
  artifactKey: Guid(254b742d65a15d14b9df756ae77de868) Importer(2089858483,192608db42251d675da83286b1cce702)
Start importing Assets/Samples/XR Hands/1.6.1/HandVisualizer/Prefabs/Joint.prefab using Guid(254b742d65a15d14b9df756ae77de868) Importer(2089858483,192608db42251d675da83286b1cce702) (ScriptedImporter) -> (artifact id: '475d8925aa54c6d2879da6539c4361ed') in 0.0124397 seconds
Number of updated asset objects reloaded before import = 0Number of asset objects unloaded after import = 26

========================================================================
Received Import Request.
  Time since last request: 0.000017 seconds.
  path: Assets/Samples/XR Interaction Toolkit/3.2.2/Hands Interaction Demo/AffordanceThemes/PinchPointBlendShape.asset
  artifactKey: Guid(fbf5c74e21f572740881de5634f1ce9c) Importer(2089858483,192608db42251d675da83286b1cce702)
Start importing Assets/Samples/XR Interaction Toolkit/3.2.2/Hands Interaction Demo/AffordanceThemes/PinchPointBlendShape.asset using Guid(fbf5c74e21f572740881de5634f1ce9c) Importer(2089858483,192608db42251d675da83286b1cce702) (ScriptedImporter) -> (artifact id: 'bb4fa9d7b8f3f700efc8cdb96b19366b') in 0.0058841 seconds
Number of updated asset objects reloaded before import = 0Number of asset objects unloaded after import = 1

========================================================================
Received Import Request.
  Time since last request: 0.000014 seconds.
  path: Assets/Samples/XR Interaction Toolkit/3.2.2/Hands Interaction Demo/Editor/HandsInteractionDemo.Editor.asmdef
  artifactKey: Guid(ec10eb674fe33dc418851b064a84acc4) Importer(2089858483,192608db42251d675da83286b1cce702)
Start importing Assets/Samples/XR Interaction Toolkit/3.2.2/Hands Interaction Demo/Editor/HandsInteractionDemo.Editor.asmdef using Guid(ec10eb674fe33dc418851b064a84acc4) Importer(2089858483,192608db42251d675da83286b1cce702) (ScriptedImporter) -> (artifact id: '04ac80ff553320b06c010744963c380c') in 0.0038365 seconds
Number of updated asset objects reloaded before import = 0Number of asset objects unloaded after import = 1

========================================================================
Received Import Request.
  Time since last request: 0.000017 seconds.
  path: Assets/Samples/XR Interaction Toolkit/3.2.2/Hands Interaction Demo/Scripts/MetaSystemGestureDetector.cs
  artifactKey: Guid(a83bc4aa48d0da648b49d0fd56690b25) Importer(2089858483,192608db42251d675da83286b1cce702)
Start importing Assets/Samples/XR Interaction Toolkit/3.2.2/Hands Interaction Demo/Scripts/MetaSystemGestureDetector.cs using Guid(a83bc4aa48d0da648b49d0fd56690b25) Importer(2089858483,192608db42251d675da83286b1cce702) (ScriptedImporter) -> (artifact id: '181df05c42a5145dc9a0a73c441338df') in 0.0040939 seconds
Number of updated asset objects reloaded before import = 0Number of asset objects unloaded after import = 0

========================================================================
Received Import Request.
  Time since last request: 0.000022 seconds.
  path: Assets/Samples/XR Interaction Toolkit/3.2.2/Hands Interaction Demo/Scripts/OneEuroFilterVector3.cs
  artifactKey: Guid(8cf24614c456bc04c9adb820d19e35c5) Importer(2089858483,192608db42251d675da83286b1cce702)
Start importing Assets/Samples/XR Interaction Toolkit/3.2.2/Hands Interaction Demo/Scripts/OneEuroFilterVector3.cs using Guid(8cf24614c456bc04c9adb820d19e35c5) Importer(2089858483,192608db42251d675da83286b1cce702) (ScriptedImporter) -> (artifact id: '06a83e61de73583051f7769f5993a7eb') in 0.0051713 seconds
Number of updated asset objects reloaded before import = 0Number of asset objects unloaded after import = 0

========================================================================
Received Import Request.
  Time since last request: 0.000031 seconds.
  path: Assets/Samples/XR Interaction Toolkit/3.2.2/Hands Interaction Demo/Prefabs/RightHandQuestVisual.prefab
  artifactKey: Guid(89e80c47615e4f043926d66492d3ca5f) Importer(2089858483,192608db42251d675da83286b1cce702)
Start importing Assets/Samples/XR Interaction Toolkit/3.2.2/Hands Interaction Demo/Prefabs/RightHandQuestVisual.prefab using Guid(89e80c47615e4f043926d66492d3ca5f) Importer(2089858483,192608db42251d675da83286b1cce702) (ScriptedImporter) -> (artifact id: '61d20bc4529931af322e445f0a4e2e6a') in 0.0150147 seconds
Number of updated asset objects reloaded before import = 0Number of asset objects unloaded after import = 137

========================================================================
Received Import Request.
  Time since last request: 0.000020 seconds.
  path: Assets/Samples/XR Interaction Toolkit/3.2.2/Hands Interaction Demo/Materials/DepthOnly.mat
  artifactKey: Guid(455ef821a5429de4baeed61fa958acbc) Importer(2089858483,192608db42251d675da83286b1cce702)
Start importing Assets/Samples/XR Interaction Toolkit/3.2.2/Hands Interaction Demo/Materials/DepthOnly.mat using Guid(455ef821a5429de4baeed61fa958acbc) Importer(2089858483,192608db42251d675da83286b1cce702) (ScriptedImporter) -> (artifact id: 'ce01679827252ffe7b740e8ab3707ad4') in 0.0049163 seconds
Number of updated asset objects reloaded before import = 0Number of asset objects unloaded after import = 1

========================================================================
Received Import Request.
  Time since last request: 0.000017 seconds.
  path: Assets/Samples/XR Interaction Toolkit/3.2.2/Hands Interaction Demo/DatumPresets/Under Watch Hands Follow Preset.asset
  artifactKey: Guid(5c3063cefe11749438f60126cef83288) Importer(2089858483,192608db42251d675da83286b1cce702)
Start importing Assets/Samples/XR Interaction Toolkit/3.2.2/Hands Interaction Demo/DatumPresets/Under Watch Hands Follow Preset.asset using Guid(5c3063cefe11749438f60126cef83288) Importer(2089858483,192608db42251d675da83286b1cce702) (ScriptedImporter) -> (artifact id: '8a787782ea3763d8ced0881716f2b323') in 0.0062504 seconds
Number of updated asset objects reloaded before import = 0Number of asset objects unloaded after import = 1

========================================================================
Received Import Request.
  Time since last request: 0.000014 seconds.
  path: Assets/Samples/XR Interaction Toolkit/3.2.2/Hands Interaction Demo/Scripts/HandsOneEuroFilterPostProcessor.cs
  artifactKey: Guid(bc6980b6cb3b4f12b6b75074e4ef59f3) Importer(2089858483,192608db42251d675da83286b1cce702)
Start importing Assets/Samples/XR Interaction Toolkit/3.2.2/Hands Interaction Demo/Scripts/HandsOneEuroFilterPostProcessor.cs using Guid(bc6980b6cb3b4f12b6b75074e4ef59f3) Importer(2089858483,192608db42251d675da83286b1cce702) (ScriptedImporter) -> (artifact id: 'b67394545eb95365e11621a22b9cdc10') in 0.0046544 seconds
Number of updated asset objects reloaded before import = 0Number of asset objects unloaded after import = 0

========================================================================
Received Import Request.
  Time since last request: 0.000019 seconds.
  path: Assets/Samples/XR Interaction Toolkit/3.2.2/Hands Interaction Demo/Scripts/HideObjectWhenInteractorBlocked.cs
  artifactKey: Guid(2e989a75b2954bdab01ca618a30d5de6) Importer(2089858483,192608db42251d675da83286b1cce702)
Start importing Assets/Samples/XR Interaction Toolkit/3.2.2/Hands Interaction Demo/Scripts/HideObjectWhenInteractorBlocked.cs using Guid(2e989a75b2954bdab01ca618a30d5de6) Importer(2089858483,192608db42251d675da83286b1cce702) (ScriptedImporter) -> (artifact id: '0e40192e23c2ad3a4f5e1980130d7b9e') in 0.0040949 seconds
Number of updated asset objects reloaded before import = 0Number of asset objects unloaded after import = 0

========================================================================
Received Import Request.
  Time since last request: 0.000017 seconds.
  path: Assets/Samples/XR Interaction Toolkit/3.2.2/Hands Interaction Demo/Scripts/LocalPositionOffsetAffordanceReceiver.cs
  artifactKey: Guid(865d01d2834c9cb4caa8f2c901104c2d) Importer(2089858483,192608db42251d675da83286b1cce702)
Start importing Assets/Samples/XR Interaction Toolkit/3.2.2/Hands Interaction Demo/Scripts/LocalPositionOffsetAffordanceReceiver.cs using Guid(865d01d2834c9cb4caa8f2c901104c2d) Importer(2089858483,192608db42251d675da83286b1cce702) (ScriptedImporter) -> (artifact id: 'afdce611253b430c8287ce48f81f79a1') in 0.0037688 seconds
Number of updated asset objects reloaded before import = 0Number of asset objects unloaded after import = 0

========================================================================
Received Import Request.
  Time since last request: 0.000028 seconds.
  path: Assets/Samples/XR Interaction Toolkit/3.2.2/Hands Interaction Demo/DatumPresets/Under Watch Controller Follow Preset.asset
  artifactKey: Guid(979c1b69d98e91041bc1c5c6e63aab97) Importer(2089858483,192608db42251d675da83286b1cce702)
Start importing Assets/Samples/XR Interaction Toolkit/3.2.2/Hands Interaction Demo/DatumPresets/Under Watch Controller Follow Preset.asset using Guid(979c1b69d98e91041bc1c5c6e63aab97) Importer(2089858483,192608db42251d675da83286b1cce702) (ScriptedImporter) -> (artifact id: '11c6ff2ef936920ecbd44b991d85897b') in 0.0057689 seconds
Number of updated asset objects reloaded before import = 0Number of asset objects unloaded after import = 1

========================================================================
Received Import Request.
  Time since last request: 0.000019 seconds.
  path: Assets/_Tanks/Tutorial_Demo/Demo_Prefabs/Demo_Explosions/Demo_TankExplosion Variant.prefab
  artifactKey: Guid(8d29ee91e1e9643da81d6c2ed3b5a26c) Importer(2089858483,192608db42251d675da83286b1cce702)
Start importing Assets/_Tanks/Tutorial_Demo/Demo_Prefabs/Demo_Explosions/Demo_TankExplosion Variant.prefab using Guid(8d29ee91e1e9643da81d6c2ed3b5a26c) Importer(2089858483,192608db42251d675da83286b1cce702) (ScriptedImporter) -> (artifact id: 'caabdae11a0c692db80ec12490ea4d35') in 0.0413545 seconds
Number of updated asset objects reloaded before import = 0Number of asset objects unloaded after import = 31

========================================================================
Received Import Request.
  Time since last request: 0.000017 seconds.
  path: Assets/Samples/XR Interaction Toolkit/3.2.2/Starter Assets/AffordanceThemes/PokeSphereInteraction.asset
  artifactKey: Guid(c2712227db89c5142adad58b143bf039) Importer(2089858483,192608db42251d675da83286b1cce702)
Start importing Assets/Samples/XR Interaction Toolkit/3.2.2/Starter Assets/AffordanceThemes/PokeSphereInteraction.asset using Guid(c2712227db89c5142adad58b143bf039) Importer(2089858483,192608db42251d675da83286b1cce702) (ScriptedImporter) -> (artifact id: '530fb024ba859b006e97f7fa8bf70465') in 0.0649133 seconds
Number of updated asset objects reloaded before import = 0Number of asset objects unloaded after import = 1

========================================================================
Received Import Request.
  Time since last request: 0.000022 seconds.
  path: Assets/Samples/XR Interaction Toolkit/3.2.2/Starter Assets/Materials/Controller_White.mat
  artifactKey: Guid(9f12d299d16099343a3c5c0d7285822a) Importer(2089858483,192608db42251d675da83286b1cce702)
Start importing Assets/Samples/XR Interaction Toolkit/3.2.2/Starter Assets/Materials/Controller_White.mat using Guid(9f12d299d16099343a3c5c0d7285822a) Importer(2089858483,192608db42251d675da83286b1cce702) (ScriptedImporter) -> (artifact id: '30eed2de97f81c902d2d7ef11277321f') in 0.0069502 seconds
Number of updated asset objects reloaded before import = 0Number of asset objects unloaded after import = 2

========================================================================
Received Import Request.
  Time since last request: 0.000029 seconds.
  path: Assets/Samples/XR Interaction Toolkit/3.2.2/Hands Interaction Demo/Scripts/Vector3ScaleAffordanceReceiver.cs
  artifactKey: Guid(27bee223346c63f4bb2b0f85250f58b7) Importer(2089858483,192608db42251d675da83286b1cce702)
Start importing Assets/Samples/XR Interaction Toolkit/3.2.2/Hands Interaction Demo/Scripts/Vector3ScaleAffordanceReceiver.cs using Guid(27bee223346c63f4bb2b0f85250f58b7) Importer(2089858483,192608db42251d675da83286b1cce702) (ScriptedImporter) -> (artifact id: '9c66a4cf11677ee1ae5f0a6b863e1c38') in 0.0052731 seconds
Number of updated asset objects reloaded before import = 0Number of asset objects unloaded after import = 0

========================================================================
Received Import Request.
  Time since last request: 0.000016 seconds.
  path: Assets/Samples/XR Interaction Toolkit/3.2.2/Starter Assets/AffordanceThemes/ControllerPokeSphereScale.asset
  artifactKey: Guid(fd784a23f6ef7774a8998adf6e979d04) Importer(2089858483,192608db42251d675da83286b1cce702)
Start importing Assets/Samples/XR Interaction Toolkit/3.2.2/Starter Assets/AffordanceThemes/ControllerPokeSphereScale.asset using Guid(fd784a23f6ef7774a8998adf6e979d04) Importer(2089858483,192608db42251d675da83286b1cce702) (ScriptedImporter) -> (artifact id: '22f5d10b3bd502c62aaededf4f751a18') in 0.0058592 seconds
Number of updated asset objects reloaded before import = 0Number of asset objects unloaded after import = 1

========================================================================
Received Import Request.
  Time since last request: 0.000025 seconds.
  path: Assets/Samples/XR Interaction Toolkit/3.2.2/Starter Assets/Materials/Controller_Grey.mat
  artifactKey: Guid(99685157b02e4d446bbecb015645e5e8) Importer(2089858483,192608db42251d675da83286b1cce702)
Start importing Assets/Samples/XR Interaction Toolkit/3.2.2/Starter Assets/Materials/Controller_Grey.mat using Guid(99685157b02e4d446bbecb015645e5e8) Importer(2089858483,192608db42251d675da83286b1cce702) (ScriptedImporter) -> (artifact id: 'd46f205508cdbad7f5a051e0f043f4bd') in 0.0068371 seconds
Number of updated asset objects reloaded before import = 0Number of asset objects unloaded after import = 2

========================================================================
Received Import Request.
  Time since last request: 0.000018 seconds.
  path: Assets/Samples/XR Interaction Toolkit/3.2.2/Hands Interaction Demo/Shaders/RimLight.shadergraph
  artifactKey: Guid(4ff4bf42ffc12e34a9c53b2f216f5442) Importer(2089858483,192608db42251d675da83286b1cce702)
Start importing Assets/Samples/XR Interaction Toolkit/3.2.2/Hands Interaction Demo/Shaders/RimLight.shadergraph using Guid(4ff4bf42ffc12e34a9c53b2f216f5442) Importer(2089858483,192608db42251d675da83286b1cce702) (ScriptedImporter) -> (artifact id: '7f06559ba361ab0c01b35c924fcc8934') in 0.1616343 seconds
Number of updated asset objects reloaded before import = 0Number of asset objects unloaded after import = 7

========================================================================
Received Import Request.
  Time since last request: 0.000020 seconds.
  path: Assets/Samples/XR Interaction Toolkit/3.2.2/Starter Assets/Models/BlinkVisual.fbx
  artifactKey: Guid(27b7629e54b332449bfa3a4065ffe17a) Importer(2089858483,192608db42251d675da83286b1cce702)
Start importing Assets/Samples/XR Interaction Toolkit/3.2.2/Starter Assets/Models/BlinkVisual.fbx using Guid(27b7629e54b332449bfa3a4065ffe17a) Importer(2089858483,192608db42251d675da83286b1cce702) (ScriptedImporter) -> (artifact id: 'ebc3d509ec1b8d8a5c8f113d6a31e09f') in 0.0112291 seconds
Number of updated asset objects reloaded before import = 0Number of asset objects unloaded after import = 8

========================================================================
Received Import Request.
  Time since last request: 0.000029 seconds.
  path: Assets/Samples/XR Interaction Toolkit/3.2.2/Starter Assets/Materials/Telport Area.mat
  artifactKey: Guid(be1e10ce8a6f8cc4fb08d11c7f722469) Importer(2089858483,192608db42251d675da83286b1cce702)
Start importing Assets/Samples/XR Interaction Toolkit/3.2.2/Starter Assets/Materials/Telport Area.mat using Guid(be1e10ce8a6f8cc4fb08d11c7f722469) Importer(2089858483,192608db42251d675da83286b1cce702) (ScriptedImporter) -> (artifact id: '62b4521ead90ce7e6e4873f1160e4f1e') in 0.0074224 seconds
Number of updated asset objects reloaded before import = 0Number of asset objects unloaded after import = 2

========================================================================
Received Import Request.
  Time since last request: 0.000018 seconds.
  path: Assets/Samples/XR Interaction Toolkit/3.2.2/Hands Interaction Demo/Shaders/Unity_Hand_HDR.shadergraph
  artifactKey: Guid(0f2e4d0d30e2b93488dce2f0124a9b44) Importer(2089858483,192608db42251d675da83286b1cce702)
Start importing Assets/Samples/XR Interaction Toolkit/3.2.2/Hands Interaction Demo/Shaders/Unity_Hand_HDR.shadergraph using Guid(0f2e4d0d30e2b93488dce2f0124a9b44) Importer(2089858483,192608db42251d675da83286b1cce702) (ScriptedImporter) -> (artifact id: '1f21f6be29ee031dd8591f96f6628cf5') in 0.1529457 seconds
Number of updated asset objects reloaded before import = 0Number of asset objects unloaded after import = 10

========================================================================
Received Import Request.
  Time since last request: 0.000018 seconds.
  path: Assets/Samples/XR Interaction Toolkit/3.2.2/Starter Assets/Animations/Climb Teleport Arrow.controller
  artifactKey: Guid(db6239f7ccb29ca4aac63126c6a35e7d) Importer(2089858483,192608db42251d675da83286b1cce702)
Start importing Assets/Samples/XR Interaction Toolkit/3.2.2/Starter Assets/Animations/Climb Teleport Arrow.controller using Guid(db6239f7ccb29ca4aac63126c6a35e7d) Importer(2089858483,192608db42251d675da83286b1cce702) (ScriptedImporter) -> (artifact id: '93c4f39d85a9be251cf73e7cee4b234f') in 0.0048367 seconds
Number of updated asset objects reloaded before import = 0Number of asset objects unloaded after import = 4

========================================================================
Received Import Request.
  Time since last request: 0.000030 seconds.
  path: Assets/Samples/XR Interaction Toolkit/3.2.2/Hands Interaction Demo/AffordanceThemes/PinchPointLocalTransformOffset.asset
  artifactKey: Guid(2826cece951f71642a19da5a2080a27c) Importer(2089858483,192608db42251d675da83286b1cce702)
Start importing Assets/Samples/XR Interaction Toolkit/3.2.2/Hands Interaction Demo/AffordanceThemes/PinchPointLocalTransformOffset.asset using Guid(2826cece951f71642a19da5a2080a27c) Importer(2089858483,192608db42251d675da83286b1cce702) (ScriptedImporter) -> (artifact id: '5aabf82981621d9cca71cb4237d46da7') in 0.0071111 seconds
Number of updated asset objects reloaded before import = 0Number of asset objects unloaded after import = 1

========================================================================
Received Import Request.
  Time since last request: 0.000015 seconds.
  path: Assets/Samples/XR Interaction Toolkit/3.2.2/Starter Assets/Models/Pinch_Pointer_LOD0.fbx
  artifactKey: Guid(e053b8fbc416ba349b4a58a26410bba2) Importer(2089858483,192608db42251d675da83286b1cce702)
Start importing Assets/Samples/XR Interaction Toolkit/3.2.2/Starter Assets/Models/Pinch_Pointer_LOD0.fbx using Guid(e053b8fbc416ba349b4a58a26410bba2) Importer(2089858483,192608db42251d675da83286b1cce702) (ScriptedImporter) -> (artifact id: '3d7744025a018ba7987f69500d547323') in 0.013516 seconds
Number of updated asset objects reloaded before import = 0Number of asset objects unloaded after import = 6

========================================================================
Received Import Request.
  Time since last request: 0.000018 seconds.
  path: Assets/Samples/XR Interaction Toolkit/3.2.2/Starter Assets/Scripts/XRPokeFollowAffordance.cs
  artifactKey: Guid(07b3638c2f5db5b479ff24c2859713d4) Importer(2089858483,192608db42251d675da83286b1cce702)
Start importing Assets/Samples/XR Interaction Toolkit/3.2.2/Starter Assets/Scripts/XRPokeFollowAffordance.cs using Guid(07b3638c2f5db5b479ff24c2859713d4) Importer(2089858483,192608db42251d675da83286b1cce702) (ScriptedImporter) -> (artifact id: '58b4212f2183db1f6fb9969246a48b5c') in 0.0045343 seconds
Number of updated asset objects reloaded before import = 0Number of asset objects unloaded after import = 0

========================================================================
Received Import Request.
  Time since last request: 0.000019 seconds.
  path: Assets/Samples/XR Interaction Toolkit/3.2.2/Starter Assets/Scripts/PermissionsManager.cs
  artifactKey: Guid(4f62c7b7418ee024aa16285921e63d56) Importer(2089858483,192608db42251d675da83286b1cce702)
Start importing Assets/Samples/XR Interaction Toolkit/3.2.2/Starter Assets/Scripts/PermissionsManager.cs using Guid(4f62c7b7418ee024aa16285921e63d56) Importer(2089858483,192608db42251d675da83286b1cce702) (ScriptedImporter) -> (artifact id: 'f7b5a099137c381f4a81c1487e831319') in 0.0044492 seconds
Number of updated asset objects reloaded before import = 0Number of asset objects unloaded after import = 0

========================================================================
Received Import Request.
  Time since last request: 0.000018 seconds.
  path: Assets/Samples/XR Interaction Toolkit/3.2.2/Starter Assets/Scripts/ToggleColorToggler.cs
  artifactKey: Guid(cb280e627cedda749b93045b8dd8d327) Importer(2089858483,192608db42251d675da83286b1cce702)
Start importing Assets/Samples/XR Interaction Toolkit/3.2.2/Starter Assets/Scripts/ToggleColorToggler.cs using Guid(cb280e627cedda749b93045b8dd8d327) Importer(2089858483,192608db42251d675da83286b1cce702) (ScriptedImporter) -> (artifact id: '601929c6ecca69d59d2ebc1762ad1e65') in 0.004058 seconds
Number of updated asset objects reloaded before import = 0Number of asset objects unloaded after import = 0

========================================================================
Received Import Request.
  Time since last request: 0.000019 seconds.
  path: Assets/Samples/XR Interaction Toolkit/3.2.2/Starter Assets/Scripts/DestroySelf.cs
  artifactKey: Guid(717c12e2a4cfe764ab2580b1135e10fd) Importer(2089858483,192608db42251d675da83286b1cce702)
Start importing Assets/Samples/XR Interaction Toolkit/3.2.2/Starter Assets/Scripts/DestroySelf.cs using Guid(717c12e2a4cfe764ab2580b1135e10fd) Importer(2089858483,192608db42251d675da83286b1cce702) (ScriptedImporter) -> (artifact id: '0f0d0c7e4a39d448d58b633a54e173da') in 0.0037813 seconds
Number of updated asset objects reloaded before import = 0Number of asset objects unloaded after import = 0

========================================================================
Received Import Request.
  Time since last request: 0.000033 seconds.
  path: Assets/Samples/XR Interaction Toolkit/3.2.2/Starter Assets/Presets/XRI Default Right Controller InputActionManager.preset
  artifactKey: Guid(55f7614a1d331d14bb631965514937d8) Importer(2089858483,192608db42251d675da83286b1cce702)
Start importing Assets/Samples/XR Interaction Toolkit/3.2.2/Starter Assets/Presets/XRI Default Right Controller InputActionManager.preset using Guid(55f7614a1d331d14bb631965514937d8) Importer(2089858483,192608db42251d675da83286b1cce702) (ScriptedImporter) -> (artifact id: 'c733ae5ddbacf35b9394c30add48edd8') in 0.0207403 seconds
Number of updated asset objects reloaded before import = 0Number of asset objects unloaded after import = 8

========================================================================
Received Import Request.
  Time since last request: 0.000017 seconds.
  path: Assets/Samples/XR Interaction Toolkit/3.2.2/Starter Assets/Scripts/RotationAxisLockGrabTransformer.cs
  artifactKey: Guid(4dd2e41114c62b44fbd334ca5b314352) Importer(2089858483,192608db42251d675da83286b1cce702)
Start importing Assets/Samples/XR Interaction Toolkit/3.2.2/Starter Assets/Scripts/RotationAxisLockGrabTransformer.cs using Guid(4dd2e41114c62b44fbd334ca5b314352) Importer(2089858483,192608db42251d675da83286b1cce702) (ScriptedImporter) -> (artifact id: 'b6216f349146a4c8d865d9ed07792412') in 0.0045465 seconds
Number of updated asset objects reloaded before import = 0Number of asset objects unloaded after import = 0

========================================================================
Received Import Request.
  Time since last request: 0.000015 seconds.
  path: Assets/Samples/XR Interaction Toolkit/3.2.2/Starter Assets/Scripts/GazeInputManager.cs
  artifactKey: Guid(6ef0e4723b64c884699a375196c13ac0) Importer(2089858483,192608db42251d675da83286b1cce702)
Start importing Assets/Samples/XR Interaction Toolkit/3.2.2/Starter Assets/Scripts/GazeInputManager.cs using Guid(6ef0e4723b64c884699a375196c13ac0) Importer(2089858483,192608db42251d675da83286b1cce702) (ScriptedImporter) -> (artifact id: '7df35966060fa36b748fbc0592b6a477') in 0.0044588 seconds
Number of updated asset objects reloaded before import = 0Number of asset objects unloaded after import = 0

========================================================================
Received Import Request.
  Time since last request: 0.000018 seconds.
  path: Assets/Samples/XR Interaction Toolkit/3.2.2/Hands Interaction Demo/Prefabs/LeftHandAndroidXRVisual.prefab
  artifactKey: Guid(c596c6eccbc90fe48949f87e583ce552) Importer(2089858483,192608db42251d675da83286b1cce702)
Start importing Assets/Samples/XR Interaction Toolkit/3.2.2/Hands Interaction Demo/Prefabs/LeftHandAndroidXRVisual.prefab using Guid(c596c6eccbc90fe48949f87e583ce552) Importer(2089858483,192608db42251d675da83286b1cce702) (ScriptedImporter) -> (artifact id: 'a3acd0e187611eb1c9c9b5407a7f3ae4') in 0.0117965 seconds
Number of updated asset objects reloaded before import = 0Number of asset objects unloaded after import = 177

========================================================================
Received Import Request.
  Time since last request: 0.000015 seconds.
  path: Assets/Samples/XR Interaction Toolkit/3.2.2/Hands Interaction Demo/AffordanceThemes/FingerColor.asset
  artifactKey: Guid(ec1df508c6fb9eb45ae9f181ff6bbe82) Importer(2089858483,192608db42251d675da83286b1cce702)
Start importing Assets/Samples/XR Interaction Toolkit/3.2.2/Hands Interaction Demo/AffordanceThemes/FingerColor.asset using Guid(ec1df508c6fb9eb45ae9f181ff6bbe82) Importer(2089858483,192608db42251d675da83286b1cce702) (ScriptedImporter) -> (artifact id: '68d6ef1672088107c2a5b6f5a3d4764a') in 0.0058845 seconds
Number of updated asset objects reloaded before import = 0Number of asset objects unloaded after import = 1

========================================================================
Received Import Request.
  Time since last request: 0.000023 seconds.
  path: Assets/Samples/XR Interaction Toolkit/3.2.2/Starter Assets/AffordanceThemes/PokeSphereColor.asset
  artifactKey: Guid(fc690d1505c48cb4696838b71abd2ca0) Importer(2089858483,192608db42251d675da83286b1cce702)
Start importing Assets/Samples/XR Interaction Toolkit/3.2.2/Starter Assets/AffordanceThemes/PokeSphereColor.asset using Guid(fc690d1505c48cb4696838b71abd2ca0) Importer(2089858483,192608db42251d675da83286b1cce702) (ScriptedImporter) -> (artifact id: '0506685591dc57f202fab3e76daa005a') in 0.0053771 seconds
Number of updated asset objects reloaded before import = 0Number of asset objects unloaded after import = 1

========================================================================
Received Import Request.
  Time since last request: 0.000023 seconds.
  path: Assets/Samples/XR Interaction Toolkit/3.2.2/Starter Assets/Scripts/PlatformUnderstanding.cs
  artifactKey: Guid(3ce213c1f32595b4888e78a36e017d3e) Importer(2089858483,192608db42251d675da83286b1cce702)
Start importing Assets/Samples/XR Interaction Toolkit/3.2.2/Starter Assets/Scripts/PlatformUnderstanding.cs using Guid(3ce213c1f32595b4888e78a36e017d3e) Importer(2089858483,192608db42251d675da83286b1cce702) (ScriptedImporter) -> (artifact id: '2cd012933b9dc363cf66bb5766d926fe') in 0.003539 seconds
Number of updated asset objects reloaded before import = 0Number of asset objects unloaded after import = 0

========================================================================
Received Import Request.
  Time since last request: 0.000017 seconds.
  path: Assets/Samples/XR Interaction Toolkit/3.2.2/Starter Assets/TunnelingVignette/TunnelingVignetteHemisphere.fbx
  artifactKey: Guid(5833e680dc0f7ae47aec6b4286570484) Importer(2089858483,192608db42251d675da83286b1cce702)
Start importing Assets/Samples/XR Interaction Toolkit/3.2.2/Starter Assets/TunnelingVignette/TunnelingVignetteHemisphere.fbx using Guid(5833e680dc0f7ae47aec6b4286570484) Importer(2089858483,192608db42251d675da83286b1cce702) (ScriptedImporter) -> (artifact id: '6546cc8a01967393111d6d49a7c57b1e') in 0.0109853 seconds
Number of updated asset objects reloaded before import = 0Number of asset objects unloaded after import = 7

========================================================================
Received Import Request.
  Time since last request: 0.000017 seconds.
  path: Assets/Samples/XR Interaction Toolkit/3.2.2/World Space UI/Prefabs/UGUI Grab UI.prefab
  artifactKey: Guid(649d18ad58e93d547b0350eb4be7233a) Importer(2089858483,192608db42251d675da83286b1cce702)
Start importing Assets/Samples/XR Interaction Toolkit/3.2.2/World Space UI/Prefabs/UGUI Grab UI.prefab using Guid(649d18ad58e93d547b0350eb4be7233a) Importer(2089858483,192608db42251d675da83286b1cce702) (ScriptedImporter) -> (artifact id: '52b5b86af1fdd298c5c2dde19193f3e1') in 0.064531 seconds
Number of updated asset objects reloaded before import = 0Number of asset objects unloaded after import = 206

========================================================================
Received Import Request.
  Time since last request: 0.000016 seconds.
  path: Assets/Samples/XR Interaction Toolkit/3.2.2/World Space UI/UI Toolkit Documents/XRIScrollviewSampleDocument.uxml
  artifactKey: Guid(d21b61ae9346d6244b72ef58d9c94ff7) Importer(2089858483,192608db42251d675da83286b1cce702)
Start importing Assets/Samples/XR Interaction Toolkit/3.2.2/World Space UI/UI Toolkit Documents/XRIScrollviewSampleDocument.uxml using Guid(d21b61ae9346d6244b72ef58d9c94ff7) Importer(2089858483,192608db42251d675da83286b1cce702) (ScriptedImporter) -> (artifact id: 'af056376e1a05d4f58ba24f8c5c62ec6') in 0.0761471 seconds
Number of updated asset objects reloaded before import = 0Number of asset objects unloaded after import = 4

========================================================================
Received Import Request.
  Time since last request: 0.000024 seconds.
  path: Assets/Samples/XR Interaction Toolkit/3.2.2/World Space UI/UI Toolkit Documents/XRISampleDocument.uxml
  artifactKey: Guid(076ce5613af05514e96f3949dcb6eb09) Importer(2089858483,192608db42251d675da83286b1cce702)
Start importing Assets/Samples/XR Interaction Toolkit/3.2.2/World Space UI/UI Toolkit Documents/XRISampleDocument.uxml using Guid(076ce5613af05514e96f3949dcb6eb09) Importer(2089858483,192608db42251d675da83286b1cce702) (ScriptedImporter) -> (artifact id: '28964784fc498917ba19fc12be7608ec') in 0.0133145 seconds
Number of updated asset objects reloaded before import = 0Number of asset objects unloaded after import = 5

========================================================================
Received Import Request.
  Time since last request: 0.000027 seconds.
  path: Assets/Samples/XR Interaction Toolkit/3.2.2/Starter Assets/Shaders/Unlit_Fresnel.shadergraph
  artifactKey: Guid(e19b5bb6cb8e91e43b1b5d81a069296f) Importer(2089858483,192608db42251d675da83286b1cce702)
Start importing Assets/Samples/XR Interaction Toolkit/3.2.2/Starter Assets/Shaders/Unlit_Fresnel.shadergraph using Guid(e19b5bb6cb8e91e43b1b5d81a069296f) Importer(2089858483,192608db42251d675da83286b1cce702) (ScriptedImporter) -> (artifact id: 'aaa263af15a9cd02f55daf4891881f70') in 0.1678387 seconds
Number of updated asset objects reloaded before import = 0Number of asset objects unloaded after import = 5

========================================================================
Received Import Request.
  Time since last request: 0.000024 seconds.
  path: Assets/Samples/XR Interaction Toolkit/3.2.2/XR Device Simulator/Hand Expression Captures/Open Expression Capture.asset
  artifactKey: Guid(05293ab353dc8a747a36ed129311686d) Importer(2089858483,192608db42251d675da83286b1cce702)
Start importing Assets/Samples/XR Interaction Toolkit/3.2.2/XR Device Simulator/Hand Expression Captures/Open Expression Capture.asset using Guid(05293ab353dc8a747a36ed129311686d) Importer(2089858483,192608db42251d675da83286b1cce702) (ScriptedImporter) -> (artifact id: 'b2f06ed410f8bfd88a95c2c879952c15') in 0.0074493 seconds
Number of updated asset objects reloaded before import = 0Number of asset objects unloaded after import = 2

========================================================================
Received Import Request.
  Time since last request: 0.000026 seconds.
  path: Assets/_Tanks/Tutorial_Demo/Demo_Scenes/Demo_Scene_Data/Demo_LightingData/Lightmap-2_comp_light.exr
  artifactKey: Guid(c5fe195852cab4d6b9220d10c70e950d) Importer(2089858483,192608db42251d675da83286b1cce702)
Start importing Assets/_Tanks/Tutorial_Demo/Demo_Scenes/Demo_Scene_Data/Demo_LightingData/Lightmap-2_comp_light.exr using Guid(c5fe195852cab4d6b9220d10c70e950d) Importer(2089858483,192608db42251d675da83286b1cce702) (ScriptedImporter) -> (artifact id: 'bb20cd6466821c69250e3a10447b139e') in 0.01155 seconds
Number of updated asset objects reloaded before import = 0Number of asset objects unloaded after import = 1

========================================================================
Received Import Request.
  Time since last request: 0.000018 seconds.
  path: Assets/Samples/XR Interaction Toolkit/3.2.2/XR Device Simulator/Hand Expression Captures/Thumb Expression Capture.asset
  artifactKey: Guid(9d8c9c84da35a7c4c89efd57343c1df8) Importer(2089858483,192608db42251d675da83286b1cce702)
Start importing Assets/Samples/XR Interaction Toolkit/3.2.2/XR Device Simulator/Hand Expression Captures/Thumb Expression Capture.asset using Guid(9d8c9c84da35a7c4c89efd57343c1df8) Importer(2089858483,192608db42251d675da83286b1cce702) (ScriptedImporter) -> (artifact id: '0715c51dd2303b0aadb63e940903a84d') in 0.0065035 seconds
Number of updated asset objects reloaded before import = 0Number of asset objects unloaded after import = 2

========================================================================
Received Import Request.
  Time since last request: 0.000015 seconds.
  path: Assets/Samples/XR Interaction Toolkit/3.2.2/XR Device Simulator/Hand Expression Captures/Resting Expression Capture.asset
  artifactKey: Guid(5be099e6e6012c244bb41881b6c0ea07) Importer(2089858483,192608db42251d675da83286b1cce702)
Start importing Assets/Samples/XR Interaction Toolkit/3.2.2/XR Device Simulator/Hand Expression Captures/Resting Expression Capture.asset using Guid(5be099e6e6012c244bb41881b6c0ea07) Importer(2089858483,192608db42251d675da83286b1cce702) (ScriptedImporter) -> (artifact id: 'b889bc717859b4048316598b4cefc1bc') in 0.0052341 seconds
Number of updated asset objects reloaded before import = 0Number of asset objects unloaded after import = 2

========================================================================
Received Import Request.
  Time since last request: 0.000014 seconds.
  path: Assets/_Tanks/Tutorial_Demo/Demo_Scenes/Demo_Scene_Data/Demo_LightingData/Lightmap-1_comp_light.exr
  artifactKey: Guid(1e6d68e78a50b472d95c5441d08572e4) Importer(2089858483,192608db42251d675da83286b1cce702)
Start importing Assets/_Tanks/Tutorial_Demo/Demo_Scenes/Demo_Scene_Data/Demo_LightingData/Lightmap-1_comp_light.exr using Guid(1e6d68e78a50b472d95c5441d08572e4) Importer(2089858483,192608db42251d675da83286b1cce702) (ScriptedImporter) -> (artifact id: '98e78fa5e228c56158faa18a878bc246') in 0.0098743 seconds
Number of updated asset objects reloaded before import = 0Number of asset objects unloaded after import = 1

========================================================================
Received Import Request.
  Time since last request: 0.000018 seconds.
  path: Assets/Samples/XR Interaction Toolkit/3.2.2/Starter Assets/TunnelingVignette/TunnelingVignette.shader
  artifactKey: Guid(e51b4af1e50be764e8de46e07d4e3f3f) Importer(2089858483,192608db42251d675da83286b1cce702)
Start importing Assets/Samples/XR Interaction Toolkit/3.2.2/Starter Assets/TunnelingVignette/TunnelingVignette.shader using Guid(e51b4af1e50be764e8de46e07d4e3f3f) Importer(2089858483,192608db42251d675da83286b1cce702) (ScriptedImporter) -> (artifact id: '09646885419a97494dd6913fae5e2cac') in 0.0047223 seconds
Number of updated asset objects reloaded before import = 0Number of asset objects unloaded after import = 1

========================================================================
Received Import Request.
  Time since last request: 0.000024 seconds.
  path: Assets/Samples/XR Interaction Toolkit/3.2.2/World Space UI/Materials/Telport Anchor.mat
  artifactKey: Guid(a1fb561b65019974b9885aab723be147) Importer(2089858483,192608db42251d675da83286b1cce702)
Start importing Assets/Samples/XR Interaction Toolkit/3.2.2/World Space UI/Materials/Telport Anchor.mat using Guid(a1fb561b65019974b9885aab723be147) Importer(2089858483,192608db42251d675da83286b1cce702) (ScriptedImporter) -> (artifact id: '0dba92bdcda915edf0645b9d9b95afa9') in 0.0052249 seconds
Number of updated asset objects reloaded before import = 0Number of asset objects unloaded after import = 2

========================================================================
Received Import Request.
  Time since last request: 0.000012 seconds.
  path: Assets/Samples/XR Interaction Toolkit/3.2.2/World Space UI/UI Toolkit Panel Settings/WorldSpacePanel.asset
  artifactKey: Guid(e7496767898f08e45b3e15f384905b23) Importer(2089858483,192608db42251d675da83286b1cce702)
Start importing Assets/Samples/XR Interaction Toolkit/3.2.2/World Space UI/UI Toolkit Panel Settings/WorldSpacePanel.asset using Guid(e7496767898f08e45b3e15f384905b23) Importer(2089858483,192608db42251d675da83286b1cce702) (ScriptedImporter) -> (artifact id: 'f31b25ac20557003d399a2672733ec63') in 0.0391474 seconds
Number of updated asset objects reloaded before import = 0Number of asset objects unloaded after import = 29

========================================================================
Received Import Request.
  Time since last request: 0.000021 seconds.
  path: Assets/Samples/XR Interaction Toolkit/3.2.2/Hands Interaction Demo/HandsDemoSceneAssets/Affordances/BlendShapeValue.asset
  artifactKey: Guid(20eb8725b4dab864ea2bfa8ecbd4adff) Importer(2089858483,192608db42251d675da83286b1cce702)
Start importing Assets/Samples/XR Interaction Toolkit/3.2.2/Hands Interaction Demo/HandsDemoSceneAssets/Affordances/BlendShapeValue.asset using Guid(20eb8725b4dab864ea2bfa8ecbd4adff) Importer(2089858483,192608db42251d675da83286b1cce702) (ScriptedImporter) -> (artifact id: 'a8dd731ea6790db1b5033b79f468ddbf') in 0.0099488 seconds
Number of updated asset objects reloaded before import = 0Number of asset objects unloaded after import = 1

========================================================================
Received Import Request.
  Time since last request: 0.000017 seconds.
  path: Assets/_Tanks/Tutorial_Demo/Demo_Scenes/Demo_Scene_Data/Demo_NavMeshes/NavMesh-GroundJungle.asset
  artifactKey: Guid(c12916cdc9c34dd42be20583c5c68a03) Importer(2089858483,192608db42251d675da83286b1cce702)
Start importing Assets/_Tanks/Tutorial_Demo/Demo_Scenes/Demo_Scene_Data/Demo_NavMeshes/NavMesh-GroundJungle.asset using Guid(c12916cdc9c34dd42be20583c5c68a03) Importer(2089858483,192608db42251d675da83286b1cce702) (ScriptedImporter) -> (artifact id: '1f72f92f18581da7779302d85ccd26a2') in 0.0059917 seconds
Number of updated asset objects reloaded before import = 0Number of asset objects unloaded after import = 1

========================================================================
Received Import Request.
  Time since last request: 0.000023 seconds.
  path: Assets/Samples/XR Interaction Toolkit/3.2.2/Hands Interaction Demo/Editor/Scripts/HandsSampleProjectValidation.cs
  artifactKey: Guid(0deb305527bf17143801528616ee4f73) Importer(2089858483,192608db42251d675da83286b1cce702)
Start importing Assets/Samples/XR Interaction Toolkit/3.2.2/Hands Interaction Demo/Editor/Scripts/HandsSampleProjectValidation.cs using Guid(0deb305527bf17143801528616ee4f73) Importer(2089858483,192608db42251d675da83286b1cce702) (ScriptedImporter) -> (artifact id: 'c43ab935512ce89e00650d4ca752f55c') in 0.0053695 seconds
Number of updated asset objects reloaded before import = 0Number of asset objects unloaded after import = 0

========================================================================
Received Import Request.
  Time since last request: 0.000034 seconds.
  path: Assets/Samples/XR Interaction Toolkit/3.2.2/Hands Interaction Demo/HandsDemoSceneAssets/Materials/RPMaterialHandler.asset
  artifactKey: Guid(84966892245e3a742b5a7a3e6d830f34) Importer(2089858483,192608db42251d675da83286b1cce702)
Start importing Assets/Samples/XR Interaction Toolkit/3.2.2/Hands Interaction Demo/HandsDemoSceneAssets/Materials/RPMaterialHandler.asset using Guid(84966892245e3a742b5a7a3e6d830f34) Importer(2089858483,192608db42251d675da83286b1cce702) (ScriptedImporter) -> (artifact id: '76d2eda88e64473236fd690f265902cc') in 0.0108838 seconds
Number of updated asset objects reloaded before import = 0Number of asset objects unloaded after import = 9

========================================================================
Received Import Request.
  Time since last request: 0.000018 seconds.
  path: Assets/_Tanks/Tutorial_Demo/Demo_Scenes/Demo_Scene_Data/Demo_NavMeshes/NavMesh-GroundDesert.asset
  artifactKey: Guid(7c5d37b462871c7439904135d88844a3) Importer(2089858483,192608db42251d675da83286b1cce702)
Start importing Assets/_Tanks/Tutorial_Demo/Demo_Scenes/Demo_Scene_Data/Demo_NavMeshes/NavMesh-GroundDesert.asset using Guid(7c5d37b462871c7439904135d88844a3) Importer(2089858483,192608db42251d675da83286b1cce702) (ScriptedImporter) -> (artifact id: '942b31ebd1119e59efcbdda7d14c5920') in 0.0040832 seconds
Number of updated asset objects reloaded before import = 0Number of asset objects unloaded after import = 1

========================================================================
Received Import Request.
  Time since last request: 0.000014 seconds.
  path: Assets/Samples/XR Interaction Toolkit/3.2.2/Hands Interaction Demo/HandsDemoSceneAssets/Affordances/Scale.asset
  artifactKey: Guid(6c5f857510aad3f4c8df41fd90e934a5) Importer(2089858483,192608db42251d675da83286b1cce702)
Start importing Assets/Samples/XR Interaction Toolkit/3.2.2/Hands Interaction Demo/HandsDemoSceneAssets/Affordances/Scale.asset using Guid(6c5f857510aad3f4c8df41fd90e934a5) Importer(2089858483,192608db42251d675da83286b1cce702) (ScriptedImporter) -> (artifact id: 'e49c894d22dd3b7c649e17890b30b47f') in 0.0607473 seconds
Number of updated asset objects reloaded before import = 0Number of asset objects unloaded after import = 1

========================================================================
Received Import Request.
  Time since last request: 0.000017 seconds.
  path: Assets/Samples/XR Interaction Toolkit/3.2.2/Hands Interaction Demo/HandsDemoSceneAssets/Affordances/Audio.asset
  artifactKey: Guid(57def9352cdee8548bfc9ebc6a55914a) Importer(2089858483,192608db42251d675da83286b1cce702)
Start importing Assets/Samples/XR Interaction Toolkit/3.2.2/Hands Interaction Demo/HandsDemoSceneAssets/Affordances/Audio.asset using Guid(57def9352cdee8548bfc9ebc6a55914a) Importer(2089858483,192608db42251d675da83286b1cce702) (ScriptedImporter) -> (artifact id: 'cc638f7b156c0ead4eb8888be2aea173') in 0.00829 seconds
Number of updated asset objects reloaded before import = 0Number of asset objects unloaded after import = 3

========================================================================
Received Import Request.
  Time since last request: 0.000015 seconds.
  path: Assets/Samples/XR Interaction Toolkit/3.2.2/Hands Interaction Demo/HandsDemoSceneAssets/Materials/ChessPiece.mat
  artifactKey: Guid(40808a1b89c64184e9466aaec1fd1ac1) Importer(2089858483,192608db42251d675da83286b1cce702)
Start importing Assets/Samples/XR Interaction Toolkit/3.2.2/Hands Interaction Demo/HandsDemoSceneAssets/Materials/ChessPiece.mat using Guid(40808a1b89c64184e9466aaec1fd1ac1) Importer(2089858483,192608db42251d675da83286b1cce702) (ScriptedImporter) -> (artifact id: 'eeabc4062793df81618950110e47826d') in 0.00552 seconds
Number of updated asset objects reloaded before import = 0Number of asset objects unloaded after import = 1

========================================================================
Received Import Request.
  Time since last request: 0.000023 seconds.
  path: Assets/Samples/XR Interaction Toolkit/3.2.2/Hands Interaction Demo/HandsDemoSceneAssets/Materials/FrameOutline.mat
  artifactKey: Guid(54f7c59213ac02b4d9f00104348dbac3) Importer(2089858483,192608db42251d675da83286b1cce702)
Start importing Assets/Samples/XR Interaction Toolkit/3.2.2/Hands Interaction Demo/HandsDemoSceneAssets/Materials/FrameOutline.mat using Guid(54f7c59213ac02b4d9f00104348dbac3) Importer(2089858483,192608db42251d675da83286b1cce702) (ScriptedImporter) -> (artifact id: '5588a0d2ef47aa87e8f4a4d348875e6e') in 0.0046835 seconds
Number of updated asset objects reloaded before import = 0Number of asset objects unloaded after import = 1

========================================================================
Received Import Request.
  Time since last request: 0.000018 seconds.
  path: Assets/Samples/XR Interaction Toolkit/3.2.2/Hands Interaction Demo/HandsDemoSceneAssets/Prefabs/Cylinder.prefab
  artifactKey: Guid(531d9182cdbe93948a57bd87a1e47fdf) Importer(2089858483,192608db42251d675da83286b1cce702)
Start importing Assets/Samples/XR Interaction Toolkit/3.2.2/Hands Interaction Demo/HandsDemoSceneAssets/Prefabs/Cylinder.prefab using Guid(531d9182cdbe93948a57bd87a1e47fdf) Importer(2089858483,192608db42251d675da83286b1cce702) (ScriptedImporter) -> (artifact id: '5494f7b2386e1dd3370554a98c50922c') in 0.0140756 seconds
Number of updated asset objects reloaded before import = 0Number of asset objects unloaded after import = 25

========================================================================
Received Import Request.
  Time since last request: 0.000020 seconds.
  path: Assets/Samples/XR Interaction Toolkit/3.2.2/Hands Interaction Demo/HandsDemoSceneAssets/Prefabs/Disc.prefab
  artifactKey: Guid(54a010e086d816242aedcc5be9e8b1b5) Importer(2089858483,192608db42251d675da83286b1cce702)
Start importing Assets/Samples/XR Interaction Toolkit/3.2.2/Hands Interaction Demo/HandsDemoSceneAssets/Prefabs/Disc.prefab using Guid(54a010e086d816242aedcc5be9e8b1b5) Importer(2089858483,192608db42251d675da83286b1cce702) (ScriptedImporter) -> (artifact id: '4d4873ebbc215cb08849d6aee4f2b3e6') in 0.0134952 seconds
Number of updated asset objects reloaded before import = 0Number of asset objects unloaded after import = 31

========================================================================
Received Import Request.
  Time since last request: 0.000016 seconds.
  path: Assets/Samples/XR Interaction Toolkit/3.2.2/Hands Interaction Demo/HandsDemoSceneAssets/Prefabs/Cube.prefab
  artifactKey: Guid(f5afcb7f49afad5419049090809f5cc7) Importer(2089858483,192608db42251d675da83286b1cce702)
Start importing Assets/Samples/XR Interaction Toolkit/3.2.2/Hands Interaction Demo/HandsDemoSceneAssets/Prefabs/Cube.prefab using Guid(f5afcb7f49afad5419049090809f5cc7) Importer(2089858483,192608db42251d675da83286b1cce702) (ScriptedImporter) -> (artifact id: 'f932bcd63a6f18d1be40c70781df70c3') in 0.0141434 seconds
Number of updated asset objects reloaded before import = 0Number of asset objects unloaded after import = 25

========================================================================
Received Import Request.
  Time since last request: 0.000020 seconds.
  path: Assets/Samples/XR Interaction Toolkit/3.2.2/Hands Interaction Demo/HandsDemoSceneAssets/Prefabs/PawnController.prefab
  artifactKey: Guid(a5f97d75a3184ad46aef39618607e083) Importer(2089858483,192608db42251d675da83286b1cce702)
Start importing Assets/Samples/XR Interaction Toolkit/3.2.2/Hands Interaction Demo/HandsDemoSceneAssets/Prefabs/PawnController.prefab using Guid(a5f97d75a3184ad46aef39618607e083) Importer(2089858483,192608db42251d675da83286b1cce702) (ScriptedImporter) -> (artifact id: '2efaf6a334fc2d11936f5629aff828da') in 0.0474329 seconds
Number of updated asset objects reloaded before import = 0Number of asset objects unloaded after import = 29

========================================================================
Received Import Request.
  Time since last request: 0.000023 seconds.
  path: Assets/Samples/XR Interaction Toolkit/3.2.2/Starter Assets/DemoSceneAssets/Materials/Concrete Dark Blue.mat
  artifactKey: Guid(bbb56ac3cf3c61a46ab3887c0fdbda8f) Importer(2089858483,192608db42251d675da83286b1cce702)
Start importing Assets/Samples/XR Interaction Toolkit/3.2.2/Starter Assets/DemoSceneAssets/Materials/Concrete Dark Blue.mat using Guid(bbb56ac3cf3c61a46ab3887c0fdbda8f) Importer(2089858483,192608db42251d675da83286b1cce702) (ScriptedImporter) -> (artifact id: '85dd05652bd471622f5178f337f56004') in 0.0076965 seconds
Number of updated asset objects reloaded before import = 0Number of asset objects unloaded after import = 3

========================================================================
Received Import Request.
  Time since last request: 0.000025 seconds.
  path: Assets/Samples/XR Interaction Toolkit/3.2.2/Hands Interaction Demo/HandsDemoSceneAssets/Prefabs/AudioAffordance.prefab
  artifactKey: Guid(1c54cdd9a14d96049a8d37d422bd0e17) Importer(2089858483,192608db42251d675da83286b1cce702)
Start importing Assets/Samples/XR Interaction Toolkit/3.2.2/Hands Interaction Demo/HandsDemoSceneAssets/Prefabs/AudioAffordance.prefab using Guid(1c54cdd9a14d96049a8d37d422bd0e17) Importer(2089858483,192608db42251d675da83286b1cce702) (ScriptedImporter) -> (artifact id: 'c44fd29525d67594b043be28eab8dcd5') in 0.0154027 seconds
Number of updated asset objects reloaded before import = 0Number of asset objects unloaded after import = 9

========================================================================
Received Import Request.
  Time since last request: 0.000016 seconds.
  path: Assets/Samples/XR Interaction Toolkit/3.2.2/Hands Interaction Demo/HandsDemoSceneAssets/Scripts/ToggleGameObject.cs
  artifactKey: Guid(646ef16ad2fbd1944b40157feffe8574) Importer(2089858483,192608db42251d675da83286b1cce702)
Start importing Assets/Samples/XR Interaction Toolkit/3.2.2/Hands Interaction Demo/HandsDemoSceneAssets/Scripts/ToggleGameObject.cs using Guid(646ef16ad2fbd1944b40157feffe8574) Importer(2089858483,192608db42251d675da83286b1cce702) (ScriptedImporter) -> (artifact id: 'e987e394caaa21d7f778aa5ddede4790') in 0.0036095 seconds
Number of updated asset objects reloaded before import = 0Number of asset objects unloaded after import = 0

========================================================================
Received Import Request.
  Time since last request: 0.000014 seconds.
  path: Assets/Samples/XR Interaction Toolkit/3.2.2/XR Device Simulator/Hand Expression Captures/Pinch Expression Capture.asset
  artifactKey: Guid(d6e15a52475c2564ca7d2977fdece24a) Importer(2089858483,192608db42251d675da83286b1cce702)
Start importing Assets/Samples/XR Interaction Toolkit/3.2.2/XR Device Simulator/Hand Expression Captures/Pinch Expression Capture.asset using Guid(d6e15a52475c2564ca7d2977fdece24a) Importer(2089858483,192608db42251d675da83286b1cce702) (ScriptedImporter) -> (artifact id: '41fea7bce67c0533bc171972ffd9bdd0') in 0.0057949 seconds
Number of updated asset objects reloaded before import = 0Number of asset objects unloaded after import = 2

========================================================================
Received Import Request.
  Time since last request: 0.000013 seconds.
  path: Assets/Samples/XR Interaction Toolkit/3.2.2/Hands Interaction Demo/HandsDemoSceneAssets/Materials/Table Surface.mat
  artifactKey: Guid(6c72d2d2ead00e54db4b71b27ffb03d4) Importer(2089858483,192608db42251d675da83286b1cce702)
Start importing Assets/Samples/XR Interaction Toolkit/3.2.2/Hands Interaction Demo/HandsDemoSceneAssets/Materials/Table Surface.mat using Guid(6c72d2d2ead00e54db4b71b27ffb03d4) Importer(2089858483,192608db42251d675da83286b1cce702) (ScriptedImporter) -> (artifact id: 'e253d6cf096a77659fb964de504ff5ce') in 0.0058064 seconds
Number of updated asset objects reloaded before import = 0Number of asset objects unloaded after import = 1

========================================================================
Received Import Request.
  Time since last request: 0.000017 seconds.
  path: Assets/Samples/XR Interaction Toolkit/3.2.2/Starter Assets/DemoSceneAssets/Materials/Lit White.mat
  artifactKey: Guid(fc226930e8fad4c499969204cecfbc05) Importer(2089858483,192608db42251d675da83286b1cce702)
Start importing Assets/Samples/XR Interaction Toolkit/3.2.2/Starter Assets/DemoSceneAssets/Materials/Lit White.mat using Guid(fc226930e8fad4c499969204cecfbc05) Importer(2089858483,192608db42251d675da83286b1cce702) (ScriptedImporter) -> (artifact id: '3a9a597f09c0695119dacd998a4fa34d') in 0.0718839 seconds
Number of updated asset objects reloaded before import = 0Number of asset objects unloaded after import = 2

========================================================================
Received Import Request.
  Time since last request: 0.000019 seconds.
  path: Assets/Samples/XR Interaction Toolkit/3.2.2/Starter Assets/DemoSceneAssets/Prefabs/UI Sample.prefab
  artifactKey: Guid(fd28f23af44f73f4a95e33435872ad15) Importer(2089858483,192608db42251d675da83286b1cce702)
Start importing Assets/Samples/XR Interaction Toolkit/3.2.2/Starter Assets/DemoSceneAssets/Prefabs/UI Sample.prefab using Guid(fd28f23af44f73f4a95e33435872ad15) Importer(2089858483,192608db42251d675da83286b1cce702) (ScriptedImporter) -> (artifact id: '6532e9b220ff47f8e620829760e0a254') in 0.0182342 seconds
Number of updated asset objects reloaded before import = 0Number of asset objects unloaded after import = 309

========================================================================
Received Import Request.
  Time since last request: 0.000025 seconds.
  path: Assets/Samples/XR Interaction Toolkit/3.2.2/Starter Assets/DemoSceneAssets/Models/Primitive_Blaster.fbx
  artifactKey: Guid(e8cf87fef9298444ca38948b2c8a4073) Importer(2089858483,192608db42251d675da83286b1cce702)
Start importing Assets/Samples/XR Interaction Toolkit/3.2.2/Starter Assets/DemoSceneAssets/Models/Primitive_Blaster.fbx using Guid(e8cf87fef9298444ca38948b2c8a4073) Importer(2089858483,192608db42251d675da83286b1cce702) (ScriptedImporter) -> (artifact id: '91a171f48659b2bd45d58099e03a16e7') in 0.0117881 seconds
Number of updated asset objects reloaded before import = 0Number of asset objects unloaded after import = 9

========================================================================
Received Import Request.
  Time since last request: 0.000015 seconds.
  path: Assets/Samples/XR Interaction Toolkit/3.2.2/Starter Assets/DemoSceneAssets/Settings/TeleportDestinationSettings.asset
  artifactKey: Guid(8d66c9762e1587643a1164368c8a2c58) Importer(2089858483,192608db42251d675da83286b1cce702)
Start importing Assets/Samples/XR Interaction Toolkit/3.2.2/Starter Assets/DemoSceneAssets/Settings/TeleportDestinationSettings.asset using Guid(8d66c9762e1587643a1164368c8a2c58) Importer(2089858483,192608db42251d675da83286b1cce702) (ScriptedImporter) -> (artifact id: '4a67037a7da8dc265ccaf68108b0bf72') in 0.0081986 seconds
Number of updated asset objects reloaded before import = 0Number of asset objects unloaded after import = 2

========================================================================
Received Import Request.
  Time since last request: 0.000018 seconds.
  path: Assets/Samples/XR Interaction Toolkit/3.2.2/Starter Assets/DemoSceneAssets/Sprites/Circle_60x60 Outline 4.png
  artifactKey: Guid(2f8349570a152884fb6cf7ebdc8c18b3) Importer(2089858483,192608db42251d675da83286b1cce702)
Start importing Assets/Samples/XR Interaction Toolkit/3.2.2/Starter Assets/DemoSceneAssets/Sprites/Circle_60x60 Outline 4.png using Guid(2f8349570a152884fb6cf7ebdc8c18b3) Importer(2089858483,192608db42251d675da83286b1cce702) (ScriptedImporter) -> (artifact id: 'c74f337538691dfad90c79fa5fbcb323') in 0.012898 seconds
Number of updated asset objects reloaded before import = 0Number of asset objects unloaded after import = 3

========================================================================
Received Import Request.
  Time since last request: 0.000018 seconds.
  path: Assets/Samples/XR Interaction Toolkit/3.2.2/Starter Assets/DemoSceneAssets/Models/Primitive_Tapered_Cylinder.fbx
  artifactKey: Guid(e3493855a112e8248a2ea2c9828a51a1) Importer(2089858483,192608db42251d675da83286b1cce702)
Start importing Assets/Samples/XR Interaction Toolkit/3.2.2/Starter Assets/DemoSceneAssets/Models/Primitive_Tapered_Cylinder.fbx using Guid(e3493855a112e8248a2ea2c9828a51a1) Importer(2089858483,192608db42251d675da83286b1cce702) (ScriptedImporter) -> (artifact id: '6ada3cf213ce04f7c1acea8aaa0adb0d') in 0.0181107 seconds
Number of updated asset objects reloaded before import = 0Number of asset objects unloaded after import = 9

========================================================================
Received Import Request.
  Time since last request: 0.000020 seconds.
  path: Assets/Samples/XR Interaction Toolkit/3.2.2/Starter Assets/DemoSceneAssets/Prefabs/Poke Interactions Sample.prefab
  artifactKey: Guid(88246f8e9c3765d49be8da34eca3c630) Importer(2089858483,192608db42251d675da83286b1cce702)
Start importing Assets/Samples/XR Interaction Toolkit/3.2.2/Starter Assets/DemoSceneAssets/Prefabs/Poke Interactions Sample.prefab using Guid(88246f8e9c3765d49be8da34eca3c630) Importer(2089858483,192608db42251d675da83286b1cce702) (ScriptedImporter) -> (artifact id: 'f5fb61a0728b4a4b7089879e0c3e3f20') in 0.0095083 seconds
Number of updated asset objects reloaded before import = 0Number of asset objects unloaded after import = 108

========================================================================
Received Import Request.
  Time since last request: 0.000024 seconds.
  path: Assets/Samples/XR Interaction Toolkit/3.2.2/Starter Assets/DemoSceneAssets/Sprites/Checkmark.png
  artifactKey: Guid(db3e7b7c8db355e499429545071a0321) Importer(2089858483,192608db42251d675da83286b1cce702)
Start importing Assets/Samples/XR Interaction Toolkit/3.2.2/Starter Assets/DemoSceneAssets/Sprites/Checkmark.png using Guid(db3e7b7c8db355e499429545071a0321) Importer(2089858483,192608db42251d675da83286b1cce702) (ScriptedImporter) -> (artifact id: 'b26b4d16300ca2cd61e297100a23ee26') in 0.0105811 seconds
Number of updated asset objects reloaded before import = 0Number of asset objects unloaded after import = 3

========================================================================
Received Import Request.
  Time since last request: 0.000018 seconds.
  path: Assets/Samples/XR Interaction Toolkit/3.2.2/Hands Interaction Demo/HandsDemoSceneAssets/Prefabs/TableHandle.prefab
  artifactKey: Guid(ed5fdb8d3e523e94ca6d8a239d40615a) Importer(2089858483,192608db42251d675da83286b1cce702)
Start importing Assets/Samples/XR Interaction Toolkit/3.2.2/Hands Interaction Demo/HandsDemoSceneAssets/Prefabs/TableHandle.prefab using Guid(ed5fdb8d3e523e94ca6d8a239d40615a) Importer(2089858483,192608db42251d675da83286b1cce702) (ScriptedImporter) -> (artifact id: 'f02985729af6fa88f145b26a71ebdbc4') in 0.0240996 seconds
Number of updated asset objects reloaded before import = 0Number of asset objects unloaded after import = 45

========================================================================
Received Import Request.
  Time since last request: 0.000040 seconds.
  path: Assets/Samples/XR Interaction Toolkit/3.2.2/XR Device Simulator/UI/Controller/ControllerRight.png
  artifactKey: Guid(17c263f6077f14b218b13656aacd9551) Importer(2089858483,192608db42251d675da83286b1cce702)
Start importing Assets/Samples/XR Interaction Toolkit/3.2.2/XR Device Simulator/UI/Controller/ControllerRight.png using Guid(17c263f6077f14b218b13656aacd9551) Importer(2089858483,192608db42251d675da83286b1cce702) (ScriptedImporter) -> (artifact id: '79512fd1e4e525a97de69096758caba1') in 0.0125482 seconds
Number of updated asset objects reloaded before import = 0Number of asset objects unloaded after import = 3

========================================================================
Received Import Request.
  Time since last request: 0.000016 seconds.
  path: Assets/Samples/XR Interaction Toolkit/3.2.2/XR Device Simulator/UI/Controller/ControllerLeft.png
  artifactKey: Guid(10abf1be8eef148d4aa4b96b2af7a9f0) Importer(2089858483,192608db42251d675da83286b1cce702)
Start importing Assets/Samples/XR Interaction Toolkit/3.2.2/XR Device Simulator/UI/Controller/ControllerLeft.png using Guid(10abf1be8eef148d4aa4b96b2af7a9f0) Importer(2089858483,192608db42251d675da83286b1cce702) (ScriptedImporter) -> (artifact id: 'ab7308bea5388b5e9650b793e8b3487b') in 0.0105169 seconds
Number of updated asset objects reloaded before import = 0Number of asset objects unloaded after import = 3

========================================================================
Received Import Request.
  Time since last request: 0.000022 seconds.
  path: Assets/Samples/XR Interaction Toolkit/3.2.2/Starter Assets/DemoSceneAssets/Sprites/Round Radius 4.png
  artifactKey: Guid(affa059594145a843b81788037b4ee21) Importer(2089858483,192608db42251d675da83286b1cce702)
Start importing Assets/Samples/XR Interaction Toolkit/3.2.2/Starter Assets/DemoSceneAssets/Sprites/Round Radius 4.png using Guid(affa059594145a843b81788037b4ee21) Importer(2089858483,192608db42251d675da83286b1cce702) (ScriptedImporter) -> (artifact id: 'd835e1eb0795c8e9c8039bffb0a1c91f') in 0.0106489 seconds
Number of updated asset objects reloaded before import = 0Number of asset objects unloaded after import = 3

========================================================================
Received Import Request.
  Time since last request: 0.000031 seconds.
  path: Assets/Samples/XR Interaction Toolkit/3.2.2/Starter Assets/Prefabs/Affordances/HighlightInteractionAffordance.prefab
  artifactKey: Guid(6b12f432fa58c224baf0d659706362be) Importer(2089858483,192608db42251d675da83286b1cce702)
Start importing Assets/Samples/XR Interaction Toolkit/3.2.2/Starter Assets/Prefabs/Affordances/HighlightInteractionAffordance.prefab using Guid(6b12f432fa58c224baf0d659706362be) Importer(2089858483,192608db42251d675da83286b1cce702) (ScriptedImporter) -> (artifact id: 'e350347110ee9530688bb99f7d8e13dc') in 0.0497602 seconds
Number of updated asset objects reloaded before import = 0Number of asset objects unloaded after import = 12

========================================================================
Received Import Request.
  Time since last request: 0.000017 seconds.
  path: Assets/Samples/XR Interaction Toolkit/3.2.2/Starter Assets/Prefabs/Affordances/PokePointerAffordance.prefab
  artifactKey: Guid(bb91fcbcb3cc896468b372b1c762bfab) Importer(2089858483,192608db42251d675da83286b1cce702)
Start importing Assets/Samples/XR Interaction Toolkit/3.2.2/Starter Assets/Prefabs/Affordances/PokePointerAffordance.prefab using Guid(bb91fcbcb3cc896468b372b1c762bfab) Importer(2089858483,192608db42251d675da83286b1cce702) (ScriptedImporter) -> (artifact id: '9d37efb8fcda1c7d90283794855e4b4f') in 0.0071982 seconds
Number of updated asset objects reloaded before import = 0Number of asset objects unloaded after import = 15

========================================================================
Received Import Request.
  Time since last request: 0.000016 seconds.
  path: Assets/Samples/XR Interaction Toolkit/3.2.2/Starter Assets/Prefabs/Interactors/Gaze Interactor.prefab
  artifactKey: Guid(b84cd05e1160fe34cab2585022c8cd99) Importer(2089858483,192608db42251d675da83286b1cce702)
Start importing Assets/Samples/XR Interaction Toolkit/3.2.2/Starter Assets/Prefabs/Interactors/Gaze Interactor.prefab using Guid(b84cd05e1160fe34cab2585022c8cd99) Importer(2089858483,192608db42251d675da83286b1cce702) (ScriptedImporter) -> (artifact id: 'efb836dbfed0f26e2eb8412fd0a60a79') in 0.1075631 seconds
Number of updated asset objects reloaded before import = 0Number of asset objects unloaded after import = 12

========================================================================
Received Import Request.
  Time since last request: 0.000020 seconds.
  path: Assets/Samples/XR Interaction Toolkit/3.2.2/Starter Assets/Prefabs/Interactors/Right_NearFarInteractor.prefab
  artifactKey: Guid(b200f6587d118224eba8467281481800) Importer(2089858483,192608db42251d675da83286b1cce702)
Start importing Assets/Samples/XR Interaction Toolkit/3.2.2/Starter Assets/Prefabs/Interactors/Right_NearFarInteractor.prefab using Guid(b200f6587d118224eba8467281481800) Importer(2089858483,192608db42251d675da83286b1cce702) (ScriptedImporter) -> (artifact id: '8b5e45c836ffecf0da0f2b9d1133974d') in 0.0791281 seconds
Number of updated asset objects reloaded before import = 0Number of asset objects unloaded after import = 46

========================================================================
Received Import Request.
  Time since last request: 0.000026 seconds.
  path: Assets/Samples/XR Interaction Toolkit/3.2.2/XR Device Simulator/UI/Head/HMDOverlay.png
  artifactKey: Guid(fb2db2f40ceaf458085c82fc17cfe800) Importer(2089858483,192608db42251d675da83286b1cce702)
Start importing Assets/Samples/XR Interaction Toolkit/3.2.2/XR Device Simulator/UI/Head/HMDOverlay.png using Guid(fb2db2f40ceaf458085c82fc17cfe800) Importer(2089858483,192608db42251d675da83286b1cce702) (ScriptedImporter) -> (artifact id: 'df0390ed9b6f57f6bd6fad0bb357c28e') in 0.0136029 seconds
Number of updated asset objects reloaded before import = 0Number of asset objects unloaded after import = 3

========================================================================
Received Import Request.
  Time since last request: 0.000046 seconds.
  path: Assets/Samples/XR Interaction Toolkit/3.2.2/XR Device Simulator/UI/Hands/Hand_Poke.png
  artifactKey: Guid(a2586e6b399337f409118c79273dc29d) Importer(2089858483,192608db42251d675da83286b1cce702)
Start importing Assets/Samples/XR Interaction Toolkit/3.2.2/XR Device Simulator/UI/Hands/Hand_Poke.png using Guid(a2586e6b399337f409118c79273dc29d) Importer(2089858483,192608db42251d675da83286b1cce702) (ScriptedImporter) -> (artifact id: '59f72475f8ac7a5d97475ea54663bf4a') in 0.0112002 seconds
Number of updated asset objects reloaded before import = 0Number of asset objects unloaded after import = 3

========================================================================
Received Import Request.
  Time since last request: 0.000019 seconds.
  path: Assets/Samples/XR Interaction Toolkit/3.2.2/XR Device Simulator/UI/Hands/Hand_Pinch.png
  artifactKey: Guid(a6721511441c05a43964dac58584c890) Importer(2089858483,192608db42251d675da83286b1cce702)
Start importing Assets/Samples/XR Interaction Toolkit/3.2.2/XR Device Simulator/UI/Hands/Hand_Pinch.png using Guid(a6721511441c05a43964dac58584c890) Importer(2089858483,192608db42251d675da83286b1cce702) (ScriptedImporter) -> (artifact id: '34fb732c9a5c969162affbb65233a995') in 0.0115793 seconds
Number of updated asset objects reloaded before import = 0Number of asset objects unloaded after import = 3

========================================================================
Received Import Request.
  Time since last request: 0.000016 seconds.
  path: Assets/Samples/XR Interaction Toolkit/3.2.2/XR Device Simulator/UI/General/btn_bgbottom.png
  artifactKey: Guid(89cb99e3e22696848a1cbce7b320f520) Importer(2089858483,192608db42251d675da83286b1cce702)
Start importing Assets/Samples/XR Interaction Toolkit/3.2.2/XR Device Simulator/UI/General/btn_bgbottom.png using Guid(89cb99e3e22696848a1cbce7b320f520) Importer(2089858483,192608db42251d675da83286b1cce702) (ScriptedImporter) -> (artifact id: 'c48e0038e5aceb2c23fb20c36a5b9bcf') in 0.0105179 seconds
Number of updated asset objects reloaded before import = 0Number of asset objects unloaded after import = 3

========================================================================
Received Import Request.
  Time since last request: 0.000016 seconds.
  path: Assets/Samples/XR Interaction Toolkit/3.2.2/XR Device Simulator/UI/General/Unlocked.png
  artifactKey: Guid(f01f3bb228b3b4251a04e2036212d115) Importer(2089858483,192608db42251d675da83286b1cce702)
Start importing Assets/Samples/XR Interaction Toolkit/3.2.2/XR Device Simulator/UI/General/Unlocked.png using Guid(f01f3bb228b3b4251a04e2036212d115) Importer(2089858483,192608db42251d675da83286b1cce702) (ScriptedImporter) -> (artifact id: '586fda1d2eda161cbdd011caea4d654a') in 0.0138475 seconds
Number of updated asset objects reloaded before import = 0Number of asset objects unloaded after import = 3

========================================================================
Received Import Request.
  Time since last request: 0.000025 seconds.
  path: Assets/Samples/XR Interaction Toolkit/3.2.2/XR Device Simulator/UI/Hands/Hand_Fist.png
  artifactKey: Guid(a6e9e9736379c164e81fdfd2c806a91c) Importer(2089858483,192608db42251d675da83286b1cce702)
Start importing Assets/Samples/XR Interaction Toolkit/3.2.2/XR Device Simulator/UI/Hands/Hand_Fist.png using Guid(a6e9e9736379c164e81fdfd2c806a91c) Importer(2089858483,192608db42251d675da83286b1cce702) (ScriptedImporter) -> (artifact id: 'd90468427d704c5691fc92100fbf4508') in 0.0160341 seconds
Number of updated asset objects reloaded before import = 0Number of asset objects unloaded after import = 3

========================================================================
Received Import Request.
  Time since last request: 0.000015 seconds.
  path: Assets/Samples/XR Interaction Toolkit/3.2.2/Starter Assets/Prefabs/Interactors/Direct Interactor.prefab
  artifactKey: Guid(2fd3e07afe5b461490fb8e314976b1b0) Importer(2089858483,192608db42251d675da83286b1cce702)
Start importing Assets/Samples/XR Interaction Toolkit/3.2.2/Starter Assets/Prefabs/Interactors/Direct Interactor.prefab using Guid(2fd3e07afe5b461490fb8e314976b1b0) Importer(2089858483,192608db42251d675da83286b1cce702) (ScriptedImporter) -> (artifact id: '9850d675eb7850a4cdf5954cb821dd36') in 0.0253225 seconds
Number of updated asset objects reloaded before import = 0Number of asset objects unloaded after import = 8

========================================================================
Received Import Request.
  Time since last request: 0.000017 seconds.
  path: Assets/Samples/XR Interaction Toolkit/3.2.2/Hands Interaction Demo/HandsDemoSceneAssets/Models/Primitives/Cube.fbx
  artifactKey: Guid(7cf3ac7bcd2e5471fb54d5f5da9aad56) Importer(2089858483,192608db42251d675da83286b1cce702)
Start importing Assets/Samples/XR Interaction Toolkit/3.2.2/Hands Interaction Demo/HandsDemoSceneAssets/Models/Primitives/Cube.fbx using Guid(7cf3ac7bcd2e5471fb54d5f5da9aad56) Importer(2089858483,192608db42251d675da83286b1cce702) (ScriptedImporter) -> (artifact id: '22d9f86848025b68d6ac6e7002d2f3cb') in 0.010482 seconds
Number of updated asset objects reloaded before import = 0Number of asset objects unloaded after import = 8

========================================================================
Received Import Request.
  Time since last request: 0.000017 seconds.
  path: Assets/Samples/XR Interaction Toolkit/3.2.2/Hands Interaction Demo/HandsDemoSceneAssets/Prefabs/UI/ButtonHandMenu.prefab
  artifactKey: Guid(e2698219e3231e94c8765d49b9dd5cff) Importer(2089858483,192608db42251d675da83286b1cce702)
Start importing Assets/Samples/XR Interaction Toolkit/3.2.2/Hands Interaction Demo/HandsDemoSceneAssets/Prefabs/UI/ButtonHandMenu.prefab using Guid(e2698219e3231e94c8765d49b9dd5cff) Importer(2089858483,192608db42251d675da83286b1cce702) (ScriptedImporter) -> (artifact id: '3b345fa8e94b5145442b50e0f2256a48') in 0.0146317 seconds
Number of updated asset objects reloaded before import = 0Number of asset objects unloaded after import = 272

========================================================================
Received Import Request.
  Time since last request: 0.000018 seconds.
  path: Assets/Samples/XR Interaction Toolkit/3.2.2/Hands Interaction Demo/HandsDemoSceneAssets/Prefabs/UI/ScrollHandMenu.prefab
  artifactKey: Guid(30194602712a0eb4980318e2379d1bb8) Importer(2089858483,192608db42251d675da83286b1cce702)
Start importing Assets/Samples/XR Interaction Toolkit/3.2.2/Hands Interaction Demo/HandsDemoSceneAssets/Prefabs/UI/ScrollHandMenu.prefab using Guid(30194602712a0eb4980318e2379d1bb8) Importer(2089858483,192608db42251d675da83286b1cce702) (ScriptedImporter) -> (artifact id: 'e4f82fbd49a2dec3b84a253a8e3a552c') in 0.060035 seconds
Number of updated asset objects reloaded before import = 0Number of asset objects unloaded after import = 243

========================================================================
Received Import Request.
  Time since last request: 0.000033 seconds.
  path: Assets/Samples/XR Interaction Toolkit/3.2.2/Starter Assets/DemoSceneAssets/Prefabs/Climb/Climbing Wall.prefab
  artifactKey: Guid(a0ea40bd139aedc43b0e8374d6139437) Importer(2089858483,192608db42251d675da83286b1cce702)
Start importing Assets/Samples/XR Interaction Toolkit/3.2.2/Starter Assets/DemoSceneAssets/Prefabs/Climb/Climbing Wall.prefab using Guid(a0ea40bd139aedc43b0e8374d6139437) Importer(2089858483,192608db42251d675da83286b1cce702) (ScriptedImporter) -> (artifact id: '456d81af39927d4b4f9660c0a23169da') in 0.0129199 seconds
Number of updated asset objects reloaded before import = 0Number of asset objects unloaded after import = 345

========================================================================
Received Import Request.
  Time since last request: 0.000022 seconds.
  path: Assets/Samples/XR Interaction Toolkit/3.2.2/XR Device Simulator/UI/Head/xr_hmd.png
  artifactKey: Guid(08548d5ac6b7bc64da0b332636c5cc91) Importer(2089858483,192608db42251d675da83286b1cce702)
Start importing Assets/Samples/XR Interaction Toolkit/3.2.2/XR Device Simulator/UI/Head/xr_hmd.png using Guid(08548d5ac6b7bc64da0b332636c5cc91) Importer(2089858483,192608db42251d675da83286b1cce702) (ScriptedImporter) -> (artifact id: '9ebcefe6975034e0cb97615e7ae34ef7') in 0.0133643 seconds
Number of updated asset objects reloaded before import = 0Number of asset objects unloaded after import = 3

========================================================================
Received Import Request.
  Time since last request: 0.000017 seconds.
  path: Assets/Samples/XR Interaction Toolkit/3.2.2/Hands Interaction Demo/HandsDemoSceneAssets/Prefabs/UI/ScrollViewItem.prefab
  artifactKey: Guid(6ef6ed42ad21b2e44bf9d63455bfebd9) Importer(2089858483,192608db42251d675da83286b1cce702)
Start importing Assets/Samples/XR Interaction Toolkit/3.2.2/Hands Interaction Demo/HandsDemoSceneAssets/Prefabs/UI/ScrollViewItem.prefab using Guid(6ef6ed42ad21b2e44bf9d63455bfebd9) Importer(2089858483,192608db42251d675da83286b1cce702) (ScriptedImporter) -> (artifact id: '2143940b376edb4a89190766be2531e8') in 0.0534983 seconds
Number of updated asset objects reloaded before import = 0Number of asset objects unloaded after import = 21

========================================================================
Received Import Request.
  Time since last request: 0.000030 seconds.
  path: Assets/Samples/XR Interaction Toolkit/3.2.2/XR Device Simulator/UI/General/CycleXRDevices.png
  artifactKey: Guid(731e7aed8e9f540ac8bf2a7b66abdaf6) Importer(2089858483,192608db42251d675da83286b1cce702)
Start importing Assets/Samples/XR Interaction Toolkit/3.2.2/XR Device Simulator/UI/General/CycleXRDevices.png using Guid(731e7aed8e9f540ac8bf2a7b66abdaf6) Importer(2089858483,192608db42251d675da83286b1cce702) (ScriptedImporter) -> (artifact id: '0f900bbca068d0bf22fbdcbf27e37e57') in 0.0110752 seconds
Number of updated asset objects reloaded before import = 0Number of asset objects unloaded after import = 3

========================================================================
Received Import Request.
  Time since last request: 0.000029 seconds.
  path: Assets/Samples/XR Interaction Toolkit/3.2.2/XR Device Simulator/UI/Hands/Hand_Thumb.png
  artifactKey: Guid(3b2e62babc5249f42921c2cd027852cd) Importer(2089858483,192608db42251d675da83286b1cce702)
Start importing Assets/Samples/XR Interaction Toolkit/3.2.2/XR Device Simulator/UI/Hands/Hand_Thumb.png using Guid(3b2e62babc5249f42921c2cd027852cd) Importer(2089858483,192608db42251d675da83286b1cce702) (ScriptedImporter) -> (artifact id: '0c3ce87c7a16614152a49b9f98fe0f38') in 0.0093255 seconds
Number of updated asset objects reloaded before import = 0Number of asset objects unloaded after import = 3

========================================================================
Received Import Request.
  Time since last request: 0.000029 seconds.
  path: Assets/Samples/XR Interaction Toolkit/3.2.2/Starter Assets/DemoSceneAssets/Prefabs/UI/Dropdown.prefab
  artifactKey: Guid(870459f1cb8d7b7428337cc5935feb67) Importer(2089858483,192608db42251d675da83286b1cce702)
Start importing Assets/Samples/XR Interaction Toolkit/3.2.2/Starter Assets/DemoSceneAssets/Prefabs/UI/Dropdown.prefab using Guid(870459f1cb8d7b7428337cc5935feb67) Importer(2089858483,192608db42251d675da83286b1cce702) (ScriptedImporter) -> (artifact id: 'e35c415ee83f6a115a5fcdf4b131d782') in 0.0283527 seconds
Number of updated asset objects reloaded before import = 0Number of asset objects unloaded after import = 61

========================================================================
Received Import Request.
  Time since last request: 0.000016 seconds.
  path: Assets/Samples/XR Interaction Toolkit/3.2.2/Starter Assets/DemoSceneAssets/Prefabs/Teleport/Snap Teleport Anchor.prefab
  artifactKey: Guid(037ba65d346be2a48ad006b9a9a3873e) Importer(2089858483,192608db42251d675da83286b1cce702)
Start importing Assets/Samples/XR Interaction Toolkit/3.2.2/Starter Assets/DemoSceneAssets/Prefabs/Teleport/Snap Teleport Anchor.prefab using Guid(037ba65d346be2a48ad006b9a9a3873e) Importer(2089858483,192608db42251d675da83286b1cce702) (ScriptedImporter) -> (artifact id: '6f0be72cecafce085d461c967b934f92') in 0.023406 seconds
Number of updated asset objects reloaded before import = 0Number of asset objects unloaded after import = 37

========================================================================
Received Import Request.
  Time since last request: 0.000016 seconds.
  path: Assets/Samples/XR Interaction Toolkit/3.2.2/Starter Assets/DemoSceneAssets/Prefabs/Climb/Single Floor Ladder.prefab
  artifactKey: Guid(1f62bdd0e59688d4bb754afe89fa2f5a) Importer(2089858483,192608db42251d675da83286b1cce702)
Start importing Assets/Samples/XR Interaction Toolkit/3.2.2/Starter Assets/DemoSceneAssets/Prefabs/Climb/Single Floor Ladder.prefab using Guid(1f62bdd0e59688d4bb754afe89fa2f5a) Importer(2089858483,192608db42251d675da83286b1cce702) (ScriptedImporter) -> (artifact id: 'da32f7cdfea2315a7fe36a335455d768') in 0.0130346 seconds
Number of updated asset objects reloaded before import = 0Number of asset objects unloaded after import = 198

========================================================================
Received Import Request.
  Time since last request: 0.000019 seconds.
  path: Assets/Samples/XR Interaction Toolkit/3.2.2/Starter Assets/DemoSceneAssets/Prefabs/Interactables/Blaser-Long.prefab
  artifactKey: Guid(fe7fcf44eedd467489de26ce92577bc3) Importer(2089858483,192608db42251d675da83286b1cce702)
Start importing Assets/Samples/XR Interaction Toolkit/3.2.2/Starter Assets/DemoSceneAssets/Prefabs/Interactables/Blaser-Long.prefab using Guid(fe7fcf44eedd467489de26ce92577bc3) Importer(2089858483,192608db42251d675da83286b1cce702) (ScriptedImporter) -> (artifact id: 'b60c74690992252cc6589989b3319a74') in 0.0141529 seconds
Number of updated asset objects reloaded before import = 0Number of asset objects unloaded after import = 35

========================================================================
Received Import Request.
  Time since last request: 0.000025 seconds.
  path: Assets/Samples/XR Interaction Toolkit/3.2.2/Starter Assets/DemoSceneAssets/Prefabs/UI/TextButton.prefab
  artifactKey: Guid(e5db301629853dd4a99835fa70099d79) Importer(2089858483,192608db42251d675da83286b1cce702)
Start importing Assets/Samples/XR Interaction Toolkit/3.2.2/Starter Assets/DemoSceneAssets/Prefabs/UI/TextButton.prefab using Guid(e5db301629853dd4a99835fa70099d79) Importer(2089858483,192608db42251d675da83286b1cce702) (ScriptedImporter) -> (artifact id: '18ee6ac43b9f6ca10d87efad1dac2ca7') in 0.0171715 seconds
Number of updated asset objects reloaded before import = 0Number of asset objects unloaded after import = 24

========================================================================
Received Import Request.
  Time since last request: 0.000016 seconds.
  path: Assets/Samples/XR Interaction Toolkit/3.2.2/Starter Assets/DemoSceneAssets/Prefabs/UI/ModalSingleButton.prefab
  artifactKey: Guid(c24a7635b5761984d81cf6c4aac26e0d) Importer(2089858483,192608db42251d675da83286b1cce702)
Start importing Assets/Samples/XR Interaction Toolkit/3.2.2/Starter Assets/DemoSceneAssets/Prefabs/UI/ModalSingleButton.prefab using Guid(c24a7635b5761984d81cf6c4aac26e0d) Importer(2089858483,192608db42251d675da83286b1cce702) (ScriptedImporter) -> (artifact id: '552e7ab8b7fbebe8f54b348230631c1b') in 0.015872 seconds
Number of updated asset objects reloaded before import = 0Number of asset objects unloaded after import = 40

========================================================================
Received Import Request.
  Time since last request: 0.000014 seconds.
  path: Assets/Samples/XR Interaction Toolkit/3.2.2/Starter Assets/DemoSceneAssets/Prefabs/Interactables/Confetti.prefab
  artifactKey: Guid(7942e6544a2b2ae48bcf988d9aed838d) Importer(2089858483,192608db42251d675da83286b1cce702)
Start importing Assets/Samples/XR Interaction Toolkit/3.2.2/Starter Assets/DemoSceneAssets/Prefabs/Interactables/Confetti.prefab using Guid(7942e6544a2b2ae48bcf988d9aed838d) Importer(2089858483,192608db42251d675da83286b1cce702) (ScriptedImporter) -> (artifact id: '9f18061d06a78af70dbcd6ca3b96ece1') in 0.0212379 seconds
Number of updated asset objects reloaded before import = 0Number of asset objects unloaded after import = 6

========================================================================
Received Import Request.
  Time since last request: 0.000015 seconds.
  path: Assets/Samples/XR Interaction Toolkit/3.2.2/Starter Assets/Shaders/UI-NoZTest.shader
  artifactKey: Guid(a661e7516de55c047905f40ca76fe701) Importer(2089858483,192608db42251d675da83286b1cce702)
Start importing Assets/Samples/XR Interaction Toolkit/3.2.2/Starter Assets/Shaders/UI-NoZTest.shader using Guid(a661e7516de55c047905f40ca76fe701) Importer(2089858483,192608db42251d675da83286b1cce702) (ScriptedImporter) -> (artifact id: 'fea42e9de71f2e704de2b7b7892cc922') in 0.0048374 seconds
Number of updated asset objects reloaded before import = 0Number of asset objects unloaded after import = 1

========================================================================
Received Import Request.
  Time since last request: 0.000019 seconds.
  path: Assets/Samples/XR Interaction Toolkit/3.2.2/XR Device Simulator/UI/Controller/xr_ctlr.png
  artifactKey: Guid(7d7a2f6c5e996e24388af5a8227afdcf) Importer(2089858483,192608db42251d675da83286b1cce702)
Start importing Assets/Samples/XR Interaction Toolkit/3.2.2/XR Device Simulator/UI/Controller/xr_ctlr.png using Guid(7d7a2f6c5e996e24388af5a8227afdcf) Importer(2089858483,192608db42251d675da83286b1cce702) (ScriptedImporter) -> (artifact id: '8ea63ddd9d9e781c5725dd88bfef78ce') in 0.0103766 seconds
Number of updated asset objects reloaded before import = 0Number of asset objects unloaded after import = 3

========================================================================
Received Import Request.
  Time since last request: 0.000031 seconds.
  path: Assets/_Tanks/Prefabs/Environment/Desert/TempleSand02.prefab
  artifactKey: Guid(30234c841c98628429dfa92f8c787f8f) Importer(2089858483,192608db42251d675da83286b1cce702)
Start importing Assets/_Tanks/Prefabs/Environment/Desert/TempleSand02.prefab using Guid(30234c841c98628429dfa92f8c787f8f) Importer(2089858483,192608db42251d675da83286b1cce702) (ScriptedImporter) -> (artifact id: '10ccdfa590dc4d0571b466801a320db3') in 0.0059206 seconds
Number of updated asset objects reloaded before import = 0Number of asset objects unloaded after import = 39

========================================================================
Received Import Request.
  Time since last request: 0.000018 seconds.
  path: Assets/_Tanks/Prefabs/PowerUps/Indicators/DamageReductionIndicator.prefab
  artifactKey: Guid(e8cc447101589584aa7d29b50ce63acc) Importer(2089858483,192608db42251d675da83286b1cce702)
Start importing Assets/_Tanks/Prefabs/PowerUps/Indicators/DamageReductionIndicator.prefab using Guid(e8cc447101589584aa7d29b50ce63acc) Importer(2089858483,192608db42251d675da83286b1cce702) (ScriptedImporter) -> (artifact id: 'c55aaf57c8259efdff416a2f816c9b1c') in 0.0068579 seconds
Number of updated asset objects reloaded before import = 0Number of asset objects unloaded after import = 35

========================================================================
Received Import Request.
  Time since last request: 0.000019 seconds.
  path: Assets/_Tanks/Art/Materials/Environment/Water.mat
  artifactKey: Guid(afcd8de4d9da6a045bd09b4f5cc84fa9) Importer(2089858483,192608db42251d675da83286b1cce702)
Start importing Assets/_Tanks/Art/Materials/Environment/Water.mat using Guid(afcd8de4d9da6a045bd09b4f5cc84fa9) Importer(2089858483,192608db42251d675da83286b1cce702) (ScriptedImporter) -> (artifact id: '9d2e612038addbc38ab336ee02544cff') in 0.0057286 seconds
Number of updated asset objects reloaded before import = 0Number of asset objects unloaded after import = 1

========================================================================
Received Import Request.
  Time since last request: 0.000017 seconds.
  path: Assets/_Tanks/Prefabs/UI/Fonts/Moonscape Demo.otf
  artifactKey: Guid(81b3fcd34d6252f40a0285b10bd00cf2) Importer(2089858483,192608db42251d675da83286b1cce702)
Start importing Assets/_Tanks/Prefabs/UI/Fonts/Moonscape Demo.otf using Guid(81b3fcd34d6252f40a0285b10bd00cf2) Importer(2089858483,192608db42251d675da83286b1cce702) (ScriptedImporter) -> (artifact id: 'e7274324e5e380a9a893ac32943af21a') in 0.0079248 seconds
Number of updated asset objects reloaded before import = 0Number of asset objects unloaded after import = 3

========================================================================
Received Import Request.
  Time since last request: 0.000017 seconds.
  path: Assets/_Tanks/Art/Materials/PowerUps/Powerup_SheildLight.mat
  artifactKey: Guid(b873151825e6b084490728ff7226883e) Importer(2089858483,192608db42251d675da83286b1cce702)
Start importing Assets/_Tanks/Art/Materials/PowerUps/Powerup_SheildLight.mat using Guid(b873151825e6b084490728ff7226883e) Importer(2089858483,192608db42251d675da83286b1cce702) (ScriptedImporter) -> (artifact id: '1ec57529616cdef94b36a35ad1dc141d') in 0.0049641 seconds
Number of updated asset objects reloaded before import = 0Number of asset objects unloaded after import = 1

========================================================================
Received Import Request.
  Time since last request: 0.000018 seconds.
  path: Assets/Samples/XR Hands/1.6.1/HandVisualizer/HandVisualizer.unity
  artifactKey: Guid(ab7acf0d9677fbe4db51bc36647d4fcb) Importer(2089858483,192608db42251d675da83286b1cce702)
Start importing Assets/Samples/XR Hands/1.6.1/HandVisualizer/HandVisualizer.unity using Guid(ab7acf0d9677fbe4db51bc36647d4fcb) Importer(2089858483,192608db42251d675da83286b1cce702) (ScriptedImporter) -> (artifact id: '4baf5b66e49a49431b951a7f8cd084df') in 0.004913 seconds
Number of updated asset objects reloaded before import = 0Number of asset objects unloaded after import = 1

========================================================================
Received Import Request.
  Time since last request: 0.000023 seconds.
  path: Assets/_Tanks/Audio/SFX/EngineIdle.aif
  artifactKey: Guid(4932ab25b84dd7649b80af68a9660ddc) Importer(2089858483,192608db42251d675da83286b1cce702)
Start importing Assets/_Tanks/Audio/SFX/EngineIdle.aif using Guid(4932ab25b84dd7649b80af68a9660ddc) Importer(2089858483,192608db42251d675da83286b1cce702) (ScriptedImporter) -> (artifact id: '23cb7b51b3bbf556efe164d756249ce3') in 0.0558938 seconds
Number of updated asset objects reloaded before import = 0Number of asset objects unloaded after import = 1

========================================================================
Received Import Request.
  Time since last request: 0.000016 seconds.
  path: Assets/Castle imported/Prefab/RoadConstructor/CS_Road_end Variant.prefab
  artifactKey: Guid(469d49deabc630f469048fe157e79e95) Importer(2089858483,192608db42251d675da83286b1cce702)
Start importing Assets/Castle imported/Prefab/RoadConstructor/CS_Road_end Variant.prefab using Guid(469d49deabc630f469048fe157e79e95) Importer(2089858483,192608db42251d675da83286b1cce702) (ScriptedImporter) -> (artifact id: '2ffe30307100eda79e7f4c766ec54a3f') in 0.0073309 seconds
Number of updated asset objects reloaded before import = 0Number of asset objects unloaded after import = 14

========================================================================
Received Import Request.
  Time since last request: 0.000013 seconds.
  path: Assets/_Tanks/Art/Textures/rock 02.png
  artifactKey: Guid(7d4bc7ee71f90f04199bb5dd595ebf40) Importer(2089858483,192608db42251d675da83286b1cce702)
Start importing Assets/_Tanks/Art/Textures/rock 02.png using Guid(7d4bc7ee71f90f04199bb5dd595ebf40) Importer(2089858483,192608db42251d675da83286b1cce702) (ScriptedImporter) -> (artifact id: 'dade26e9a2293de29475fa7514cdd737') in 0.0090822 seconds
Number of updated asset objects reloaded before import = 0Number of asset objects unloaded after import = 1

========================================================================
Received Import Request.
  Time since last request: 0.000015 seconds.
  path: Assets/Castle imported/Prefab/Objects/CS_Rock Variant.prefab
  artifactKey: Guid(518a26c4529df7d4a9177a96529efd61) Importer(2089858483,192608db42251d675da83286b1cce702)
Start importing Assets/Castle imported/Prefab/Objects/CS_Rock Variant.prefab using Guid(518a26c4529df7d4a9177a96529efd61) Importer(2089858483,192608db42251d675da83286b1cce702) (ScriptedImporter) -> (artifact id: 'c4c01f7793ec0d20015b7db6c939a7a2') in 0.0081446 seconds
Number of updated asset objects reloaded before import = 0Number of asset objects unloaded after import = 13

========================================================================
Received Import Request.
  Time since last request: 0.000018 seconds.
  path: Assets/resources/ArcherData.asset
  artifactKey: Guid(99d985cbfec822741b26845a2ea50c48) Importer(2089858483,192608db42251d675da83286b1cce702)
Start importing Assets/resources/ArcherData.asset using Guid(99d985cbfec822741b26845a2ea50c48) Importer(2089858483,192608db42251d675da83286b1cce702) (ScriptedImporter) -> (artifact id: 'b5dab9dbbc83f5c79da065fc2d867cdd') in 0.0064907 seconds
Number of updated asset objects reloaded before import = 0Number of asset objects unloaded after import = 29

========================================================================
Received Import Request.
  Time since last request: 0.000019 seconds.
  path: Assets/resources/Scenes/Main/NavMesh-Teleportation Area.asset
  artifactKey: Guid(94fd895880f42754fbeacec189739155) Importer(2089858483,192608db42251d675da83286b1cce702)
Start importing Assets/resources/Scenes/Main/NavMesh-Teleportation Area.asset using Guid(94fd895880f42754fbeacec189739155) Importer(2089858483,192608db42251d675da83286b1cce702) (ScriptedImporter) -> (artifact id: 'a457262227ca3f077437a7abcd5eee66') in 0.0053149 seconds
Number of updated asset objects reloaded before import = 0Number of asset objects unloaded after import = 1

========================================================================
Received Import Request.
  Time since last request: 0.000014 seconds.
  path: Assets/_Tanks/Art/Models/Environment/RockyPath.FBX
  artifactKey: Guid(c530d9543836c5544850c1b703a2ccd8) Importer(2089858483,192608db42251d675da83286b1cce702)
Start importing Assets/_Tanks/Art/Models/Environment/RockyPath.FBX using Guid(c530d9543836c5544850c1b703a2ccd8) Importer(2089858483,192608db42251d675da83286b1cce702) (ScriptedImporter) -> (artifact id: '544adaea454b52b02f9f5e2760bd8d67') in 0.0105959 seconds
Number of updated asset objects reloaded before import = 0Number of asset objects unloaded after import = 7

========================================================================
Received Import Request.
  Time since last request: 0.000014 seconds.
  path: Assets/resources/Scenes/final 2.unity
  artifactKey: Guid(093663b2d114f744e974ed65cfa603ad) Importer(2089858483,192608db42251d675da83286b1cce702)
Start importing Assets/resources/Scenes/final 2.unity using Guid(093663b2d114f744e974ed65cfa603ad) Importer(2089858483,192608db42251d675da83286b1cce702) (ScriptedImporter) -> (artifact id: 'fd3c1492bd4f8a7b2aedcf523d0ca2bc') in 0.0130988 seconds
Number of updated asset objects reloaded before import = 0Number of asset objects unloaded after import = 1

========================================================================
Received Import Request.
  Time since last request: 0.000017 seconds.
  path: Assets/resources/Prefab/troops/EnemyTroopA.prefab
  artifactKey: Guid(e21a808223b4d8d44a90e3f9fcc92daf) Importer(2089858483,192608db42251d675da83286b1cce702)
Start importing Assets/resources/Prefab/troops/EnemyTroopA.prefab using Guid(e21a808223b4d8d44a90e3f9fcc92daf) Importer(2089858483,192608db42251d675da83286b1cce702) (ScriptedImporter) -> (artifact id: 'e35f2642a927ba4e8a1b43bb73e2c6e1') in 0.0130488 seconds
Number of updated asset objects reloaded before import = 0Number of asset objects unloaded after import = 29

========================================================================
Received Import Request.
  Time since last request: 0.000020 seconds.
  path: Assets/_Tanks/Art/Models/PowerUps/MovementSpeed.FBX
  artifactKey: Guid(1edba0bd458db1f4b89951898b2738ad) Importer(2089858483,192608db42251d675da83286b1cce702)
Start importing Assets/_Tanks/Art/Models/PowerUps/MovementSpeed.FBX using Guid(1edba0bd458db1f4b89951898b2738ad) Importer(2089858483,192608db42251d675da83286b1cce702) (ScriptedImporter) -> (artifact id: 'b1f1ef0857016e955cc93dcb138a7d29') in 0.0235981 seconds
Number of updated asset objects reloaded before import = 0Number of asset objects unloaded after import = 7

========================================================================
Received Import Request.
  Time since last request: 0.000032 seconds.
  path: Assets/resources/Prefab/Projectile/ArcherProjectile.prefab
  artifactKey: Guid(580f10c24359d704fa222d46b3741053) Importer(2089858483,192608db42251d675da83286b1cce702)
Start importing Assets/resources/Prefab/Projectile/ArcherProjectile.prefab using Guid(580f10c24359d704fa222d46b3741053) Importer(2089858483,192608db42251d675da83286b1cce702) (ScriptedImporter) -> (artifact id: '7a2c1cb9410eb755d181d4132da8e351') in 0.0083091 seconds
Number of updated asset objects reloaded before import = 0Number of asset objects unloaded after import = 9

========================================================================
Received Import Request.
  Time since last request: 0.000016 seconds.
  path: Assets/resources/UI/ButtonImages/Knight.png
  artifactKey: Guid(86d4c807e5fbb224f87292bfa40dd7c5) Importer(2089858483,192608db42251d675da83286b1cce702)
Start importing Assets/resources/UI/ButtonImages/Knight.png using Guid(86d4c807e5fbb224f87292bfa40dd7c5) Importer(2089858483,192608db42251d675da83286b1cce702) (ScriptedImporter) -> (artifact id: '01d68d018c83a14d7d82bb007f09908f') in 0.0095076 seconds
Number of updated asset objects reloaded before import = 0Number of asset objects unloaded after import = 1

========================================================================
Received Import Request.
  Time since last request: 0.000015 seconds.
  path: Assets/resources/UI/ButtonImages/dc3c4744-1e3d-4fd8-ba0a-14fe1b9fc04e-removebg-preview.png
  artifactKey: Guid(0ad92243cbc51d140b7f9ca7ab9b7b85) Importer(2089858483,192608db42251d675da83286b1cce702)
Start importing Assets/resources/UI/ButtonImages/dc3c4744-1e3d-4fd8-ba0a-14fe1b9fc04e-removebg-preview.png using Guid(0ad92243cbc51d140b7f9ca7ab9b7b85) Importer(2089858483,192608db42251d675da83286b1cce702) (ScriptedImporter) -> (artifact id: 'e63efa73a24149ad3d4190cac8ea13c6') in 0.010258 seconds
Number of updated asset objects reloaded before import = 0Number of asset objects unloaded after import = 3

========================================================================
Received Import Request.
  Time since last request: 0.000015 seconds.
  path: Assets/Castle imported/Models/Objects/CS_YellowFlower.fbx
  artifactKey: Guid(7763d6999b991994bafede10e52a0f14) Importer(2089858483,192608db42251d675da83286b1cce702)
Start importing Assets/Castle imported/Models/Objects/CS_YellowFlower.fbx using Guid(7763d6999b991994bafede10e52a0f14) Importer(2089858483,192608db42251d675da83286b1cce702) (ScriptedImporter) -> (artifact id: '13c3be365d3959319f6b4820bb5c5a2e') in 0.0122963 seconds
Number of updated asset objects reloaded before import = 0Number of asset objects unloaded after import = 9

========================================================================
Received Import Request.
  Time since last request: 0.000020 seconds.
  path: Assets/_Tanks/Audio/SFX/ShotFiring.wav
  artifactKey: Guid(672a9941361ad494a99fba36759eca80) Importer(2089858483,192608db42251d675da83286b1cce702)
Start importing Assets/_Tanks/Audio/SFX/ShotFiring.wav using Guid(672a9941361ad494a99fba36759eca80) Importer(2089858483,192608db42251d675da83286b1cce702) (ScriptedImporter) -> (artifact id: 'ac7b0cbcfb0204ac1dd66ee28258e863') in 0.0284181 seconds
Number of updated asset objects reloaded before import = 0Number of asset objects unloaded after import = 1

========================================================================
Received Import Request.
  Time since last request: 0.000067 seconds.
  path: Assets/Samples/XR Interaction Toolkit/3.2.2/XR Device Simulator/UI/General/CloseWindow.png
  artifactKey: Guid(c76518a5819794083a346812c0906b77) Importer(2089858483,192608db42251d675da83286b1cce702)
Start importing Assets/Samples/XR Interaction Toolkit/3.2.2/XR Device Simulator/UI/General/CloseWindow.png using Guid(c76518a5819794083a346812c0906b77) Importer(2089858483,192608db42251d675da83286b1cce702) (ScriptedImporter) -> (artifact id: '356e481ddede684a645e8db4fb868a8a') in 0.0114915 seconds
Number of updated asset objects reloaded before import = 0Number of asset objects unloaded after import = 3

========================================================================
Received Import Request.
  Time since last request: 0.000027 seconds.
  path: Assets/Samples/XR Interaction Toolkit/3.2.2/World Space UI/Materials/MaterialPipelineHandler.asset
  artifactKey: Guid(ab8fca812e0a6d34089e89dc6e9b76c9) Importer(2089858483,192608db42251d675da83286b1cce702)
Start importing Assets/Samples/XR Interaction Toolkit/3.2.2/World Space UI/Materials/MaterialPipelineHandler.asset using Guid(ab8fca812e0a6d34089e89dc6e9b76c9) Importer(2089858483,192608db42251d675da83286b1cce702) (ScriptedImporter) -> (artifact id: '1f5ba5893c6211af008c651722f5c8fd') in 0.0057289 seconds
Number of updated asset objects reloaded before import = 0Number of asset objects unloaded after import = 3

