[Licensing::Module] Trying to connect to existing licensing client channel...
Built from '6000.2/respin/6000.2.7f1-2eb0c79396db' branch; Version is '6000.2.7f2 (2b518236b676) revision 2838914'; Using compiler version '194234433'; Build Type 'Release'
[Licensing::IpcConnector] Successfully connected to: "LicenseClient-user10" at "2025-12-30T06:04:00.1488923Z"
OS: 'Windows 11  (10.0.26100) 64bit Professional' Language: 'en' Physical Memory: 31865 MB
BatchMode: 1, IsHumanControllingUs: 0, StartBugReporterOnCrash: 0, Is64bit: 1
Date: 2025-12-30T06:04:00Z

COMMAND LINE ARGUMENTS:
C:\Program Files\Unity\Hub\Editor\6000.2.7f2\Editor\Unity.exe
-adb2
-batchMode
-noUpm
-name
AssetImportWorker1
-projectPath
C:/Users/user10/Desktop/Roshan Amancha 082/GithubVR/Clash-Royal-VRGame/exportedVR12
-logFile
Logs/AssetImportWorker1.log
-srvPort
51965
-licensingIpc
LicenseClient-user10
-job-worker-count
5
-background-job-worker-count
8
-gc-helper-count
1
-name
AssetImport
Successfully changed project path to: C:/Users/user10/Desktop/Roshan Amancha 082/GithubVR/Clash-Royal-VRGame/exportedVR12
C:/Users/user10/Desktop/Roshan Amancha 082/GithubVR/Clash-Royal-VRGame/exportedVR12
[UnityMemory] Configuration Parameters - Can be set up in boot.config
    "memorysetup-allocator-temp-initial-block-size-main=262144"
    "memorysetup-allocator-temp-initial-block-size-worker=262144"
    "memorysetup-bucket-allocator-granularity=16"
    "memorysetup-bucket-allocator-bucket-count=8"
    "memorysetup-bucket-allocator-block-size=33554432"
    "memorysetup-bucket-allocator-block-count=8"
    "memorysetup-main-allocator-block-size=16777216"
    "memorysetup-thread-allocator-block-size=16777216"
    "memorysetup-gfx-main-allocator-block-size=16777216"
    "memorysetup-gfx-thread-allocator-block-size=16777216"
    "memorysetup-cache-allocator-block-size=4194304"
    "memorysetup-typetree-allocator-block-size=2097152"
    "memorysetup-profiler-bucket-allocator-granularity=16"
    "memorysetup-profiler-bucket-allocator-bucket-count=8"
    "memorysetup-profiler-bucket-allocator-block-size=33554432"
    "memorysetup-profiler-bucket-allocator-block-count=8"
    "memorysetup-profiler-allocator-block-size=16777216"
    "memorysetup-profiler-editor-allocator-block-size=1048576"
    "memorysetup-temp-allocator-size-main=16777216"
    "memorysetup-job-temp-allocator-block-size=2097152"
    "memorysetup-job-temp-allocator-block-size-background=1048576"
    "memorysetup-job-temp-allocator-reduction-small-platforms=262144"
    "memorysetup-temp-allocator-size-background-worker=32768"
    "memorysetup-temp-allocator-size-job-worker=262144"
    "memorysetup-temp-allocator-size-preload-manager=33554432"
    "memorysetup-temp-allocator-size-nav-mesh-worker=65536"
    "memorysetup-temp-allocator-size-audio-worker=65536"
    "memorysetup-temp-allocator-size-cloud-worker=32768"
    "memorysetup-temp-allocator-size-gi-baking-worker=262144"
    "memorysetup-temp-allocator-size-gi-baking-worker=262144"
    "memorysetup-temp-allocator-size-gi-baking-worker=262144"
    "memorysetup-temp-allocator-size-gi-baking-worker=262144"
    "memorysetup-temp-allocator-size-gi-baking-worker=262144"
    "memorysetup-temp-allocator-size-gfx=262144"
Player connection [11916]  Target information:

Player connection [11916]  * "[IP] 192.168.0.76 [Port] 0 [Flags] 2 [Guid] 3718784377 [EditorId] 3718784377 [Version] 1048832 [Id] WindowsEditor(7,DESKTOP-AIF5K7P) [Debug] 1 [PackageName] WindowsEditor [ProjectName] Editor" 

Player connection [11916] Host joined multi-casting on [225.0.0.222:54997]...
Player connection [11916] Host joined alternative multi-casting on [225.0.0.222:34997]...
JobSystem: Creating JobQueue using job-worker-count value 5
Input System module state changed to: Initialized.
[Physics::Module] Initialized fallback backend.
[Physics::Module] Id: 0xdecafbad
[Licensing::Client] Code 10 while verifying Licensing Client signature (process Id: 11424, path: "C:/Program Files/Unity Hub/UnityLicensingClient_V1/Unity.Licensing.Client.exe")
[Licensing::Module] LicensingClient has failed validation; ignoring
[Licensing::Client] Handshaking with LicensingClient:
  Version:                 1.17.4+4293ba1
  Session Id:              2014a45bc1a24c11b86f896c58cb9a77
  Correlation Id:          dc602dc9aa36ae887cf9bbb7a667e0f3
  External correlation Id: 1678530047050822542
  Machine Id:              7j9dtXEEMj4OZ04fmnkxtMHNaBY=
[Licensing::Module] Successfully connected to LicensingClient on channel: "LicenseClient-user10" (connect: 0.00s, validation: 0.00s, handshake: 0.03s)
[Licensing::IpcConnector] Successfully connected to: "LicenseClient-user10-notifications" at "2025-12-30T06:04:00.1862814Z"
[Licensing::Module] Licensing Background thread has ended after 0.04s
Library Redirect Path: Library/
[Physics::Module] Selected backend.
[Physics::Module] Name: PhysX
[Physics::Module] Id: 0xf2b8ea05
[Physics::Module] SDK Version: 4.1.2
[Physics::Module] Integration Version: 1.0.0
[Physics::Module] Threading Mode: Multi-Threaded
Refreshing native plugins compatible for Editor in 25.86 ms, found 17 plugins.
Unity memory allocator detected: MetaXRAudio native memory allocations will be tracked.
Preloading 2 native plugins for Editor in 1.99 ms.
Initialize engine version: 6000.2.7f2 (2b518236b676)
[Subsystems] Discovering subsystems at path C:/Program Files/Unity/Hub/Editor/6000.2.7f2/Editor/Data/Resources/UnitySubsystems
[Subsystems] Discovering subsystems at path C:/Users/user10/Desktop/Roshan Amancha 082/GithubVR/Clash-Royal-VRGame/exportedVR12/Assets
GfxDevice: creating device client; kGfxThreadingModeNonThreaded
Direct3D:
    Version:  Direct3D 11.0 [level 11.1]
    Renderer: NVIDIA GeForce RTX 3060 Ti (ID=0x2414)
    Vendor:   NVIDIA
    VRAM:     8024 MB
    Driver:   32.0.15.9144
Shader 'Meta/MRUK/Scene/HighlightsAndShadows': fallback shader 'Off' not found
Shader 'Oculus/OVRMRCameraFrameLit': fallback shader 'Alpha-Diffuse' not found
Initialize mono
Mono path[0] = 'C:/Program Files/Unity/Hub/Editor/6000.2.7f2/Editor/Data/Managed'
Mono path[1] = 'C:/Program Files/Unity/Hub/Editor/6000.2.7f2/Editor/Data/MonoBleedingEdge/lib/mono/unityjit-win32'
Mono config path = 'C:/Program Files/Unity/Hub/Editor/6000.2.7f2/Editor/Data/MonoBleedingEdge/etc'
Using monoOptions --debugger-agent=transport=dt_socket,embedding=1,server=y,suspend=n,address=127.0.0.1:56064
Begin MonoManager ReloadAssembly
Registering precompiled unity dll's ...
Register platform support module: C:/Program Files/Unity/Hub/Editor/6000.2.7f2/Editor/Data/PlaybackEngines/WindowsStandaloneSupport/UnityEditor.WindowsStandalone.Extensions.dll
[Licensing::Client] Successfully resolved entitlement details
[Licensing::Module] License group:
  Id: 13469871408863-UnityPersXXXX
  Product: Unity Personal
  Type: Assigned
  Expiration: Unlimited
Register platform support module: C:/Program Files/Unity/Hub/Editor/6000.2.7f2/Editor/Data/PlaybackEngines/AndroidPlayer/UnityEditor.Android.Extensions.dll
Registered in 0.002837 seconds.
- Loaded All Assemblies, in  0.331 seconds
Native extension for Android target not found
Android Extension - Scanning For ADB Devices 219 ms
Native extension for WindowsStandalone target not found
Mono: successfully reloaded assembly
- Finished resetting the current domain, in  0.506 seconds
Domain Reload Profiling: 835ms
	BeginReloadAssembly (108ms)
		ExecutionOrderSort (0ms)
		DisableScriptedObjects (0ms)
		BackupInstance (0ms)
		ReleaseScriptingObjects (0ms)
		CreateAndSetChildDomain (1ms)
	RebuildCommonClasses (45ms)
	RebuildNativeTypeToScriptingClass (9ms)
	initialDomainReloadingComplete (39ms)
	LoadAllAssembliesAndSetupDomain (128ms)
		LoadAssemblies (106ms)
		RebuildTransferFunctionScriptingTraits (0ms)
		AnalyzeDomain (125ms)
			TypeCache.Refresh (123ms)
				TypeCache.ScanAssembly (113ms)
			BuildScriptInfoCaches (0ms)
			ResolveRequiredComponents (0ms)
	FinalizeReload (506ms)
		ReleaseScriptCaches (0ms)
		RebuildScriptCaches (0ms)
		SetupLoadedEditorAssemblies (478ms)
			LogAssemblyErrors (0ms)
			InitializePlatformSupportModulesInManaged (294ms)
			SetLoadedEditorAssemblies (3ms)
			BeforeProcessingInitializeOnLoad (50ms)
			ProcessInitializeOnLoadAttributes (91ms)
			ProcessInitializeOnLoadMethodAttributes (40ms)
			AfterProcessingInitializeOnLoad (0ms)
			EditorAssembliesLoaded (0ms)
		ExecutionOrderSort2 (0ms)
		AwakeInstancesAfterBackupRestoration (0ms)
========================================================================
Worker process is ready to serve import requests
Import Worker Mode flag is 0x00
Begin MonoManager ReloadAssembly
[Licensing::Client] Successfully resolved entitlement details
Symbol file LoadedFromMemory is not a mono symbol file
- Loaded All Assemblies, in  0.855 seconds
Script 'CharacterController' has the same name as built-in Unity component.
AddComponent and GetComponent will not work with this script.
'Packages/com.meta.xr.sdk.core/Editor/BuildingBlocks/BlocksWindow.cs' contains partial class of Unity.Object, exactly 1 of the partial classes needs to be in a file with the same filename. This is to know the one that can be referenced from ie. GameObjects
'Packages/com.meta.xr.sdk.core/Editor/BuildingBlocks/BlocksWindowDetailsExtension.cs' contains partial class of Unity.Object, exactly 1 of the partial classes needs to be in a file with the same filename. This is to know the one that can be referenced from ie. GameObjects
'Packages/com.meta.xr.sdk.core/Editor/BuildingBlocks/BlocksWindowCollectionsPageExtension.cs' contains partial class of Unity.Object, exactly 1 of the partial classes needs to be in a file with the same filename. This is to know the one that can be referenced from ie. GameObjects
Refreshing native plugins compatible for Editor in 10.00 ms, found 17 plugins.
Native extension for Android target not found
Native extension for WindowsStandalone target not found
✔ Editor Prefs cleaned.
UnityEngine.Debug:ExtractStackTraceNoAlloc (byte*,int,string)
UnityEngine.StackTraceUtility:ExtractStackTrace ()
UnityEngine.DebugLogHandler:Internal_Log (UnityEngine.LogType,UnityEngine.LogOption,string,UnityEngine.Object)
UnityEngine.DebugLogHandler:LogFormat (UnityEngine.LogType,UnityEngine.Object,string,object[])
UnityEngine.Logger:Log (UnityEngine.LogType,object)
UnityEngine.Debug:Log (object)
ClearUnityEditorPrefs:.cctor () (at C:/Users/user10/Desktop/Roshan Amancha 082/Zip Files/exportedVR12/Assets/Editor/ClearMetaGuidePrefs.cs:11)
System.Runtime.CompilerServices.RuntimeHelpers:RunClassConstructor (System.RuntimeTypeHandle)
UnityEditor.EditorAssemblies:ProcessInitializeOnLoadAttributes (System.Type[])

(Filename: C:/Users/user10/Desktop/Roshan Amancha 082/Zip Files/exportedVR12/Assets/Editor/ClearMetaGuidePrefs.cs Line: 11)

Package Manager log level set to [2]
[Package Manager] Failed to launch server process. Reason: Unity was launched with the -noUpm command-line argument
[Package Manager] Unable to send message (not connected to server process).
[Package Manager] Cannot connect to Unity Package Manager local server
Refreshing native plugins compatible for Editor in 10.39 ms, found 17 plugins.
[Package Manager] Failed to launch server process. Reason: Unity was launched with the -noUpm command-line argument
[Package Manager] Unable to send message (not connected to server process).
[Package Manager] Cannot connect to Unity Package Manager local server
[Package Manager] Failed to launch server process. Reason: Unity was launched with the -noUpm command-line argument
[Package Manager] Unable to send message (not connected to server process).
[Package Manager] Cannot connect to Unity Package Manager local server
Mono: successfully reloaded assembly
[Package Manager] Failed to launch server process. Reason: Unity was launched with the -noUpm command-line argument
[Package Manager] Unable to send message (not connected to server process).
[Package Manager] Cannot connect to Unity Package Manager local server
[Package Manager] Failed to launch server process. Reason: Unity was launched with the -noUpm command-line argument
[Package Manager] Unable to send message (not connected to server process).
[Package Manager] Cannot connect to Unity Package Manager local server
- Finished resetting the current domain, in  1.163 seconds
Domain Reload Profiling: 2011ms
	BeginReloadAssembly (160ms)
		ExecutionOrderSort (0ms)
		DisableScriptedObjects (4ms)
		BackupInstance (0ms)
		ReleaseScriptingObjects (0ms)
		CreateAndSetChildDomain (34ms)
	RebuildCommonClasses (37ms)
	RebuildNativeTypeToScriptingClass (11ms)
	initialDomainReloadingComplete (35ms)
	LoadAllAssembliesAndSetupDomain (605ms)
		LoadAssemblies (379ms)
		RebuildTransferFunctionScriptingTraits (0ms)
		AnalyzeDomain (315ms)
			TypeCache.Refresh (208ms)
				TypeCache.ScanAssembly (190ms)
			BuildScriptInfoCaches (85ms)
			ResolveRequiredComponents (16ms)
	FinalizeReload (1163ms)
		ReleaseScriptCaches (0ms)
		RebuildScriptCaches (0ms)
		SetupLoadedEditorAssemblies (982ms)
			LogAssemblyErrors (0ms)
			InitializePlatformSupportModulesInManaged (8ms)
			SetLoadedEditorAssemblies (6ms)
			BeforeProcessingInitializeOnLoad (148ms)
			ProcessInitializeOnLoadAttributes (695ms)
			ProcessInitializeOnLoadMethodAttributes (120ms)
			AfterProcessingInitializeOnLoad (4ms)
			EditorAssembliesLoaded (0ms)
		ExecutionOrderSort2 (0ms)
		AwakeInstancesAfterBackupRestoration (5ms)
Shader 'Meta/MRUK/Scene/HighlightsAndShadows': fallback shader 'Off' not found
Shader 'Oculus/OVRMRCameraFrameLit': fallback shader 'Alpha-Diffuse' not found
Launched and connected shader compiler UnityShaderCompiler.exe after 0.01 seconds
Refreshing native plugins compatible for Editor in 10.79 ms, found 17 plugins.
Preloading 2 native plugins for Editor in 0.10 ms.
Unloading 16 Unused Serialized files (Serialized files now loaded: 0)
Unloading 9821 unused Assets / (6.6 MB). Loaded Objects now: 10593.
Memory consumption went from 177.2 MB to 170.7 MB.
Total: 15.935200 ms (FindLiveObjects: 1.160600 ms CreateObjectMapping: 1.142300 ms MarkObjects: 9.566400 ms  DeleteObjects: 4.064700 ms)

========================================================================
Received Import Request.
  Time since last request: 526153.182841 seconds.
  path: Assets/resources/Material/Blue.mat
  artifactKey: Guid(614993b7faaf03b40ace75618462baa4) Importer(2089858483,192608db42251d675da83286b1cce702)
Start importing Assets/resources/Material/Blue.mat using Guid(614993b7faaf03b40ace75618462baa4) Importer(2089858483,192608db42251d675da83286b1cce702) (ScriptedImporter) -> (artifact id: '93e0f80fb7f19de4a6b2fa0e1d4464cd') in 0.2523376 seconds
Number of updated asset objects reloaded before import = 0Number of asset objects unloaded after import = 1

========================================================================
Received Import Request.
  Time since last request: 0.000018 seconds.
  path: Assets/TextMesh Pro/Shaders/TMP_Bitmap.shader
  artifactKey: Guid(128e987d567d4e2c824d754223b3f3b0) Importer(2089858483,192608db42251d675da83286b1cce702)
Start importing Assets/TextMesh Pro/Shaders/TMP_Bitmap.shader using Guid(128e987d567d4e2c824d754223b3f3b0) Importer(2089858483,192608db42251d675da83286b1cce702) (ScriptedImporter) -> (artifact id: 'd8c646303b0ed59eaaf383a5bb194214') in 0.0078371 seconds
Number of updated asset objects reloaded before import = 0Number of asset objects unloaded after import = 1

========================================================================
Received Import Request.
  Time since last request: 0.000028 seconds.
  path: Assets/resources/UI/Img-Button.jpeg
  artifactKey: Guid(d8ec9b81cbfc97340b7bb51a5303df8f) Importer(2089858483,192608db42251d675da83286b1cce702)
Start importing Assets/resources/UI/Img-Button.jpeg using Guid(d8ec9b81cbfc97340b7bb51a5303df8f) Importer(2089858483,192608db42251d675da83286b1cce702) (ScriptedImporter) -> (artifact id: '7e13439bb90e297052aaaf5972a22d0d') in 0.0855397 seconds
Number of updated asset objects reloaded before import = 0Number of asset objects unloaded after import = 3

========================================================================
Received Import Request.
  Time since last request: 0.000016 seconds.
  path: Assets/resources/Material/White.mat
  artifactKey: Guid(f81b236729f14ba4cb1fb4ab491657ef) Importer(2089858483,192608db42251d675da83286b1cce702)
Start importing Assets/resources/Material/White.mat using Guid(f81b236729f14ba4cb1fb4ab491657ef) Importer(2089858483,192608db42251d675da83286b1cce702) (ScriptedImporter) -> (artifact id: '2082e6d6cd385333ce013b6603580ca4') in 0.004947 seconds
Number of updated asset objects reloaded before import = 0Number of asset objects unloaded after import = 1

========================================================================
Received Import Request.
  Time since last request: 0.000016 seconds.
  path: Assets/TextMesh Pro/Resources/TMP Settings.asset
  artifactKey: Guid(3f5b5dff67a942289a9defa416b206f3) Importer(2089858483,192608db42251d675da83286b1cce702)
Start importing Assets/TextMesh Pro/Resources/TMP Settings.asset using Guid(3f5b5dff67a942289a9defa416b206f3) Importer(2089858483,192608db42251d675da83286b1cce702) (ScriptedImporter) -> (artifact id: '8cd4e32212f9cabba1461024ffca4f9e') in 0.0319972 seconds
Number of updated asset objects reloaded before import = 0Number of asset objects unloaded after import = 15

========================================================================
Received Import Request.
  Time since last request: 0.000021 seconds.
  path: Assets/MetaXR/MetaXRProjectSettings.asset
  artifactKey: Guid(7efb6b3dbbf44f344a044087ea94de3b) Importer(2089858483,192608db42251d675da83286b1cce702)
Start importing Assets/MetaXR/MetaXRProjectSettings.asset using Guid(7efb6b3dbbf44f344a044087ea94de3b) Importer(2089858483,192608db42251d675da83286b1cce702) (ScriptedImporter) -> (artifact id: '564ceb00d3ab2c093347308bd8f689f0') in 0.0061163 seconds
Number of updated asset objects reloaded before import = 0Number of asset objects unloaded after import = 1

========================================================================
Received Import Request.
  Time since last request: 0.000027 seconds.
  path: Assets/resources/ImmersiveDebuggerSettings.asset
  artifactKey: Guid(7c8332488f82e5843af8c5b6e56fbe2d) Importer(2089858483,192608db42251d675da83286b1cce702)
Start importing Assets/resources/ImmersiveDebuggerSettings.asset using Guid(7c8332488f82e5843af8c5b6e56fbe2d) Importer(2089858483,192608db42251d675da83286b1cce702) (ScriptedImporter) -> (artifact id: '3639c5b7e302e36da88d1d4f0b6f9b73') in 0.0083247 seconds
Number of updated asset objects reloaded before import = 0Number of asset objects unloaded after import = 1

========================================================================
Received Import Request.
  Time since last request: 0.000014 seconds.
  path: Assets/resources/UI/2x Speed icon.png
  artifactKey: Guid(4915dacaa50d9564a936954536df47a4) Importer(2089858483,192608db42251d675da83286b1cce702)
Start importing Assets/resources/UI/2x Speed icon.png using Guid(4915dacaa50d9564a936954536df47a4) Importer(2089858483,192608db42251d675da83286b1cce702) (ScriptedImporter) -> (artifact id: 'f6372f1928991395aea8605e089b032c') in 0.0099515 seconds
Number of updated asset objects reloaded before import = 0Number of asset objects unloaded after import = 3

========================================================================
Received Import Request.
  Time since last request: 0.000019 seconds.
  path: Assets/resources/OculusRuntimeSettings.asset
  artifactKey: Guid(b89b7c864e546204a8d29c692b930278) Importer(2089858483,192608db42251d675da83286b1cce702)
Start importing Assets/resources/OculusRuntimeSettings.asset using Guid(b89b7c864e546204a8d29c692b930278) Importer(2089858483,192608db42251d675da83286b1cce702) (ScriptedImporter) -> (artifact id: '84b3cd1f7770f657be7a4ea9787c1553') in 0.0059663 seconds
Number of updated asset objects reloaded before import = 0Number of asset objects unloaded after import = 1

========================================================================
Received Import Request.
  Time since last request: 0.000016 seconds.
  path: Assets/resources/OVROverlayCanvasSettings.asset
  artifactKey: Guid(0a47cc2cf324b694a83f54e320bcc5bd) Importer(2089858483,192608db42251d675da83286b1cce702)
Start importing Assets/resources/OVROverlayCanvasSettings.asset using Guid(0a47cc2cf324b694a83f54e320bcc5bd) Importer(2089858483,192608db42251d675da83286b1cce702) (ScriptedImporter) -> (artifact id: 'ffbd795926bb67e0e2c8131dc00c60f5') in 0.00542 seconds
Number of updated asset objects reloaded before import = 0Number of asset objects unloaded after import = 1

========================================================================
Received Import Request.
  Time since last request: 0.000014 seconds.
  path: Assets/_Tanks/Tanks!_Third-PartyNotice.txt
  artifactKey: Guid(0540cebe69e29f944a689b66e3d41275) Importer(2089858483,192608db42251d675da83286b1cce702)
Start importing Assets/_Tanks/Tanks!_Third-PartyNotice.txt using Guid(0540cebe69e29f944a689b66e3d41275) Importer(2089858483,192608db42251d675da83286b1cce702) (ScriptedImporter) -> (artifact id: 'b0afea11d357776bd0788209b0afa878') in 0.0035446 seconds
Number of updated asset objects reloaded before import = 0Number of asset objects unloaded after import = 1

========================================================================
Received Import Request.
  Time since last request: 0.000014 seconds.
  path: Assets/Plugins/AssetUsageDetector/README.txt
  artifactKey: Guid(ac528f1751f33a647a45caeff6a9344b) Importer(2089858483,192608db42251d675da83286b1cce702)
Start importing Assets/Plugins/AssetUsageDetector/README.txt using Guid(ac528f1751f33a647a45caeff6a9344b) Importer(2089858483,192608db42251d675da83286b1cce702) (ScriptedImporter) -> (artifact id: 'a5af3a296f363f0c2e0c4d3e26abd377') in 0.0036121 seconds
Number of updated asset objects reloaded before import = 0Number of asset objects unloaded after import = 1

========================================================================
Received Import Request.
  Time since last request: 0.000017 seconds.
  path: Assets/TextMesh Pro/Shaders/TMP_SDF-URP Lit.shadergraph
  artifactKey: Guid(a3d800b099a06e0478fb790c5e79057a) Importer(2089858483,192608db42251d675da83286b1cce702)
Start importing Assets/TextMesh Pro/Shaders/TMP_SDF-URP Lit.shadergraph using Guid(a3d800b099a06e0478fb790c5e79057a) Importer(2089858483,192608db42251d675da83286b1cce702) (ScriptedImporter) -> (artifact id: '3620528f0bc4724b27ccc1ac8866b928') in 0.0188541 seconds
Number of updated asset objects reloaded before import = 0Number of asset objects unloaded after import = 4

========================================================================
Received Import Request.
  Time since last request: 0.000025 seconds.
  path: Assets/resources/Animations/Crossfade_start.anim
  artifactKey: Guid(96ab212531f11424ba3d93c32001cab2) Importer(2089858483,192608db42251d675da83286b1cce702)
Start importing Assets/resources/Animations/Crossfade_start.anim using Guid(96ab212531f11424ba3d93c32001cab2) Importer(2089858483,192608db42251d675da83286b1cce702) (ScriptedImporter) -> (artifact id: '8c982c5776ab384bb4bea5e4344cc43b') in 0.0187312 seconds
Number of updated asset objects reloaded before import = 0Number of asset objects unloaded after import = 1

========================================================================
Received Import Request.
  Time since last request: 0.000015 seconds.
  path: Assets/resources/Animations/Crossfade.controller
  artifactKey: Guid(cc4006f941ce02b4aa8175c21daaff04) Importer(2089858483,192608db42251d675da83286b1cce702)
Start importing Assets/resources/Animations/Crossfade.controller using Guid(cc4006f941ce02b4aa8175c21daaff04) Importer(2089858483,192608db42251d675da83286b1cce702) (ScriptedImporter) -> (artifact id: '511d2b8e3381cdc5007f4ffc29ea798e') in 0.0052924 seconds
Number of updated asset objects reloaded before import = 0Number of asset objects unloaded after import = 7

========================================================================
Received Import Request.
  Time since last request: 0.000013 seconds.
  path: Assets/TextMesh Pro/Shaders/TMPro_Properties.cginc
  artifactKey: Guid(3997e2241185407d80309a82f9148466) Importer(2089858483,192608db42251d675da83286b1cce702)
Start importing Assets/TextMesh Pro/Shaders/TMPro_Properties.cginc using Guid(3997e2241185407d80309a82f9148466) Importer(2089858483,192608db42251d675da83286b1cce702) (ScriptedImporter) -> (artifact id: '6f16e7aec9ccabb5831f7b7dd510b881') in 0.0039443 seconds
Number of updated asset objects reloaded before import = 0Number of asset objects unloaded after import = 1

========================================================================
Received Import Request.
  Time since last request: 0.000011 seconds.
  path: Assets/resources/Material/Ground.mat
  artifactKey: Guid(e7fba4e26eccddc439d7454ea105dc7f) Importer(2089858483,192608db42251d675da83286b1cce702)
Start importing Assets/resources/Material/Ground.mat using Guid(e7fba4e26eccddc439d7454ea105dc7f) Importer(2089858483,192608db42251d675da83286b1cce702) (ScriptedImporter) -> (artifact id: '427f66f1bb6f16b7e4c8fa93dfd59450') in 0.0042864 seconds
Number of updated asset objects reloaded before import = 0Number of asset objects unloaded after import = 1

========================================================================
Received Import Request.
  Time since last request: 0.000016 seconds.
  path: Assets/XR/XRGeneralSettingsPerBuildTarget.asset
  artifactKey: Guid(64596fd85afd63e44878ee71a882262f) Importer(2089858483,192608db42251d675da83286b1cce702)
Start importing Assets/XR/XRGeneralSettingsPerBuildTarget.asset using Guid(64596fd85afd63e44878ee71a882262f) Importer(2089858483,192608db42251d675da83286b1cce702) (ScriptedImporter) -> (artifact id: 'f1f91d1a55752433248068977cf3cbea') in 0.0169798 seconds
Number of updated asset objects reloaded before import = 0Number of asset objects unloaded after import = 6

========================================================================
Received Import Request.
  Time since last request: 0.000017 seconds.
  path: Assets/Settings/UniversalRenderPipelineGlobalSettings.asset
  artifactKey: Guid(18dc0cd2c080841dea60987a38ce93fa) Importer(2089858483,192608db42251d675da83286b1cce702)
Start importing Assets/Settings/UniversalRenderPipelineGlobalSettings.asset using Guid(18dc0cd2c080841dea60987a38ce93fa) Importer(2089858483,192608db42251d675da83286b1cce702) (ScriptedImporter) -> (artifact id: '37d6f5078c21b0f97ec6d93063baa455') in 0.0542916 seconds
Number of updated asset objects reloaded before import = 0Number of asset objects unloaded after import = 0

========================================================================
Received Import Request.
  Time since last request: 0.000025 seconds.
  path: Assets/resources/Prefab/Battle_HUD.prefab
  artifactKey: Guid(fae75bd34a1703e41a0af6fc5ee10610) Importer(2089858483,192608db42251d675da83286b1cce702)
Start importing Assets/resources/Prefab/Battle_HUD.prefab using Guid(fae75bd34a1703e41a0af6fc5ee10610) Importer(2089858483,192608db42251d675da83286b1cce702) (ScriptedImporter) -> (artifact id: '0d15b83ea8613f70330df0e071cd9995') in 0.0976414 seconds
Number of updated asset objects reloaded before import = 0Number of asset objects unloaded after import = 169

========================================================================
Received Import Request.
  Time since last request: 0.000020 seconds.
  path: Assets/TextMesh Pro/Shaders/TMP_SDF-Mobile Overlay.shader
  artifactKey: Guid(a02a7d8c237544f1962732b55a9aebf1) Importer(2089858483,192608db42251d675da83286b1cce702)
Start importing Assets/TextMesh Pro/Shaders/TMP_SDF-Mobile Overlay.shader using Guid(a02a7d8c237544f1962732b55a9aebf1) Importer(2089858483,192608db42251d675da83286b1cce702) (ScriptedImporter) -> (artifact id: '478bc5612f2ba362301c2ce62f0dbaa5') in 0.0049879 seconds
Number of updated asset objects reloaded before import = 0Number of asset objects unloaded after import = 1

========================================================================
Received Import Request.
  Time since last request: 0.000014 seconds.
  path: Assets/resources/Scenes/Defeat.unity
  artifactKey: Guid(45601478ddcedbd448846471e98e5f43) Importer(2089858483,192608db42251d675da83286b1cce702)
Start importing Assets/resources/Scenes/Defeat.unity using Guid(45601478ddcedbd448846471e98e5f43) Importer(2089858483,192608db42251d675da83286b1cce702) (ScriptedImporter) -> (artifact id: '1a65e19aa21dbe5ad9c5571a2595027c') in 0.0038045 seconds
Number of updated asset objects reloaded before import = 0Number of asset objects unloaded after import = 1

========================================================================
Received Import Request.
  Time since last request: 0.000020 seconds.
  path: Assets/resources/Scenes/Boot.unity
  artifactKey: Guid(43005d31382e67e4d85af3d87e569016) Importer(2089858483,192608db42251d675da83286b1cce702)
Start importing Assets/resources/Scenes/Boot.unity using Guid(43005d31382e67e4d85af3d87e569016) Importer(2089858483,192608db42251d675da83286b1cce702) (ScriptedImporter) -> (artifact id: '1e050f2cbc6c58807c08717d2e8007cf') in 0.0041091 seconds
Number of updated asset objects reloaded before import = 0Number of asset objects unloaded after import = 1

========================================================================
Received Import Request.
  Time since last request: 0.000024 seconds.
  path: Assets/resources/KnightData.asset
  artifactKey: Guid(dab877f6361eac34aa7f23827b887577) Importer(2089858483,192608db42251d675da83286b1cce702)
Start importing Assets/resources/KnightData.asset using Guid(dab877f6361eac34aa7f23827b887577) Importer(2089858483,192608db42251d675da83286b1cce702) (ScriptedImporter) -> (artifact id: 'a8e3287efbe242fb437cd4eb5bf871f2') in 0.0358959 seconds
Number of updated asset objects reloaded before import = 0Number of asset objects unloaded after import = 28

========================================================================
Received Import Request.
  Time since last request: 0.000013 seconds.
  path: Assets/Readme.asset
  artifactKey: Guid(8105016687592461f977c054a80ce2f2) Importer(2089858483,192608db42251d675da83286b1cce702)
Start importing Assets/Readme.asset using Guid(8105016687592461f977c054a80ce2f2) Importer(2089858483,192608db42251d675da83286b1cce702) (ScriptedImporter) -> (artifact id: '3c4ea406e0493bbfeb86c7b1f422f872') in 0.0033099 seconds
Number of updated asset objects reloaded before import = 0Number of asset objects unloaded after import = 1

========================================================================
Received Import Request.
  Time since last request: 0.000017 seconds.
  path: Assets/Plugins/AssetUsageDetector/Editor/SearchResult.cs
  artifactKey: Guid(ca236e4f3c5a9f447be89f0e61e485fa) Importer(2089858483,192608db42251d675da83286b1cce702)
Start importing Assets/Plugins/AssetUsageDetector/Editor/SearchResult.cs using Guid(ca236e4f3c5a9f447be89f0e61e485fa) Importer(2089858483,192608db42251d675da83286b1cce702) (ScriptedImporter) -> (artifact id: '546ef990df811b294b4edafe4f8b4b69') in 0.0046887 seconds
Number of updated asset objects reloaded before import = 0Number of asset objects unloaded after import = 0

========================================================================
Received Import Request.
  Time since last request: 0.000014 seconds.
  path: Assets/Castle imported/Models/Objects/CS_RedFlower.fbx
  artifactKey: Guid(7affbc405e0a0724b90f89f251234de4) Importer(2089858483,192608db42251d675da83286b1cce702)
Start importing Assets/Castle imported/Models/Objects/CS_RedFlower.fbx using Guid(7affbc405e0a0724b90f89f251234de4) Importer(2089858483,192608db42251d675da83286b1cce702) (ScriptedImporter) -> (artifact id: 'ef8ead5fa419e688ee39976495b74f82') in 0.0508405 seconds
Number of updated asset objects reloaded before import = 0Number of asset objects unloaded after import = 9

========================================================================
Received Import Request.
  Time since last request: 0.000020 seconds.
  path: Assets/Castle imported/Models/Road/CS_Road_square.fbx
  artifactKey: Guid(86ec0b33e76f0e34f9d8e6e11f9d0578) Importer(2089858483,192608db42251d675da83286b1cce702)
Start importing Assets/Castle imported/Models/Road/CS_Road_square.fbx using Guid(86ec0b33e76f0e34f9d8e6e11f9d0578) Importer(2089858483,192608db42251d675da83286b1cce702) (ScriptedImporter) -> (artifact id: '28e4293be47aa22ff8e253f603e08979') in 0.0088824 seconds
Number of updated asset objects reloaded before import = 0Number of asset objects unloaded after import = 9

========================================================================
Received Import Request.
  Time since last request: 0.000029 seconds.
  path: Assets/Castle imported/Models/Objects/CS_Tree.fbx
  artifactKey: Guid(aab4b27bf03ada84f97b7543325de304) Importer(2089858483,192608db42251d675da83286b1cce702)
Start importing Assets/Castle imported/Models/Objects/CS_Tree.fbx using Guid(aab4b27bf03ada84f97b7543325de304) Importer(2089858483,192608db42251d675da83286b1cce702) (ScriptedImporter) -> (artifact id: '5a1015e80b52c2ecf22420a792dce2c0') in 0.0096462 seconds
Number of updated asset objects reloaded before import = 0Number of asset objects unloaded after import = 9

========================================================================
Received Import Request.
  Time since last request: 0.000017 seconds.
  path: Assets/resources/Prefab/troops/PlayerTroopB.prefab
  artifactKey: Guid(48210a2f920d07a49b687201870a8f3c) Importer(2089858483,192608db42251d675da83286b1cce702)
Start importing Assets/resources/Prefab/troops/PlayerTroopB.prefab using Guid(48210a2f920d07a49b687201870a8f3c) Importer(2089858483,192608db42251d675da83286b1cce702) (ScriptedImporter) -> (artifact id: '93c727f08a43a9d291122f414536aa58') in 0.0114654 seconds
Number of updated asset objects reloaded before import = 0Number of asset objects unloaded after import = 28

========================================================================
Received Import Request.
  Time since last request: 0.000017 seconds.
  path: Assets/Castle imported/Prefab/Objects/CS_BlueFlower.prefab
  artifactKey: Guid(d98eed7c285ac504991eae9ff1736605) Importer(2089858483,192608db42251d675da83286b1cce702)
Start importing Assets/Castle imported/Prefab/Objects/CS_BlueFlower.prefab using Guid(d98eed7c285ac504991eae9ff1736605) Importer(2089858483,192608db42251d675da83286b1cce702) (ScriptedImporter) -> (artifact id: 'ab9de2e0fdbc30574f30b88853839020') in 0.0106381 seconds
Number of updated asset objects reloaded before import = 0Number of asset objects unloaded after import = 8

========================================================================
Received Import Request.
  Time since last request: 0.000018 seconds.
  path: Assets/resources/Prefab/HealthBars/EnemyHealthBar.prefab
  artifactKey: Guid(981ca6e5bf185bd47b6374c685709735) Importer(2089858483,192608db42251d675da83286b1cce702)
Start importing Assets/resources/Prefab/HealthBars/EnemyHealthBar.prefab using Guid(981ca6e5bf185bd47b6374c685709735) Importer(2089858483,192608db42251d675da83286b1cce702) (ScriptedImporter) -> (artifact id: '46e0edbd56b1965fcca1efd6c481ebb6') in 0.0397752 seconds
Number of updated asset objects reloaded before import = 0Number of asset objects unloaded after import = 12

========================================================================
Received Import Request.
  Time since last request: 0.000020 seconds.
  path: Assets/LowlyPoly/Stylized Grass Texture/Textures/Vol_42_1_Height.png
  artifactKey: Guid(c24c005cb31b0514a85361709b63fa93) Importer(2089858483,192608db42251d675da83286b1cce702)
Start importing Assets/LowlyPoly/Stylized Grass Texture/Textures/Vol_42_1_Height.png using Guid(c24c005cb31b0514a85361709b63fa93) Importer(2089858483,192608db42251d675da83286b1cce702) (ScriptedImporter) -> (artifact id: '4efa9a5fcb37f9aa90202168098e0a47') in 0.0091402 seconds
Number of updated asset objects reloaded before import = 0Number of asset objects unloaded after import = 1

========================================================================
Received Import Request.
  Time since last request: 0.000025 seconds.
  path: Assets/Castle imported/Models/Road/CS_Road_end.fbx
  artifactKey: Guid(167e664c7ea029440b3424919bedd9d2) Importer(2089858483,192608db42251d675da83286b1cce702)
Start importing Assets/Castle imported/Models/Road/CS_Road_end.fbx using Guid(167e664c7ea029440b3424919bedd9d2) Importer(2089858483,192608db42251d675da83286b1cce702) (ScriptedImporter) -> (artifact id: '54f4c2bc7815fb6c60a9d512168a2649') in 0.0165167 seconds
Number of updated asset objects reloaded before import = 0Number of asset objects unloaded after import = 9

========================================================================
Received Import Request.
  Time since last request: 0.000017 seconds.
  path: Assets/LowlyPoly/Stylized Grass Texture/Textures/Vol_42_1_Base_Color.png
  artifactKey: Guid(b900361e13e6eaa44963cb851faf3ed3) Importer(2089858483,192608db42251d675da83286b1cce702)
Start importing Assets/LowlyPoly/Stylized Grass Texture/Textures/Vol_42_1_Base_Color.png using Guid(b900361e13e6eaa44963cb851faf3ed3) Importer(2089858483,192608db42251d675da83286b1cce702) (ScriptedImporter) -> (artifact id: '34d70588d25884ca6ce3bf8eabc63855') in 0.0129172 seconds
Number of updated asset objects reloaded before import = 0Number of asset objects unloaded after import = 1

========================================================================
Received Import Request.
  Time since last request: 0.000015 seconds.
  path: Assets/Castle imported/Texture/Materials/PixelTeture.mat
  artifactKey: Guid(e849c180e89e4c347b4a24b48cf90b02) Importer(2089858483,192608db42251d675da83286b1cce702)
Start importing Assets/Castle imported/Texture/Materials/PixelTeture.mat using Guid(e849c180e89e4c347b4a24b48cf90b02) Importer(2089858483,192608db42251d675da83286b1cce702) (ScriptedImporter) -> (artifact id: '3239bc2851755d9869971bdee4a669da') in 0.0058031 seconds
Number of updated asset objects reloaded before import = 0Number of asset objects unloaded after import = 2

========================================================================
Received Import Request.
  Time since last request: 0.000018 seconds.
  path: Assets/Castle imported/Models/Road/CS_Road_curve.fbx
  artifactKey: Guid(f099f54f0957eb945b3734947c6c7efa) Importer(2089858483,192608db42251d675da83286b1cce702)
Start importing Assets/Castle imported/Models/Road/CS_Road_curve.fbx using Guid(f099f54f0957eb945b3734947c6c7efa) Importer(2089858483,192608db42251d675da83286b1cce702) (ScriptedImporter) -> (artifact id: '6b96790a7c0f3ce32b0ba5fa1efd0c3c') in 0.0094614 seconds
Number of updated asset objects reloaded before import = 0Number of asset objects unloaded after import = 9

========================================================================
Received Import Request.
  Time since last request: 0.000015 seconds.
  path: Assets/resources/Prefab/HealthBars/PlayerHealthBar.prefab
  artifactKey: Guid(40d748ed52c5cdf438aa0686d1f9e067) Importer(2089858483,192608db42251d675da83286b1cce702)
Start importing Assets/resources/Prefab/HealthBars/PlayerHealthBar.prefab using Guid(40d748ed52c5cdf438aa0686d1f9e067) Importer(2089858483,192608db42251d675da83286b1cce702) (ScriptedImporter) -> (artifact id: 'e941b03f9f95b14c32890e5a2907d7ee') in 0.0096201 seconds
Number of updated asset objects reloaded before import = 0Number of asset objects unloaded after import = 12

========================================================================
Received Import Request.
  Time since last request: 0.000017 seconds.
  path: Assets/Plugins/AssetUsageDetector/Editor/ObjectToSearch.cs
  artifactKey: Guid(66d5a144a723fea40945afc069d4231d) Importer(2089858483,192608db42251d675da83286b1cce702)
Start importing Assets/Plugins/AssetUsageDetector/Editor/ObjectToSearch.cs using Guid(66d5a144a723fea40945afc069d4231d) Importer(2089858483,192608db42251d675da83286b1cce702) (ScriptedImporter) -> (artifact id: '063ff070ff6ec492d05d8cf27390eb1d') in 0.003873 seconds
Number of updated asset objects reloaded before import = 0Number of asset objects unloaded after import = 0

========================================================================
Received Import Request.
  Time since last request: 0.000022 seconds.
  path: Assets/Plugins/AssetUsageDetector/Editor/Enumerators.cs
  artifactKey: Guid(894047c47ce45cf40939dae24afcc72b) Importer(2089858483,192608db42251d675da83286b1cce702)
Start importing Assets/Plugins/AssetUsageDetector/Editor/Enumerators.cs using Guid(894047c47ce45cf40939dae24afcc72b) Importer(2089858483,192608db42251d675da83286b1cce702) (ScriptedImporter) -> (artifact id: 'ad79879fc38c966beb43624995ae7d55') in 0.0038852 seconds
Number of updated asset objects reloaded before import = 0Number of asset objects unloaded after import = 0

========================================================================
Received Import Request.
  Time since last request: 0.000015 seconds.
  path: Assets/resources/Prefab/troops/EnemyTroopB.prefab
  artifactKey: Guid(b1e3c0420ebe70f4f859ffdec4343140) Importer(2089858483,192608db42251d675da83286b1cce702)
Start importing Assets/resources/Prefab/troops/EnemyTroopB.prefab using Guid(b1e3c0420ebe70f4f859ffdec4343140) Importer(2089858483,192608db42251d675da83286b1cce702) (ScriptedImporter) -> (artifact id: '3d7c8e54e1b953cf5ee848722aedf126') in 0.0108257 seconds
Number of updated asset objects reloaded before import = 0Number of asset objects unloaded after import = 28

========================================================================
Received Import Request.
  Time since last request: 0.000017 seconds.
  path: Assets/TextMesh Pro/Shaders/TMP_SDF-URP Unlit.shadergraph
  artifactKey: Guid(124c112a6e8f1a54e8b0870e881b56d8) Importer(2089858483,192608db42251d675da83286b1cce702)
Start importing Assets/TextMesh Pro/Shaders/TMP_SDF-URP Unlit.shadergraph using Guid(124c112a6e8f1a54e8b0870e881b56d8) Importer(2089858483,192608db42251d675da83286b1cce702) (ScriptedImporter) -> (artifact id: '084b21d3c17ee4c3ad5e92cff673c88f') in 0.0186677 seconds
Number of updated asset objects reloaded before import = 0Number of asset objects unloaded after import = 4

========================================================================
Received Import Request.
  Time since last request: 0.000026 seconds.
  path: Assets/resources/UI/Energy-removebg-preview.png
  artifactKey: Guid(24dd389f046cf95479d698c2339d5607) Importer(2089858483,192608db42251d675da83286b1cce702)
Start importing Assets/resources/UI/Energy-removebg-preview.png using Guid(24dd389f046cf95479d698c2339d5607) Importer(2089858483,192608db42251d675da83286b1cce702) (ScriptedImporter) -> (artifact id: '48a7e8d1759174960a1dcdf2de62e381') in 0.008232 seconds
Number of updated asset objects reloaded before import = 0Number of asset objects unloaded after import = 3

========================================================================
Received Import Request.
  Time since last request: 0.000013 seconds.
  path: Assets/Castle imported/Material/CastlePackMaterial.mat
  artifactKey: Guid(fabd81ed4ea0a3e4a98f91d5114c3d6e) Importer(2089858483,192608db42251d675da83286b1cce702)
Start importing Assets/Castle imported/Material/CastlePackMaterial.mat using Guid(fabd81ed4ea0a3e4a98f91d5114c3d6e) Importer(2089858483,192608db42251d675da83286b1cce702) (ScriptedImporter) -> (artifact id: 'f071e400437db954c1ce022ddd232bc1') in 0.0054134 seconds
Number of updated asset objects reloaded before import = 0Number of asset objects unloaded after import = 2

========================================================================
Received Import Request.
  Time since last request: 0.000113 seconds.
  path: Assets/TextMesh Pro/Resources/Fonts & Materials/LiberationSans SDF - Outline.mat
  artifactKey: Guid(79459efec17a4d00a321bdcc27bbc385) Importer(2089858483,192608db42251d675da83286b1cce702)
Start importing Assets/TextMesh Pro/Resources/Fonts & Materials/LiberationSans SDF - Outline.mat using Guid(79459efec17a4d00a321bdcc27bbc385) Importer(2089858483,192608db42251d675da83286b1cce702) (ScriptedImporter) -> (artifact id: '2a2fca0f2bbea160c93d1ff33df2bffd') in 0.0229202 seconds
Number of updated asset objects reloaded before import = 0Number of asset objects unloaded after import = 2

========================================================================
Received Import Request.
  Time since last request: 0.000027 seconds.
  path: Assets/resources/UI/ButtonImages/ButtonBG.png
  artifactKey: Guid(c8bab25cd405fe5478241718abc0cb03) Importer(2089858483,192608db42251d675da83286b1cce702)
Start importing Assets/resources/UI/ButtonImages/ButtonBG.png using Guid(c8bab25cd405fe5478241718abc0cb03) Importer(2089858483,192608db42251d675da83286b1cce702) (ScriptedImporter) -> (artifact id: '9569ad69ce5b21d9bc761ad4f4568248') in 0.018243 seconds
Number of updated asset objects reloaded before import = 0Number of asset objects unloaded after import = 1

========================================================================
Received Import Request.
  Time since last request: 0.000016 seconds.
  path: Assets/resources/Scenes/final 3/NavMesh-Teleportation Area (1).asset
  artifactKey: Guid(04e92719c8e1796498e562f290ec94be) Importer(2089858483,192608db42251d675da83286b1cce702)
Start importing Assets/resources/Scenes/final 3/NavMesh-Teleportation Area (1).asset using Guid(04e92719c8e1796498e562f290ec94be) Importer(2089858483,192608db42251d675da83286b1cce702) (ScriptedImporter) -> (artifact id: '9d602e425c289ec654d6bb677c6d0df3') in 0.0061836 seconds
Number of updated asset objects reloaded before import = 0Number of asset objects unloaded after import = 1

========================================================================
Received Import Request.
  Time since last request: 0.000016 seconds.
  path: Assets/resources/Scripts/Base/BaseHealthUIManager.cs
  artifactKey: Guid(b2cf6c1c6e5718946892a68a2ad27270) Importer(2089858483,192608db42251d675da83286b1cce702)
Start importing Assets/resources/Scripts/Base/BaseHealthUIManager.cs using Guid(b2cf6c1c6e5718946892a68a2ad27270) Importer(2089858483,192608db42251d675da83286b1cce702) (ScriptedImporter) -> (artifact id: '40ff953275343180e4b6035a6cee05b7') in 0.0050313 seconds
Number of updated asset objects reloaded before import = 0Number of asset objects unloaded after import = 0

========================================================================
Received Import Request.
  Time since last request: 0.000016 seconds.
  path: Assets/resources/UI/Main Controll panel/QUIT.png
  artifactKey: Guid(a634e6ad9037cf242aa17def51ceb4f2) Importer(2089858483,192608db42251d675da83286b1cce702)
Start importing Assets/resources/UI/Main Controll panel/QUIT.png using Guid(a634e6ad9037cf242aa17def51ceb4f2) Importer(2089858483,192608db42251d675da83286b1cce702) (ScriptedImporter) -> (artifact id: 'dae6a2d5362bd6b1cc23dd92562ea6cc') in 0.0114426 seconds
Number of updated asset objects reloaded before import = 0Number of asset objects unloaded after import = 3

========================================================================
Received Import Request.
  Time since last request: 0.000017 seconds.
  path: Assets/resources/Scripts/Managers/BootLoader.cs
  artifactKey: Guid(33a23bfc7ba8ec2429c342379ed0d290) Importer(2089858483,192608db42251d675da83286b1cce702)
Start importing Assets/resources/Scripts/Managers/BootLoader.cs using Guid(33a23bfc7ba8ec2429c342379ed0d290) Importer(2089858483,192608db42251d675da83286b1cce702) (ScriptedImporter) -> (artifact id: '587260cf66e68785753950a99eabac34') in 0.004472 seconds
Number of updated asset objects reloaded before import = 0Number of asset objects unloaded after import = 0

========================================================================
Received Import Request.
  Time since last request: 0.000036 seconds.
  path: Assets/resources/Scripts/GamePlay/UserProfile.cs
  artifactKey: Guid(e003fdd7747b66047a88d96c1e02a724) Importer(2089858483,192608db42251d675da83286b1cce702)
Start importing Assets/resources/Scripts/GamePlay/UserProfile.cs using Guid(e003fdd7747b66047a88d96c1e02a724) Importer(2089858483,192608db42251d675da83286b1cce702) (ScriptedImporter) -> (artifact id: 'dff6f65da61ec1e083476014a8ffed88') in 0.0046574 seconds
Number of updated asset objects reloaded before import = 0Number of asset objects unloaded after import = 0

========================================================================
Received Import Request.
  Time since last request: 0.000022 seconds.
  path: Assets/resources/Scenes/Level1/NavMesh-Teleportation Area.asset
  artifactKey: Guid(e277efabf7984ef48a18cbfcceb9b8c4) Importer(2089858483,192608db42251d675da83286b1cce702)
Start importing Assets/resources/Scenes/Level1/NavMesh-Teleportation Area.asset using Guid(e277efabf7984ef48a18cbfcceb9b8c4) Importer(2089858483,192608db42251d675da83286b1cce702) (ScriptedImporter) -> (artifact id: '9e551e19a385203be0b0396f74963a4e') in 0.0062474 seconds
Number of updated asset objects reloaded before import = 0Number of asset objects unloaded after import = 1

========================================================================
Received Import Request.
  Time since last request: 0.000021 seconds.
  path: Assets/resources/Scripts/UI/VRButtonTroop.cs
  artifactKey: Guid(e145075cf39f20042889435b64a87446) Importer(2089858483,192608db42251d675da83286b1cce702)
Start importing Assets/resources/Scripts/UI/VRButtonTroop.cs using Guid(e145075cf39f20042889435b64a87446) Importer(2089858483,192608db42251d675da83286b1cce702) (ScriptedImporter) -> (artifact id: '414670c99803013baa57cb39338f8990') in 0.0040637 seconds
Number of updated asset objects reloaded before import = 0Number of asset objects unloaded after import = 0

========================================================================
Received Import Request.
  Time since last request: 0.000019 seconds.
  path: Assets/resources/Scenes/Home/NavMesh-Teleportation Area.asset
  artifactKey: Guid(d0d03486c6308fa44a9cbada04f99c02) Importer(2089858483,192608db42251d675da83286b1cce702)
Start importing Assets/resources/Scenes/Home/NavMesh-Teleportation Area.asset using Guid(d0d03486c6308fa44a9cbada04f99c02) Importer(2089858483,192608db42251d675da83286b1cce702) (ScriptedImporter) -> (artifact id: '746251afd25ffa40dd8f0dc9e6a620f8') in 0.0047495 seconds
Number of updated asset objects reloaded before import = 0Number of asset objects unloaded after import = 1

========================================================================
Received Import Request.
  Time since last request: 0.000023 seconds.
  path: Assets/resources/Scripts/GamePlay/BattleUIManager.cs
  artifactKey: Guid(3cbe88d75e68a0f49b66d7f22b4bcd70) Importer(2089858483,192608db42251d675da83286b1cce702)
Start importing Assets/resources/Scripts/GamePlay/BattleUIManager.cs using Guid(3cbe88d75e68a0f49b66d7f22b4bcd70) Importer(2089858483,192608db42251d675da83286b1cce702) (ScriptedImporter) -> (artifact id: '9bec16259435a4159c4b68a5e12c48f4') in 0.0039353 seconds
Number of updated asset objects reloaded before import = 0Number of asset objects unloaded after import = 0

========================================================================
Received Import Request.
  Time since last request: 0.000030 seconds.
  path: Assets/resources/Scenes/final 1/NavMesh-Teleportation Area ENEMY.asset
  artifactKey: Guid(2db54c923eb8e914a83396f9fe0c523f) Importer(2089858483,192608db42251d675da83286b1cce702)
Start importing Assets/resources/Scenes/final 1/NavMesh-Teleportation Area ENEMY.asset using Guid(2db54c923eb8e914a83396f9fe0c523f) Importer(2089858483,192608db42251d675da83286b1cce702) (ScriptedImporter) -> (artifact id: '30214393eaec01405e13a506b9669770') in 0.0094299 seconds
Number of updated asset objects reloaded before import = 0Number of asset objects unloaded after import = 1

========================================================================
Received Import Request.
  Time since last request: 0.000017 seconds.
  path: Assets/resources/Scripts/UI/SpawnButtonCooldown.cs
  artifactKey: Guid(7cec141f1f0103444910c49c7d124c6b) Importer(2089858483,192608db42251d675da83286b1cce702)
Start importing Assets/resources/Scripts/UI/SpawnButtonCooldown.cs using Guid(7cec141f1f0103444910c49c7d124c6b) Importer(2089858483,192608db42251d675da83286b1cce702) (ScriptedImporter) -> (artifact id: '5850980dffd08d02b98412849b664160') in 0.0043565 seconds
Number of updated asset objects reloaded before import = 0Number of asset objects unloaded after import = 0

========================================================================
Received Import Request.
  Time since last request: 0.000017 seconds.
  path: Assets/resources/Scripts/Managers/MatchSessionManager.cs
  artifactKey: Guid(323cc4a56ac7ce945872e7b8470ecd57) Importer(2089858483,192608db42251d675da83286b1cce702)
Start importing Assets/resources/Scripts/Managers/MatchSessionManager.cs using Guid(323cc4a56ac7ce945872e7b8470ecd57) Importer(2089858483,192608db42251d675da83286b1cce702) (ScriptedImporter) -> (artifact id: '9e5876c50dbef38fdb785caa885e2cfd') in 0.0042685 seconds
Number of updated asset objects reloaded before import = 0Number of asset objects unloaded after import = 0

========================================================================
Received Import Request.
  Time since last request: 0.000013 seconds.
  path: Assets/TextMesh Pro/Resources/Sprite Assets/InlineIcons.png
  artifactKey: Guid(215687feeab0b7445b4a1cd86c82c2e1) Importer(2089858483,192608db42251d675da83286b1cce702)
Start importing Assets/TextMesh Pro/Resources/Sprite Assets/InlineIcons.png using Guid(215687feeab0b7445b4a1cd86c82c2e1) Importer(2089858483,192608db42251d675da83286b1cce702) (ScriptedImporter) -> (artifact id: '3f47ab717fd82ce6199b900a8151ca61') in 0.2877142 seconds
Number of updated asset objects reloaded before import = 0Number of asset objects unloaded after import = 207

========================================================================
Received Import Request.
  Time since last request: 0.000024 seconds.
  path: Assets/_Tanks/Prefabs/DustTrails/DustTrail_Moon.prefab
  artifactKey: Guid(daceba43be89eb146a3ed6af99b08c29) Importer(2089858483,192608db42251d675da83286b1cce702)
Start importing Assets/_Tanks/Prefabs/DustTrails/DustTrail_Moon.prefab using Guid(daceba43be89eb146a3ed6af99b08c29) Importer(2089858483,192608db42251d675da83286b1cce702) (ScriptedImporter) -> (artifact id: 'a0b5b1a4ef3c941122727d88e7799397') in 0.1111863 seconds
Number of updated asset objects reloaded before import = 0Number of asset objects unloaded after import = 7

========================================================================
Received Import Request.
  Time since last request: 0.000029 seconds.
  path: Assets/_Tanks/Audio/Music/Music_Classic.wav
  artifactKey: Guid(8ce5d020a687c314891341b4126d1de2) Importer(2089858483,192608db42251d675da83286b1cce702)
Start importing Assets/_Tanks/Audio/Music/Music_Classic.wav using Guid(8ce5d020a687c314891341b4126d1de2) Importer(2089858483,192608db42251d675da83286b1cce702) (ScriptedImporter) -> (artifact id: '0926ebcad01630d278842fa5a563e224') in 0.184073 seconds
Number of updated asset objects reloaded before import = 0Number of asset objects unloaded after import = 1

========================================================================
Received Import Request.
  Time since last request: 0.000024 seconds.
  path: Assets/XRI/Settings/Resources/InteractionLayerSettings.asset
  artifactKey: Guid(2e5962ea5768f164d967716ab36ad1fa) Importer(2089858483,192608db42251d675da83286b1cce702)
Start importing Assets/XRI/Settings/Resources/InteractionLayerSettings.asset using Guid(2e5962ea5768f164d967716ab36ad1fa) Importer(2089858483,192608db42251d675da83286b1cce702) (ScriptedImporter) -> (artifact id: '75da8f9aa0d2ef0b6019a5d33fe87e78') in 0.0061142 seconds
Number of updated asset objects reloaded before import = 0Number of asset objects unloaded after import = 1

========================================================================
Received Import Request.
  Time since last request: 0.000025 seconds.
  path: Assets/_Tanks/Prefabs/Levels/LevelDesert.prefab
  artifactKey: Guid(a47bbcd379a3bc448a1a2ff78c0b287a) Importer(2089858483,192608db42251d675da83286b1cce702)
Start importing Assets/_Tanks/Prefabs/Levels/LevelDesert.prefab using Guid(a47bbcd379a3bc448a1a2ff78c0b287a) Importer(2089858483,192608db42251d675da83286b1cce702) (ScriptedImporter) -> (artifact id: '7f6989a711a6348658074718cbb3de0a') in 0.028521 seconds
Number of updated asset objects reloaded before import = 0Number of asset objects unloaded after import = 823

========================================================================
Received Import Request.
  Time since last request: 0.000023 seconds.
  path: Assets/_Tanks/Audio/Music/Music_Funky.ogg
  artifactKey: Guid(57d0deb8f19bd4346bd53aaa96857a97) Importer(2089858483,192608db42251d675da83286b1cce702)
Start importing Assets/_Tanks/Audio/Music/Music_Funky.ogg using Guid(57d0deb8f19bd4346bd53aaa96857a97) Importer(2089858483,192608db42251d675da83286b1cce702) (ScriptedImporter) -> (artifact id: '3ea4a3809ea50b84b12da9982d651885') in 0.0709309 seconds
Number of updated asset objects reloaded before import = 0Number of asset objects unloaded after import = 1

========================================================================
Received Import Request.
  Time since last request: 0.000015 seconds.
  path: Assets/_Tanks/Art/Animators/CompletePumpjack.controller
  artifactKey: Guid(92ebf232461ebc342884766124202572) Importer(2089858483,192608db42251d675da83286b1cce702)
Start importing Assets/_Tanks/Art/Animators/CompletePumpjack.controller using Guid(92ebf232461ebc342884766124202572) Importer(2089858483,192608db42251d675da83286b1cce702) (ScriptedImporter) -> (artifact id: '74994eb350fa028aaebb33c3597cd6fa') in 0.0045351 seconds
Number of updated asset objects reloaded before import = 0Number of asset objects unloaded after import = 4

========================================================================
Received Import Request.
  Time since last request: 0.000020 seconds.
  path: Assets/_Tanks/Prefabs/PowerUps/PowerUpHUD.prefab
  artifactKey: Guid(54fa582ae599bb64dbdace48e15b1a83) Importer(2089858483,192608db42251d675da83286b1cce702)
Start importing Assets/_Tanks/Prefabs/PowerUps/PowerUpHUD.prefab using Guid(54fa582ae599bb64dbdace48e15b1a83) Importer(2089858483,192608db42251d675da83286b1cce702) (ScriptedImporter) -> (artifact id: '4c47a63bbaff16419e5fc5bbc15d0310') in 0.0100344 seconds
Number of updated asset objects reloaded before import = 0Number of asset objects unloaded after import = 54

========================================================================
Received Import Request.
  Time since last request: 0.000032 seconds.
  path: Assets/_Tanks/Scripts/Shell/ShellExplosion.cs
  artifactKey: Guid(af9894b7bced3a04c870ade3c621f94e) Importer(2089858483,192608db42251d675da83286b1cce702)
Start importing Assets/_Tanks/Scripts/Shell/ShellExplosion.cs using Guid(af9894b7bced3a04c870ade3c621f94e) Importer(2089858483,192608db42251d675da83286b1cce702) (ScriptedImporter) -> (artifact id: 'df0f6eae1551bbbfbe37b3245359a4b2') in 0.0044656 seconds
Number of updated asset objects reloaded before import = 0Number of asset objects unloaded after import = 0

========================================================================
Received Import Request.
  Time since last request: 0.000014 seconds.
  path: Assets/_Tanks/Scripts/PowerUp/PowerUpSpawner.cs
  artifactKey: Guid(e3fbe4e5309cbf643bdf95d525fb14f1) Importer(2089858483,192608db42251d675da83286b1cce702)
Start importing Assets/_Tanks/Scripts/PowerUp/PowerUpSpawner.cs using Guid(e3fbe4e5309cbf643bdf95d525fb14f1) Importer(2089858483,192608db42251d675da83286b1cce702) (ScriptedImporter) -> (artifact id: '2325f52295a8734215353bfb1f166ec0') in 0.0044136 seconds
Number of updated asset objects reloaded before import = 0Number of asset objects unloaded after import = 0

========================================================================
Received Import Request.
  Time since last request: 0.000022 seconds.
  path: Assets/_Tanks/Prefabs/UI/Menus.prefab
  artifactKey: Guid(328826c1fd47c3e4bb07a1dec3ec4c19) Importer(2089858483,192608db42251d675da83286b1cce702)
Start importing Assets/_Tanks/Prefabs/UI/Menus.prefab using Guid(328826c1fd47c3e4bb07a1dec3ec4c19) Importer(2089858483,192608db42251d675da83286b1cce702) (ScriptedImporter) -> (artifact id: 'e5fc833cb2307154f1d8ad31879c8332') in 0.061819 seconds
Number of updated asset objects reloaded before import = 0Number of asset objects unloaded after import = 344

========================================================================
Received Import Request.
  Time since last request: 0.000028 seconds.
  path: Assets/_Tanks/Scripts/Tank/PowerUpDetector.cs
  artifactKey: Guid(613fdb3d456dfe940b92c5fe402374b4) Importer(2089858483,192608db42251d675da83286b1cce702)
Start importing Assets/_Tanks/Scripts/Tank/PowerUpDetector.cs using Guid(613fdb3d456dfe940b92c5fe402374b4) Importer(2089858483,192608db42251d675da83286b1cce702) (ScriptedImporter) -> (artifact id: '60c9f16dbd27a80de003c41105ae843e') in 0.0045278 seconds
Number of updated asset objects reloaded before import = 0Number of asset objects unloaded after import = 0

========================================================================
Received Import Request.
  Time since last request: 0.000027 seconds.
  path: Assets/_Tanks/Scripts/UI/GameUIHandler.cs
  artifactKey: Guid(58af964ecd6dd754ea606c350e17f658) Importer(2089858483,192608db42251d675da83286b1cce702)
Start importing Assets/_Tanks/Scripts/UI/GameUIHandler.cs using Guid(58af964ecd6dd754ea606c350e17f658) Importer(2089858483,192608db42251d675da83286b1cce702) (ScriptedImporter) -> (artifact id: '306757044c2a2e3c8f6840cd84492662') in 0.0044938 seconds
Number of updated asset objects reloaded before import = 0Number of asset objects unloaded after import = 0

========================================================================
Received Import Request.
  Time since last request: 0.000038 seconds.
  path: Assets/_Tanks/Prefabs/UI/TankSection.prefab
  artifactKey: Guid(2ba72b58ab141e8499abe6e2cd8a7f9e) Importer(2089858483,192608db42251d675da83286b1cce702)
Start importing Assets/_Tanks/Prefabs/UI/TankSection.prefab using Guid(2ba72b58ab141e8499abe6e2cd8a7f9e) Importer(2089858483,192608db42251d675da83286b1cce702) (ScriptedImporter) -> (artifact id: 'c678ff18a88e084971711faa0ae46a90') in 0.0324811 seconds
Number of updated asset objects reloaded before import = 0Number of asset objects unloaded after import = 83

========================================================================
Received Import Request.
  Time since last request: 0.000019 seconds.
  path: Assets/_Tanks/Scripts/Editor/MoveSceneViewCamera.cs
  artifactKey: Guid(1ac54707d3a75084eb41ad5c4c3a43b5) Importer(2089858483,192608db42251d675da83286b1cce702)
Start importing Assets/_Tanks/Scripts/Editor/MoveSceneViewCamera.cs using Guid(1ac54707d3a75084eb41ad5c4c3a43b5) Importer(2089858483,192608db42251d675da83286b1cce702) (ScriptedImporter) -> (artifact id: '54d126b47068ce4f5f53365885f0eda8') in 0.0042544 seconds
Number of updated asset objects reloaded before import = 0Number of asset objects unloaded after import = 0

========================================================================
Received Import Request.
  Time since last request: 0.000018 seconds.
  path: Assets/_Tanks/Scripts/UI/MessageTextReference.cs
  artifactKey: Guid(b6c0972b9dc4c5b458da6c499844c187) Importer(2089858483,192608db42251d675da83286b1cce702)
Start importing Assets/_Tanks/Scripts/UI/MessageTextReference.cs using Guid(b6c0972b9dc4c5b458da6c499844c187) Importer(2089858483,192608db42251d675da83286b1cce702) (ScriptedImporter) -> (artifact id: 'd469c7fb0ed7d7f15733e95c1fd0f388') in 0.0041825 seconds
Number of updated asset objects reloaded before import = 0Number of asset objects unloaded after import = 0

========================================================================
Received Import Request.
  Time since last request: 0.000019 seconds.
  path: Assets/_Tanks/Prefabs/UI/PauseMenu.prefab
  artifactKey: Guid(dc1a67b1558962a48a9310e6a3c18eb8) Importer(2089858483,192608db42251d675da83286b1cce702)
Start importing Assets/_Tanks/Prefabs/UI/PauseMenu.prefab using Guid(dc1a67b1558962a48a9310e6a3c18eb8) Importer(2089858483,192608db42251d675da83286b1cce702) (ScriptedImporter) -> (artifact id: '9bd266dfff4a6d726e8ad307fb37b018') in 0.015976 seconds
Number of updated asset objects reloaded before import = 0Number of asset objects unloaded after import = 95

========================================================================
Received Import Request.
  Time since last request: 0.000032 seconds.
  path: Assets/_Tanks/Audio/SFX/EngineDriving.aif
  artifactKey: Guid(d7ca9fb5aa30155449192b23d7fb3336) Importer(2089858483,192608db42251d675da83286b1cce702)
Start importing Assets/_Tanks/Audio/SFX/EngineDriving.aif using Guid(d7ca9fb5aa30155449192b23d7fb3336) Importer(2089858483,192608db42251d675da83286b1cce702) (ScriptedImporter) -> (artifact id: '3e0627cd5fe7882da887699f0e44f12a') in 0.0424598 seconds
Number of updated asset objects reloaded before import = 0Number of asset objects unloaded after import = 1

========================================================================
Received Import Request.
  Time since last request: 0.000017 seconds.
  path: Assets/_Tanks/Art/Textures/Gradient Grey.png
  artifactKey: Guid(5f0e21a92b1383e4c8580a2098a8158a) Importer(2089858483,192608db42251d675da83286b1cce702)
Start importing Assets/_Tanks/Art/Textures/Gradient Grey.png using Guid(5f0e21a92b1383e4c8580a2098a8158a) Importer(2089858483,192608db42251d675da83286b1cce702) (ScriptedImporter) -> (artifact id: '0214098e78a3b5bc1b74d39029431bbb') in 0.0088899 seconds
Number of updated asset objects reloaded before import = 0Number of asset objects unloaded after import = 1

========================================================================
Received Import Request.
  Time since last request: 0.000018 seconds.
  path: Assets/_Tanks/Audio/Music/Music_Steady.ogg
  artifactKey: Guid(8b2a81e3e40a149ff9376a45240ddd95) Importer(2089858483,192608db42251d675da83286b1cce702)
Start importing Assets/_Tanks/Audio/Music/Music_Steady.ogg using Guid(8b2a81e3e40a149ff9376a45240ddd95) Importer(2089858483,192608db42251d675da83286b1cce702) (ScriptedImporter) -> (artifact id: '102149411fff463207c3ad5ec390d0a8') in 0.0329258 seconds
Number of updated asset objects reloaded before import = 0Number of asset objects unloaded after import = 1

========================================================================
Received Import Request.
  Time since last request: 0.000019 seconds.
  path: Assets/_Tanks/Tutorial_Demo/Demo_Scenes/Demo_Game_Jungle.unity
  artifactKey: Guid(37961ba4d27bd46428d20c2ffe403dc3) Importer(2089858483,192608db42251d675da83286b1cce702)
Start importing Assets/_Tanks/Tutorial_Demo/Demo_Scenes/Demo_Game_Jungle.unity using Guid(37961ba4d27bd46428d20c2ffe403dc3) Importer(2089858483,192608db42251d675da83286b1cce702) (ScriptedImporter) -> (artifact id: '5c2bdeaabad7bfd95ad8de4ec380c305') in 0.009158 seconds
Number of updated asset objects reloaded before import = 0Number of asset objects unloaded after import = 1

========================================================================
Received Import Request.
  Time since last request: 0.000028 seconds.
  path: Assets/Castle imported/Prefab/Castles/HexagonCastle/CS_Hexagon_Castle_Stage03 Variant.prefab
  artifactKey: Guid(447cd9184098a7941ba3851cee64a8d9) Importer(2089858483,192608db42251d675da83286b1cce702)
Start importing Assets/Castle imported/Prefab/Castles/HexagonCastle/CS_Hexagon_Castle_Stage03 Variant.prefab using Guid(447cd9184098a7941ba3851cee64a8d9) Importer(2089858483,192608db42251d675da83286b1cce702) (ScriptedImporter) -> (artifact id: '2a469ae7457a1a0622bfa3fb5a0bea15') in 0.0095133 seconds
Number of updated asset objects reloaded before import = 0Number of asset objects unloaded after import = 14

========================================================================
Received Import Request.
  Time since last request: 0.000018 seconds.
  path: Assets/Castle imported/Models/Castles/HexagonCastle/CS_Hexagon_Castle_Stage02.fbx
  artifactKey: Guid(306d47c373eec6b4ca568a5f4f856327) Importer(2089858483,192608db42251d675da83286b1cce702)
Start importing Assets/Castle imported/Models/Castles/HexagonCastle/CS_Hexagon_Castle_Stage02.fbx using Guid(306d47c373eec6b4ca568a5f4f856327) Importer(2089858483,192608db42251d675da83286b1cce702) (ScriptedImporter) -> (artifact id: '4b6c421bd1ecb74261f324fbe967698f') in 0.0111198 seconds
Number of updated asset objects reloaded before import = 0Number of asset objects unloaded after import = 9

========================================================================
Received Import Request.
  Time since last request: 0.000017 seconds.
  path: Assets/LowlyPoly/Stylized Grass Texture/Scene/Stylized Grass Texture/ReflectionProbe-0.exr
  artifactKey: Guid(105221ccb36d7e8438da1c3f08cc3d8b) Importer(2089858483,192608db42251d675da83286b1cce702)
Start importing Assets/LowlyPoly/Stylized Grass Texture/Scene/Stylized Grass Texture/ReflectionProbe-0.exr using Guid(105221ccb36d7e8438da1c3f08cc3d8b) Importer(2089858483,192608db42251d675da83286b1cce702) (ScriptedImporter) -> (artifact id: '390d4b2a4ef9169851f678046506862e') in 0.0087398 seconds
Number of updated asset objects reloaded before import = 0Number of asset objects unloaded after import = 1

========================================================================
Received Import Request.
  Time since last request: 0.000015 seconds.
  path: Assets/_Tanks/Tutorial_Demo/Demo_AudioMixers/Demo_CompleteMainMix.mixer
  artifactKey: Guid(86a7353f2579d476fbaa7f161c2e5d00) Importer(2089858483,192608db42251d675da83286b1cce702)
Start importing Assets/_Tanks/Tutorial_Demo/Demo_AudioMixers/Demo_CompleteMainMix.mixer using Guid(86a7353f2579d476fbaa7f161c2e5d00) Importer(2089858483,192608db42251d675da83286b1cce702) (ScriptedImporter)Refreshing native plugins compatible for Editor in 14.37 ms, found 17 plugins.
Preloading 2 native plugins for Editor in 0.16 ms.
 -> (artifact id: 'f387b26ffdb7162bf1fcf23603ba0429') in 0.0339931 seconds
Number of updated asset objects reloaded before import = 0Number of asset objects unloaded after import = 13

========================================================================
Received Import Request.
  Time since last request: 0.000021 seconds.
  path: Assets/Castle imported/Models/Castles/HexagonCastle/CS_Hexagon_Castle_Stage03.fbx
  artifactKey: Guid(61861d91157477640b39157db0fc30bc) Importer(2089858483,192608db42251d675da83286b1cce702)
Start importing Assets/Castle imported/Models/Castles/HexagonCastle/CS_Hexagon_Castle_Stage03.fbx using Guid(61861d91157477640b39157db0fc30bc) Importer(2089858483,192608db42251d675da83286b1cce702) (ScriptedImporter) -> (artifact id: '80a1cea6e05a69cc68777112bfee3ec7') in 0.0144416 seconds
Number of updated asset objects reloaded before import = 0Number of asset objects unloaded after import = 9

========================================================================
Received Import Request.
  Time since last request: 0.000031 seconds.
  path: Assets/Castle imported/Models/Castles/EvilCastle/CS_Evil_Castle_Stage03.fbx
  artifactKey: Guid(cb57581b23b1e5145bcd1ef97350c364) Importer(2089858483,192608db42251d675da83286b1cce702)
Start importing Assets/Castle imported/Models/Castles/EvilCastle/CS_Evil_Castle_Stage03.fbx using Guid(cb57581b23b1e5145bcd1ef97350c364) Importer(2089858483,192608db42251d675da83286b1cce702) (ScriptedImporter) -> (artifact id: '0f4bffdd05a9bfef2c5ba558854bb536') in 0.0168185 seconds
Number of updated asset objects reloaded before import = 0Number of asset objects unloaded after import = 9

========================================================================
Received Import Request.
  Time since last request: 0.000015 seconds.
  path: Assets/Castle imported/Prefab/Castles/HexagonCastle/CS_Hexagon_Castle_Stage01 Variant.prefab
  artifactKey: Guid(093b280e63effdf4e85a468ece09a04b) Importer(2089858483,192608db42251d675da83286b1cce702)
Start importing Assets/Castle imported/Prefab/Castles/HexagonCastle/CS_Hexagon_Castle_Stage01 Variant.prefab using Guid(093b280e63effdf4e85a468ece09a04b) Importer(2089858483,192608db42251d675da83286b1cce702) (ScriptedImporter) -> (artifact id: 'fb7fed4954448afe5e07ecd36c1d69c2') in 0.0088675 seconds
Number of updated asset objects reloaded before import = 0Number of asset objects unloaded after import = 14

========================================================================
Received Import Request.
  Time since last request: 0.000029 seconds.
  path: Assets/_Tanks/Settings/Profiles/DefaultVolumeProfile.asset
  artifactKey: Guid(7d387091ad99040d59f8973a0522d17c) Importer(2089858483,192608db42251d675da83286b1cce702)
Start importing Assets/_Tanks/Settings/Profiles/DefaultVolumeProfile.asset using Guid(7d387091ad99040d59f8973a0522d17c) Importer(2089858483,192608db42251d675da83286b1cce702) (ScriptedImporter) -> (artifact id: '604210a1ddb88323f92399bc13100a6f') in 0.0074162 seconds
Number of updated asset objects reloaded before import = 0Number of asset objects unloaded after import = 20

========================================================================
Received Import Request.
  Time since last request: 0.000019 seconds.
  path: Assets/resources/Scripts/GamePlay/Projectile/Projectile.cs
  artifactKey: Guid(f1ee2dcab77fee244b3ef968d515d227) Importer(2089858483,192608db42251d675da83286b1cce702)
Start importing Assets/resources/Scripts/GamePlay/Projectile/Projectile.cs using Guid(f1ee2dcab77fee244b3ef968d515d227) Importer(2089858483,192608db42251d675da83286b1cce702) (ScriptedImporter) -> (artifact id: '7c2bb86d2f34ce430a8872bd865c3db7') in 0.0040027 seconds
Number of updated asset objects reloaded before import = 0Number of asset objects unloaded after import = 0

========================================================================
Received Import Request.
  Time since last request: 0.000017 seconds.
  path: Assets/Castle imported/Models/Castles/BigCstle/untitled.fbx
  artifactKey: Guid(a20416065d25f5943b9ab3c4258e3596) Importer(2089858483,192608db42251d675da83286b1cce702)
Start importing Assets/Castle imported/Models/Castles/BigCstle/untitled.fbx using Guid(a20416065d25f5943b9ab3c4258e3596) Importer(2089858483,192608db42251d675da83286b1cce702) (ScriptedImporter) -> (artifact id: '74bcd6abb61b8242287cfd1cf5462ee3') in 0.0119506 seconds
Number of updated asset objects reloaded before import = 0Number of asset objects unloaded after import = 9

========================================================================
Received Import Request.
  Time since last request: 0.000019 seconds.
  path: Assets/_Tanks/Settings/Profiles/PPVolume.asset
  artifactKey: Guid(ce03a0c48ed615c4e8dee57929d00d10) Importer(2089858483,192608db42251d675da83286b1cce702)
Start importing Assets/_Tanks/Settings/Profiles/PPVolume.asset using Guid(ce03a0c48ed615c4e8dee57929d00d10) Importer(2089858483,192608db42251d675da83286b1cce702) (ScriptedImporter) -> (artifact id: '2d2fa7805ef66b5093091321cd456916') in 0.0050379 seconds
Number of updated asset objects reloaded before import = 0Number of asset objects unloaded after import = 6

========================================================================
Received Import Request.
  Time since last request: 0.000022 seconds.
  path: Assets/Castle imported/Models/Castles/SmallCastle/CS_Small_Castle_Stage03.fbx
  artifactKey: Guid(a6eb5087beff5924ab4e61f470194742) Importer(2089858483,192608db42251d675da83286b1cce702)
Start importing Assets/Castle imported/Models/Castles/SmallCastle/CS_Small_Castle_Stage03.fbx using Guid(a6eb5087beff5924ab4e61f470194742) Importer(2089858483,192608db42251d675da83286b1cce702) (ScriptedImporter) -> (artifact id: 'ec895874316dd24217e43b2f2860a425') in 0.0108846 seconds
Number of updated asset objects reloaded before import = 0Number of asset objects unloaded after import = 9

========================================================================
Received Import Request.
  Time since last request: 0.000017 seconds.
  path: Assets/Castle imported/Prefab/Castles/EvilCastle/CS_Evil_Castle_Stage01 Variant.prefab
  artifactKey: Guid(dabb831a8a1be304699791e6e72aa16e) Importer(2089858483,192608db42251d675da83286b1cce702)
Start importing Assets/Castle imported/Prefab/Castles/EvilCastle/CS_Evil_Castle_Stage01 Variant.prefab using Guid(dabb831a8a1be304699791e6e72aa16e) Importer(2089858483,192608db42251d675da83286b1cce702) (ScriptedImporter) -> (artifact id: 'f8c56f6345cc962c918cb0531b26c794') in 0.01318 seconds
Number of updated asset objects reloaded before import = 0Number of asset objects unloaded after import = 14

========================================================================
Received Import Request.
  Time since last request: 0.000015 seconds.
  path: Assets/resources/Scripts/GamePlay/TeamComponent.cs
  artifactKey: Guid(b467ce9780c3a5443a3fa4f1dce9a56f) Importer(2089858483,192608db42251d675da83286b1cce702)
Start importing Assets/resources/Scripts/GamePlay/TeamComponent.cs using Guid(b467ce9780c3a5443a3fa4f1dce9a56f) Importer(2089858483,192608db42251d675da83286b1cce702) (ScriptedImporter) -> (artifact id: 'd90a2868ef7789244089dfec3af93872') in 0.004329 seconds
Number of updated asset objects reloaded before import = 0Number of asset objects unloaded after import = 0

========================================================================
Received Import Request.
  Time since last request: 0.000017 seconds.
  path: Assets/Samples/XR Interaction Toolkit/3.2.2/Starter Assets/StarterAssets.asmdef
  artifactKey: Guid(8f07e33567e0ee542b40769c456c6b53) Importer(2089858483,192608db42251d675da83286b1cce702)
Start importing Assets/Samples/XR Interaction Toolkit/3.2.2/Starter Assets/StarterAssets.asmdef using Guid(8f07e33567e0ee542b40769c456c6b53) Importer(2089858483,192608db42251d675da83286b1cce702) (ScriptedImporter) -> (artifact id: '08cce587a158dd2aaf5a64da44164593') in 0.0048373 seconds
Number of updated asset objects reloaded before import = 0Number of asset objects unloaded after import = 1

========================================================================
Received Import Request.
  Time since last request: 0.000015 seconds.
  path: Assets/_Tanks/Art/Fonts/IBM_Plex_Mono/OFL.txt
  artifactKey: Guid(8a59d2daea6874ea18c42e5e01123bb0) Importer(2089858483,192608db42251d675da83286b1cce702)
Start importing Assets/_Tanks/Art/Fonts/IBM_Plex_Mono/OFL.txt using Guid(8a59d2daea6874ea18c42e5e01123bb0) Importer(2089858483,192608db42251d675da83286b1cce702) (ScriptedImporter) -> (artifact id: 'bafb1871c20a0d004d3740084ed25972') in 0.003554 seconds
Number of updated asset objects reloaded before import = 0Number of asset objects unloaded after import = 1

========================================================================
Received Import Request.
  Time since last request: 0.000020 seconds.
  path: Assets/Samples/XR Interaction Toolkit/3.2.2/Hands Interaction Demo/HandsDemoScene.unity
  artifactKey: Guid(3ff35cecbcc52cc42945cf531638a60a) Importer(2089858483,192608db42251d675da83286b1cce702)
Start importing Assets/Samples/XR Interaction Toolkit/3.2.2/Hands Interaction Demo/HandsDemoScene.unity using Guid(3ff35cecbcc52cc42945cf531638a60a) Importer(2089858483,192608db42251d675da83286b1cce702) (ScriptedImporter) -> (artifact id: 'b236ffc5d164924cc3208c20f588e228') in 0.0105675 seconds
Number of updated asset objects reloaded before import = 0Number of asset objects unloaded after import = 1

========================================================================
Received Import Request.
  Time since last request: 0.000025 seconds.
  path: Assets/Samples/XR Interaction Toolkit/3.2.2/XR Device Simulator/DeviceSimulator.asmdef
  artifactKey: Guid(a0c6cb4ff4b70b44e933543a342fb2b1) Importer(2089858483,192608db42251d675da83286b1cce702)
Start importing Assets/Samples/XR Interaction Toolkit/3.2.2/XR Device Simulator/DeviceSimulator.asmdef using Guid(a0c6cb4ff4b70b44e933543a342fb2b1) Importer(2089858483,192608db42251d675da83286b1cce702) (ScriptedImporter) -> (artifact id: '9ecbdbd076c4388044836eb37cacf80e') in 0.0077724 seconds
Number of updated asset objects reloaded before import = 0Number of asset objects unloaded after import = 1

========================================================================
Received Import Request.
  Time since last request: 0.000013 seconds.
  path: Assets/_Tanks/Art/Fonts/Exo_2/README.txt
  artifactKey: Guid(fd862b07294264a11aad38c5ed616216) Importer(2089858483,192608db42251d675da83286b1cce702)
Start importing Assets/_Tanks/Art/Fonts/Exo_2/README.txt using Guid(fd862b07294264a11aad38c5ed616216) Importer(2089858483,192608db42251d675da83286b1cce702) (ScriptedImporter) -> (artifact id: 'fe850b4902fbf6277412ac0c8f5d59da') in 0.004434 seconds
Number of updated asset objects reloaded before import = 0Number of asset objects unloaded after import = 1

========================================================================
Received Import Request.
  Time since last request: 0.000016 seconds.
  path: Assets/_Tanks/Art/Fonts/Inter/Inter_18pt-Regular.ttf
  artifactKey: Guid(65658ecbf2cf048b48ffe9429e595a4f) Importer(2089858483,192608db42251d675da83286b1cce702)
Start importing Assets/_Tanks/Art/Fonts/Inter/Inter_18pt-Regular.ttf using Guid(65658ecbf2cf048b48ffe9429e595a4f) Importer(2089858483,192608db42251d675da83286b1cce702) (ScriptedImporter) -> (artifact id: 'a18661fd6b29c18b7d34122a93c3e3b0') in 0.0153059 seconds
Number of updated asset objects reloaded before import = 0Number of asset objects unloaded after import = 3

========================================================================
Received Import Request.
  Time since last request: 0.000016 seconds.
  path: Assets/Samples/XR Interaction Toolkit/3.2.2/XR Device Simulator/XR Device Simulator.prefab
  artifactKey: Guid(18ddb545287c546e19cc77dc9fbb2189) Importer(2089858483,192608db42251d675da83286b1cce702)
Start importing Assets/Samples/XR Interaction Toolkit/3.2.2/XR Device Simulator/XR Device Simulator.prefab using Guid(18ddb545287c546e19cc77dc9fbb2189) Importer(2089858483,192608db42251d675da83286b1cce702) (ScriptedImporter) -> (artifact id: 'd5a8b694548eaf3336530e04e19aa892') in 0.1957133 seconds
Number of updated asset objects reloaded before import = 0Number of asset objects unloaded after import = 827

========================================================================
Received Import Request.
  Time since last request: 0.000028 seconds.
  path: Assets/_Tanks/Art/Fonts/Bowlby_One/BowlbyOne_Regular.asset
  artifactKey: Guid(0a8bd698d5648464b89c77f8fb013429) Importer(2089858483,192608db42251d675da83286b1cce702)
Start importing Assets/_Tanks/Art/Fonts/Bowlby_One/BowlbyOne_Regular.asset using Guid(0a8bd698d5648464b89c77f8fb013429) Importer(2089858483,192608db42251d675da83286b1cce702) (ScriptedImporter) -> (artifact id: '59a86499a7c30fb99cad3ddcbfcd4fc2') in 0.0237563 seconds
Number of updated asset objects reloaded before import = 0Number of asset objects unloaded after import = 5

========================================================================
Received Import Request.
  Time since last request: 0.000026 seconds.
  path: Assets/_Tanks/Art/Fonts/Inter/Inter SDF.asset
  artifactKey: Guid(659e403256a6d4f3c8f768ea91c6c764) Importer(2089858483,192608db42251d675da83286b1cce702)
Start importing Assets/_Tanks/Art/Fonts/Inter/Inter SDF.asset using Guid(659e403256a6d4f3c8f768ea91c6c764) Importer(2089858483,192608db42251d675da83286b1cce702) (ScriptedImporter) -> (artifact id: 'a1f41af153b99220575912e218e3c5f4') in 0.0220397 seconds
Number of updated asset objects reloaded before import = 0Number of asset objects unloaded after import = 3

========================================================================
Received Import Request.
  Time since last request: 0.000016 seconds.
  path: Assets/resources/Scripts/GamePlay/Troops/TroopData.cs
  artifactKey: Guid(e34bc8c3d2531c54d9afc1497fe8b21c) Importer(2089858483,192608db42251d675da83286b1cce702)
Start importing Assets/resources/Scripts/GamePlay/Troops/TroopData.cs using Guid(e34bc8c3d2531c54d9afc1497fe8b21c) Importer(2089858483,192608db42251d675da83286b1cce702) (ScriptedImporter) -> (artifact id: 'f613f77683700690fcfccc74119ddaf4') in 0.0038344 seconds
Number of updated asset objects reloaded before import = 0Number of asset objects unloaded after import = 0

========================================================================
Received Import Request.
  Time since last request: 0.000016 seconds.
  path: Assets/_Tanks/Art/Fonts/Big_Shoulders_Stencil/README.txt
  artifactKey: Guid(eddb923869e8046fa8c676637757e34a) Importer(2089858483,192608db42251d675da83286b1cce702)
Start importing Assets/_Tanks/Art/Fonts/Big_Shoulders_Stencil/README.txt using Guid(eddb923869e8046fa8c676637757e34a) Importer(2089858483,192608db42251d675da83286b1cce702) (ScriptedImporter) -> (artifact id: '97ca390412481a7732a5c1874cf2405d') in 0.0038942 seconds
Number of updated asset objects reloaded before import = 0Number of asset objects unloaded after import = 1

========================================================================
Received Import Request.
  Time since last request: 0.000014 seconds.
  path: Assets/_Tanks/Art/Fonts/Lora/README.txt
  artifactKey: Guid(cef464a5a95ec4d839ba7e46b336414d) Importer(2089858483,192608db42251d675da83286b1cce702)
Start importing Assets/_Tanks/Art/Fonts/Lora/README.txt using Guid(cef464a5a95ec4d839ba7e46b336414d) Importer(2089858483,192608db42251d675da83286b1cce702) (ScriptedImporter) -> (artifact id: 'ff2dd0b9dd0e35e173ac8e4499e09aa4') in 0.0045845 seconds
Number of updated asset objects reloaded before import = 0Number of asset objects unloaded after import = 1

========================================================================
Received Import Request.
  Time since last request: 0.000015 seconds.
  path: Assets/_Tanks/Art/Materials/Environment/Building_2.mat
  artifactKey: Guid(25e88a4bc2363c846bee330a07689688) Importer(2089858483,192608db42251d675da83286b1cce702)
Start importing Assets/_Tanks/Art/Materials/Environment/Building_2.mat using Guid(25e88a4bc2363c846bee330a07689688) Importer(2089858483,192608db42251d675da83286b1cce702) (ScriptedImporter) -> (artifact id: 'bc5eb8549e50f45cd84e61c24bd4b140') in 0.0067946 seconds
Number of updated asset objects reloaded before import = 0Number of asset objects unloaded after import = 1

========================================================================
Received Import Request.
  Time since last request: 0.000019 seconds.
  path: Assets/_Tanks/Art/Fonts/Ubuntu/Ubuntu-Regular.ttf
  artifactKey: Guid(27e029099369c4151a70f09ecc09b15a) Importer(2089858483,192608db42251d675da83286b1cce702)
Start importing Assets/_Tanks/Art/Fonts/Ubuntu/Ubuntu-Regular.ttf using Guid(27e029099369c4151a70f09ecc09b15a) Importer(2089858483,192608db42251d675da83286b1cce702) (ScriptedImporter) -> (artifact id: 'e304987931aa0a8a0c42ce15adf65325') in 0.0076589 seconds
Number of updated asset objects reloaded before import = 0Number of asset objects unloaded after import = 3

========================================================================
Received Import Request.
  Time since last request: 0.000027 seconds.
  path: Assets/_Tanks/Art/Materials/Environment/BuildingWhite.mat
  artifactKey: Guid(00b91d76f655eaf488c0ca8bdd181a07) Importer(2089858483,192608db42251d675da83286b1cce702)
Start importing Assets/_Tanks/Art/Materials/Environment/BuildingWhite.mat using Guid(00b91d76f655eaf488c0ca8bdd181a07) Importer(2089858483,192608db42251d675da83286b1cce702) (ScriptedImporter) -> (artifact id: 'e1d13388e6276414418f6e78225b5f58') in 0.0055589 seconds
Number of updated asset objects reloaded before import = 0Number of asset objects unloaded after import = 1

========================================================================
Received Import Request.
  Time since last request: 0.000017 seconds.
  path: Assets/_Tanks/Art/Materials/Environment/GreenDoors.mat
  artifactKey: Guid(1597146e9ac5cf046a8fe924b128fdbb) Importer(2089858483,192608db42251d675da83286b1cce702)
Start importing Assets/_Tanks/Art/Materials/Environment/GreenDoors.mat using Guid(1597146e9ac5cf046a8fe924b128fdbb) Importer(2089858483,192608db42251d675da83286b1cce702) (ScriptedImporter) -> (artifact id: '92708dbe70956eed0f62e1bdfbb7d63a') in 0.0055054 seconds
Number of updated asset objects reloaded before import = 0Number of asset objects unloaded after import = 1

========================================================================
Received Import Request.
  Time since last request: 0.000020 seconds.
  path: Assets/_Tanks/Art/Materials/Environment/JungleMud.mat
  artifactKey: Guid(f81ff0a12607c164fa52fd3107764fea) Importer(2089858483,192608db42251d675da83286b1cce702)
Start importing Assets/_Tanks/Art/Materials/Environment/JungleMud.mat using Guid(f81ff0a12607c164fa52fd3107764fea) Importer(2089858483,192608db42251d675da83286b1cce702) (ScriptedImporter) -> (artifact id: '5b3cc3084d0f8550a26cf9dc93a17ba8') in 0.0048167 seconds
Number of updated asset objects reloaded before import = 0Number of asset objects unloaded after import = 1

========================================================================
Received Import Request.
  Time since last request: 0.000029 seconds.
  path: Assets/_Tanks/Art/Materials/Environment/MoonCrator.mat
  artifactKey: Guid(19f1ed20a8d2df946b5acdf7729f85f0) Importer(2089858483,192608db42251d675da83286b1cce702)
Start importing Assets/_Tanks/Art/Materials/Environment/MoonCrator.mat using Guid(19f1ed20a8d2df946b5acdf7729f85f0) Importer(2089858483,192608db42251d675da83286b1cce702) (ScriptedImporter) -> (artifact id: '9cadec3d156224fefdba3f8b99d4991c') in 0.0065152 seconds
Number of updated asset objects reloaded before import = 0Number of asset objects unloaded after import = 2

========================================================================
Received Import Request.
  Time since last request: 0.000034 seconds.
  path: Assets/_Tanks/Art/Materials/Environment/BuildingGrey.mat
  artifactKey: Guid(87d2e70ca18454e4f855f8d99afb32e3) Importer(2089858483,192608db42251d675da83286b1cce702)
Start importing Assets/_Tanks/Art/Materials/Environment/BuildingGrey.mat using Guid(87d2e70ca18454e4f855f8d99afb32e3) Importer(2089858483,192608db42251d675da83286b1cce702) (ScriptedImporter) -> (artifact id: 'f0ba46d324fe1c611e0bf6d5b0aa48da') in 0.0053167 seconds
Number of updated asset objects reloaded before import = 0Number of asset objects unloaded after import = 1

========================================================================
Received Import Request.
  Time since last request: 0.000017 seconds.
  path: Assets/_Tanks/Art/Fonts/Ubuntu/UFL.txt
  artifactKey: Guid(754506f48af0f411f8535f766d27fb4f) Importer(2089858483,192608db42251d675da83286b1cce702)
Start importing Assets/_Tanks/Art/Fonts/Ubuntu/UFL.txt using Guid(754506f48af0f411f8535f766d27fb4f) Importer(2089858483,192608db42251d675da83286b1cce702) (ScriptedImporter) -> (artifact id: 'b6871b7d70dcf98e563feafe496d2962') in 0.0043599 seconds
Number of updated asset objects reloaded before import = 0Number of asset objects unloaded after import = 1

========================================================================
Received Import Request.
  Time since last request: 0.000028 seconds.
  path: Assets/_Tanks/Art/Materials/Environment/BuildingStone.mat
  artifactKey: Guid(fe45be4ed17b56849afc17904e9a1028) Importer(2089858483,192608db42251d675da83286b1cce702)
Start importing Assets/_Tanks/Art/Materials/Environment/BuildingStone.mat using Guid(fe45be4ed17b56849afc17904e9a1028) Importer(2089858483,192608db42251d675da83286b1cce702) (ScriptedImporter) -> (artifact id: '8183d06c9011c98044b1dffd5d4387ba') in 0.0084865 seconds
Number of updated asset objects reloaded before import = 0Number of asset objects unloaded after import = 1

========================================================================
Received Import Request.
  Time since last request: 0.000020 seconds.
  path: Assets/_Tanks/Art/Materials/Environment/DarkShine.mat
  artifactKey: Guid(076cee8fc8aa7bd41b01d6a858d95efe) Importer(2089858483,192608db42251d675da83286b1cce702)
Start importing Assets/_Tanks/Art/Materials/Environment/DarkShine.mat using Guid(076cee8fc8aa7bd41b01d6a858d95efe) Importer(2089858483,192608db42251d675da83286b1cce702) (ScriptedImporter) -> (artifact id: '338027b19c067c15cbcf4a4074e5ea17') in 0.0071847 seconds
Number of updated asset objects reloaded before import = 0Number of asset objects unloaded after import = 1

========================================================================
Received Import Request.
  Time since last request: 0.000015 seconds.
  path: Assets/_Tanks/Art/Fonts/Bowlby_One/BowlbyOne-Regular.ttf
  artifactKey: Guid(3d7fe0a26ba72d949874021dc3d6995e) Importer(2089858483,192608db42251d675da83286b1cce702)
Start importing Assets/_Tanks/Art/Fonts/Bowlby_One/BowlbyOne-Regular.ttf using Guid(3d7fe0a26ba72d949874021dc3d6995e) Importer(2089858483,192608db42251d675da83286b1cce702) (ScriptedImporter) -> (artifact id: '89dd18227fb63bea92a7600e63a93269') in 0.0176916 seconds
Number of updated asset objects reloaded before import = 0Number of asset objects unloaded after import = 3

========================================================================
Received Import Request.
  Time since last request: 0.000019 seconds.
  path: Assets/_Tanks/Art/Materials/Environment/Green_4.mat
  artifactKey: Guid(c39933e60e73205419d1f79a2af1fdac) Importer(2089858483,192608db42251d675da83286b1cce702)
Start importing Assets/_Tanks/Art/Materials/Environment/Green_4.mat using Guid(c39933e60e73205419d1f79a2af1fdac) Importer(2089858483,192608db42251d675da83286b1cce702) (ScriptedImporter) -> (artifact id: 'b561b824b002db5b4eac3c0f0ec7b785') in 0.0053167 seconds
Number of updated asset objects reloaded before import = 0Number of asset objects unloaded after import = 1

========================================================================
Received Import Request.
  Time since last request: 0.000016 seconds.
  path: Assets/_Tanks/Art/Materials/Environment/MoonRock.mat
  artifactKey: Guid(63657fd3af2ee4a4d8ec1b203282f46a) Importer(2089858483,192608db42251d675da83286b1cce702)
Start importing Assets/_Tanks/Art/Materials/Environment/MoonRock.mat using Guid(63657fd3af2ee4a4d8ec1b203282f46a) Importer(2089858483,192608db42251d675da83286b1cce702) (ScriptedImporter) -> (artifact id: 'fe6cc75101d29de9f0b0bd4f0acf51c2') in 0.0050223 seconds
Number of updated asset objects reloaded before import = 0Number of asset objects unloaded after import = 1

========================================================================
Received Import Request.
  Time since last request: 0.000026 seconds.
  path: Assets/_Tanks/Art/Materials/PowerUps/Powerup_Green.mat
  artifactKey: Guid(f6c3c5b79d282714582494657d648dfc) Importer(2089858483,192608db42251d675da83286b1cce702)
Start importing Assets/_Tanks/Art/Materials/PowerUps/Powerup_Green.mat using Guid(f6c3c5b79d282714582494657d648dfc) Importer(2089858483,192608db42251d675da83286b1cce702) (ScriptedImporter) -> (artifact id: '67dfca4cf24828a31be863cffdc039fa') in 0.006618 seconds
Number of updated asset objects reloaded before import = 0Number of asset objects unloaded after import = 1

========================================================================
Received Import Request.
  Time since last request: 0.000018 seconds.
  path: Assets/_Tanks/Art/Materials/PowerUps/Powerup_Cone.mat
  artifactKey: Guid(445c4449d8739fe44853155ab50e988c) Importer(2089858483,192608db42251d675da83286b1cce702)
Start importing Assets/_Tanks/Art/Materials/PowerUps/Powerup_Cone.mat using Guid(445c4449d8739fe44853155ab50e988c) Importer(2089858483,192608db42251d675da83286b1cce702) (ScriptedImporter) -> (artifact id: 'fc4b21cb8efdd62ad9bba83dd542dd91') in 0.0060245 seconds
Number of updated asset objects reloaded before import = 0Number of asset objects unloaded after import = 1

========================================================================
Received Import Request.
  Time since last request: 0.000018 seconds.
  path: Assets/_Tanks/Art/Materials/PowerUps/Powerup_Red.mat
  artifactKey: Guid(e6fcd78a5baa42645b9b3db729a6058d) Importer(2089858483,192608db42251d675da83286b1cce702)
Start importing Assets/_Tanks/Art/Materials/PowerUps/Powerup_Red.mat using Guid(e6fcd78a5baa42645b9b3db729a6058d) Importer(2089858483,192608db42251d675da83286b1cce702) (ScriptedImporter) -> (artifact id: 'b88e73b30ae32ff13af61d859f9d3fd4') in 0.0504728 seconds
Number of updated asset objects reloaded before import = 0Number of asset objects unloaded after import = 1

========================================================================
Received Import Request.
  Time since last request: 0.000021 seconds.
  path: Assets/_Tanks/Art/Materials/Tank/TankLights.mat
  artifactKey: Guid(574c4e070e5dd0a40a02b979f582a836) Importer(2089858483,192608db42251d675da83286b1cce702)
Start importing Assets/_Tanks/Art/Materials/Tank/TankLights.mat using Guid(574c4e070e5dd0a40a02b979f582a836) Importer(2089858483,192608db42251d675da83286b1cce702) (ScriptedImporter) -> (artifact id: '7219ec430e0877ea8680a28955cba7fe') in 0.0057393 seconds
Number of updated asset objects reloaded before import = 0Number of asset objects unloaded after import = 1

========================================================================
Received Import Request.
  Time since last request: 0.000015 seconds.
  path: Assets/_Tanks/Art/Materials/Particles/Particle_Dust_Sand.mat
  artifactKey: Guid(424be3af6ad117140887d3e652a89d24) Importer(2089858483,192608db42251d675da83286b1cce702)
Start importing Assets/_Tanks/Art/Materials/Particles/Particle_Dust_Sand.mat using Guid(424be3af6ad117140887d3e652a89d24) Importer(2089858483,192608db42251d675da83286b1cce702) (ScriptedImporter) -> (artifact id: 'ff32b553df54ba06ff60d7acd7e1b9c4') in 0.0057934 seconds
Number of updated asset objects reloaded before import = 0Number of asset objects unloaded after import = 2

========================================================================
Received Import Request.
  Time since last request: 0.000032 seconds.
  path: Assets/_Tanks/Art/Materials/Environment/YellowMid.mat
  artifactKey: Guid(3ce81f985292a6048b1983593b944b37) Importer(2089858483,192608db42251d675da83286b1cce702)
Start importing Assets/_Tanks/Art/Materials/Environment/YellowMid.mat using Guid(3ce81f985292a6048b1983593b944b37) Importer(2089858483,192608db42251d675da83286b1cce702) (ScriptedImporter) -> (artifact id: '1f97f14b3c8c4093348640a8fe99c9fc') in 0.0055836 seconds
Number of updated asset objects reloaded before import = 0Number of asset objects unloaded after import = 1

========================================================================
Received Import Request.
  Time since last request: 0.000018 seconds.
  path: Assets/_Tanks/Art/Materials/Particles/Particle_Dust_Grass.mat
  artifactKey: Guid(b8f0169acd20b431881a41dc0152484c) Importer(2089858483,192608db42251d675da83286b1cce702)
Start importing Assets/_Tanks/Art/Materials/Particles/Particle_Dust_Grass.mat using Guid(b8f0169acd20b431881a41dc0152484c) Importer(2089858483,192608db42251d675da83286b1cce702) (ScriptedImporter) -> (artifact id: 'a7992d2410f202338b2d2a1f954a630f') in 0.0055339 seconds
Number of updated asset objects reloaded before import = 0Number of asset objects unloaded after import = 2

========================================================================
Received Import Request.
  Time since last request: 0.000016 seconds.
  path: Assets/_Tanks/Art/Materials/Particles/Particle_Dust_Moon.mat
  artifactKey: Guid(bd4fda2c2ab864c06b192b42a9994301) Importer(2089858483,192608db42251d675da83286b1cce702)
Start importing Assets/_Tanks/Art/Materials/Particles/Particle_Dust_Moon.mat using Guid(bd4fda2c2ab864c06b192b42a9994301) Importer(2089858483,192608db42251d675da83286b1cce702) (ScriptedImporter) -> (artifact id: '8b0cdd9fe689dc5a5c0c7d9fd3c3fb67') in 0.0050871 seconds
Number of updated asset objects reloaded before import = 0Number of asset objects unloaded after import = 2

========================================================================
Received Import Request.
  Time since last request: 0.000018 seconds.
  path: Assets/_Tanks/Art/Materials/Particles/Particle_Explosion_Gray.mat
  artifactKey: Guid(af6af579f3fe54a8eb34489684d90b6a) Importer(2089858483,192608db42251d675da83286b1cce702)
Start importing Assets/_Tanks/Art/Materials/Particles/Particle_Explosion_Gray.mat using Guid(af6af579f3fe54a8eb34489684d90b6a) Importer(2089858483,192608db42251d675da83286b1cce702) (ScriptedImporter) -> (artifact id: '92bcd88f4b7036b5ba14b6ce5ccab581') in 0.0069559 seconds
Number of updated asset objects reloaded before import = 0Number of asset objects unloaded after import = 2

========================================================================
Received Import Request.
  Time since last request: 0.000020 seconds.
  path: Assets/_Tanks/Art/Materials/Environment/RockStoneBeige.mat
  artifactKey: Guid(2adca53f00baf334aa34ff0eea351a62) Importer(2089858483,192608db42251d675da83286b1cce702)
Start importing Assets/_Tanks/Art/Materials/Environment/RockStoneBeige.mat using Guid(2adca53f00baf334aa34ff0eea351a62) Importer(2089858483,192608db42251d675da83286b1cce702) (ScriptedImporter) -> (artifact id: '10893f2d6891cd8758ea2b76a1e376c9') in 0.0056407 seconds
Number of updated asset objects reloaded before import = 0Number of asset objects unloaded after import = 1

========================================================================
Received Import Request.
  Time since last request: 0.000018 seconds.
  path: Assets/_Tanks/Art/Materials/Environment/SandPattern.mat
  artifactKey: Guid(0e8667e99832aec47ab5b5949484f326) Importer(2089858483,192608db42251d675da83286b1cce702)
Start importing Assets/_Tanks/Art/Materials/Environment/SandPattern.mat using Guid(0e8667e99832aec47ab5b5949484f326) Importer(2089858483,192608db42251d675da83286b1cce702) (ScriptedImporter) -> (artifact id: 'a00543aeaba9646216355aded79e7827') in 0.007899 seconds
Number of updated asset objects reloaded before import = 0Number of asset objects unloaded after import = 2

========================================================================
Received Import Request.
  Time since last request: 0.000027 seconds.
  path: Assets/_Tanks/Art/Materials/PowerUps/Powerup_Star.mat
  artifactKey: Guid(341c69e56be29f044bb4378ed0e44ffd) Importer(2089858483,192608db42251d675da83286b1cce702)
Start importing Assets/_Tanks/Art/Materials/PowerUps/Powerup_Star.mat using Guid(341c69e56be29f044bb4378ed0e44ffd) Importer(2089858483,192608db42251d675da83286b1cce702) (ScriptedImporter) -> (artifact id: 'eb5d2a8c1db2694cda8753d6c476dd06') in 0.0056482 seconds
Number of updated asset objects reloaded before import = 0Number of asset objects unloaded after import = 1

========================================================================
Received Import Request.
  Time since last request: 0.000019 seconds.
  path: Assets/_Tanks/Art/Materials/PowerUps/Powerup_Lighting.mat
  artifactKey: Guid(6c9527f92dab2624096bcde18fdf27c3) Importer(2089858483,192608db42251d675da83286b1cce702)
Start importing Assets/_Tanks/Art/Materials/PowerUps/Powerup_Lighting.mat using Guid(6c9527f92dab2624096bcde18fdf27c3) Importer(2089858483,192608db42251d675da83286b1cce702) (ScriptedImporter) -> (artifact id: '0d9d125523b425fd485b326784add272') in 0.0068165 seconds
Number of updated asset objects reloaded before import = 0Number of asset objects unloaded after import = 1

========================================================================
Received Import Request.
  Time since last request: 0.000022 seconds.
  path: Assets/_Tanks/Art/Models/Environment/Bush 04.FBX
  artifactKey: Guid(55ef98a4ffee7ef41bacf8215c7f45e4) Importer(2089858483,192608db42251d675da83286b1cce702)
Start importing Assets/_Tanks/Art/Models/Environment/Bush 04.FBX using Guid(55ef98a4ffee7ef41bacf8215c7f45e4) Importer(2089858483,192608db42251d675da83286b1cce702) (ScriptedImporter) -> (artifact id: '348c2a20a6bb67aa4a3df7a507605791') in 0.0135171 seconds
Number of updated asset objects reloaded before import = 0Number of asset objects unloaded after import = 9

========================================================================
Received Import Request.
  Time since last request: 0.000021 seconds.
  path: Assets/_Tanks/Art/Models/Environment/Column02.FBX
  artifactKey: Guid(74d835b756ff5654f8060c76cbcb4e19) Importer(2089858483,192608db42251d675da83286b1cce702)
Start importing Assets/_Tanks/Art/Models/Environment/Column02.FBX using Guid(74d835b756ff5654f8060c76cbcb4e19) Importer(2089858483,192608db42251d675da83286b1cce702) (ScriptedImporter) -> (artifact id: 'ccdfc424768362e11cc08093ab2cb32a') in 0.0094217 seconds
Number of updated asset objects reloaded before import = 0Number of asset objects unloaded after import = 14

========================================================================
Received Import Request.
  Time since last request: 0.000018 seconds.
  path: Assets/_Tanks/Art/Models/Environment/Grass 02.FBX
  artifactKey: Guid(6c891333969856846925f3ba5ae54999) Importer(2089858483,192608db42251d675da83286b1cce702)
Start importing Assets/_Tanks/Art/Models/Environment/Grass 02.FBX using Guid(6c891333969856846925f3ba5ae54999) Importer(2089858483,192608db42251d675da83286b1cce702) (ScriptedImporter) -> (artifact id: '3173bd70e7adf94a48cd1774ce28149d') in 0.0117538 seconds
Number of updated asset objects reloaded before import = 0Number of asset objects unloaded after import = 7

========================================================================
Received Import Request.
  Time since last request: 0.000017 seconds.
  path: Assets/_Tanks/Art/Models/Environment/Helipad.fbx
  artifactKey: Guid(614b6b69c0bbcd945bb2f83eb02a3436) Importer(2089858483,192608db42251d675da83286b1cce702)
Start importing Assets/_Tanks/Art/Models/Environment/Helipad.fbx using Guid(614b6b69c0bbcd945bb2f83eb02a3436) Importer(2089858483,192608db42251d675da83286b1cce702) (ScriptedImporter) -> (artifact id: '575821183c646c26cc00917929d9c7bc') in 0.0214053 seconds
Number of updated asset objects reloaded before import = 0Number of asset objects unloaded after import = 11

========================================================================
Received Import Request.
  Time since last request: 0.000024 seconds.
  path: Assets/_Tanks/Art/Models/Environment/Flag.FBX
  artifactKey: Guid(9cd0a71b39d86ba46a1c6548b46ef39c) Importer(2089858483,192608db42251d675da83286b1cce702)
Start importing Assets/_Tanks/Art/Models/Environment/Flag.FBX using Guid(9cd0a71b39d86ba46a1c6548b46ef39c) Importer(2089858483,192608db42251d675da83286b1cce702) (ScriptedImporter) -> (artifact id: '4087f75df03b35d28cbfdfa2ca45b060') in 0.0108669 seconds
Number of updated asset objects reloaded before import = 0Number of asset objects unloaded after import = 14

========================================================================
Received Import Request.
  Time since last request: 0.000014 seconds.
  path: Assets/_Tanks/Art/Models/Environment/PumpJack.fbx
  artifactKey: Guid(d7962f90116a5c94d9a7a2b2e4fbc1b2) Importer(2089858483,192608db42251d675da83286b1cce702)
Start importing Assets/_Tanks/Art/Models/Environment/PumpJack.fbx using Guid(d7962f90116a5c94d9a7a2b2e4fbc1b2) Importer(2089858483,192608db42251d675da83286b1cce702) (ScriptedImporter) -> (artifact id: '9ee70c39fd469bf885ba0223a7964ce2') in 0.0237352 seconds
Number of updated asset objects reloaded before import = 0Number of asset objects unloaded after import = 11

========================================================================
Received Import Request.
  Time since last request: 0.000014 seconds.
  path: Assets/_Tanks/Art/Models/Environment/BustedTank.fbx
  artifactKey: Guid(8c6d26fe262194242becdec17209d306) Importer(2089858483,192608db42251d675da83286b1cce702)
Start importing Assets/_Tanks/Art/Models/Environment/BustedTank.fbx using Guid(8c6d26fe262194242becdec17209d306) Importer(2089858483,192608db42251d675da83286b1cce702) (ScriptedImporter) -> (artifact id: '241ad2a8e041abfa34eb6bd90a6cf92f') in 0.009629 seconds
Number of updated asset objects reloaded before import = 0Number of asset objects unloaded after import = 8

========================================================================
Received Import Request.
  Time since last request: 0.000014 seconds.
  path: Assets/_Tanks/Art/Models/Environment/PalmTree01.fbx
  artifactKey: Guid(a4e851f7b5669ff4699137bd0d9569d1) Importer(2089858483,192608db42251d675da83286b1cce702)
Start importing Assets/_Tanks/Art/Models/Environment/PalmTree01.fbx using Guid(a4e851f7b5669ff4699137bd0d9569d1) Importer(2089858483,192608db42251d675da83286b1cce702) (ScriptedImporter) -> (artifact id: '3dd6ce02a973a5b62627c90bdc5505d4') in 0.011051 seconds
Number of updated asset objects reloaded before import = 0Number of asset objects unloaded after import = 9

========================================================================
Received Import Request.
  Time since last request: 0.000022 seconds.
  path: Assets/_Tanks/Art/Models/Environment/Cow.fbx
  artifactKey: Guid(961487dad48770a4d867fcbcca1e5950) Importer(2089858483,192608db42251d675da83286b1cce702)
Start importing Assets/_Tanks/Art/Models/Environment/Cow.fbx using Guid(961487dad48770a4d867fcbcca1e5950) Importer(2089858483,192608db42251d675da83286b1cce702) (ScriptedImporter) -> (artifact id: '981dee9f6a515cc41b702848eaec876f') in 0.0111946 seconds
Number of updated asset objects reloaded before import = 0Number of asset objects unloaded after import = 8

========================================================================
Received Import Request.
  Time since last request: 0.000032 seconds.
  path: Assets/_Tanks/Art/Models/Environment/CratorsMoon02.FBX
  artifactKey: Guid(6a1803915aa630c4e91ea797cf46861f) Importer(2089858483,192608db42251d675da83286b1cce702)
Start importing Assets/_Tanks/Art/Models/Environment/CratorsMoon02.FBX using Guid(6a1803915aa630c4e91ea797cf46861f) Importer(2089858483,192608db42251d675da83286b1cce702) (ScriptedImporter) -> (artifact id: '409843c002435ba91b4243e0f515a276') in 0.0093058 seconds
Number of updated asset objects reloaded before import = 0Number of asset objects unloaded after import = 7

========================================================================
Received Import Request.
  Time since last request: 0.000018 seconds.
  path: Assets/_Tanks/Art/Materials/Environment/Red.mat
  artifactKey: Guid(463052f3f7389124f9e7b34b0b931d0d) Importer(2089858483,192608db42251d675da83286b1cce702)
Start importing Assets/_Tanks/Art/Materials/Environment/Red.mat using Guid(463052f3f7389124f9e7b34b0b931d0d) Importer(2089858483,192608db42251d675da83286b1cce702) (ScriptedImporter) -> (artifact id: '645af235072a3ab53a76991069dd2c0a') in 0.0063902 seconds
Number of updated asset objects reloaded before import = 0Number of asset objects unloaded after import = 1

========================================================================
Received Import Request.
  Time since last request: 0.000022 seconds.
  path: Assets/resources/Prefab/Card_Template.prefab
  artifactKey: Guid(46afee78e4eb3ff4caaaeb812abb05c9) Importer(2089858483,192608db42251d675da83286b1cce702)
Start importing Assets/resources/Prefab/Card_Template.prefab using Guid(46afee78e4eb3ff4caaaeb812abb05c9) Importer(2089858483,192608db42251d675da83286b1cce702) (ScriptedImporter) -> (artifact id: 'c1fdddc9a76a19a637319ea8c0886e1a') in 0.0676832 seconds
Number of updated asset objects reloaded before import = 0Number of asset objects unloaded after import = 24

========================================================================
Received Import Request.
  Time since last request: 0.000017 seconds.
  path: Assets/_Tanks/Art/Models/Tanks/Tank_UTV_Model.FBX
  artifactKey: Guid(f1b92b00a0a2a2345b070a28f29c9f39) Importer(2089858483,192608db42251d675da83286b1cce702)
Start importing Assets/_Tanks/Art/Models/Tanks/Tank_UTV_Model.FBX using Guid(f1b92b00a0a2a2345b070a28f29c9f39) Importer(2089858483,192608db42251d675da83286b1cce702) (ScriptedImporter) -> (artifact id: '01d261d48819303f4cff115298731af8') in 0.0527752 seconds
Number of updated asset objects reloaded before import = 0Number of asset objects unloaded after import = 49

========================================================================
Received Import Request.
  Time since last request: 0.000030 seconds.
  path: Assets/_Tanks/Art/Models/Miscellaneous/Shell.fbx
  artifactKey: Guid(9ed1e8a25f964bd4298944675e425a0d) Importer(2089858483,192608db42251d675da83286b1cce702)
Start importing Assets/_Tanks/Art/Models/Miscellaneous/Shell.fbx using Guid(9ed1e8a25f964bd4298944675e425a0d) Importer(2089858483,192608db42251d675da83286b1cce702) (ScriptedImporter) -> (artifact id: '1c644b81827da2a4a194aba69724479b') in 0.0111065 seconds
Number of updated asset objects reloaded before import = 0Number of asset objects unloaded after import = 8

========================================================================
Received Import Request.
  Time since last request: 0.000017 seconds.
  path: Assets/_Tanks/Art/Models/Tanks/Tank_RocketShip_Model.FBX
  artifactKey: Guid(41ece72e0713db145a64901e41780965) Importer(2089858483,192608db42251d675da83286b1cce702)
Start importing Assets/_Tanks/Art/Models/Tanks/Tank_RocketShip_Model.FBX using Guid(41ece72e0713db145a64901e41780965) Importer(2089858483,192608db42251d675da83286b1cce702) (ScriptedImporter) -> (artifact id: '0f368d29d85b463cd1a66b2ab8f27ee8') in 0.0161435 seconds
Number of updated asset objects reloaded before import = 0Number of asset objects unloaded after import = 44

========================================================================
Received Import Request.
  Time since last request: 0.000018 seconds.
  path: Assets/_Tanks/Art/Models/Environment/Ruins01.fbx
  artifactKey: Guid(8c99ccdf18f6a404f84ffd08488298d8) Importer(2089858483,192608db42251d675da83286b1cce702)
Start importing Assets/_Tanks/Art/Models/Environment/Ruins01.fbx using Guid(8c99ccdf18f6a404f84ffd08488298d8) Importer(2089858483,192608db42251d675da83286b1cce702) (ScriptedImporter) -> (artifact id: '681da2e0066dca1570c348bbdf119fba') in 0.0104772 seconds
Number of updated asset objects reloaded before import = 0Number of asset objects unloaded after import = 8

========================================================================
Received Import Request.
  Time since last request: 0.000018 seconds.
  path: Assets/_Tanks/Art/Models/Environment/RockyPath02.FBX
  artifactKey: Guid(fc497057c379ad944808238c78d4f830) Importer(2089858483,192608db42251d675da83286b1cce702)
Start importing Assets/_Tanks/Art/Models/Environment/RockyPath02.FBX using Guid(fc497057c379ad944808238c78d4f830) Importer(2089858483,192608db42251d675da83286b1cce702) (ScriptedImporter) -> (artifact id: '515fefdb132a16f9a6f4dcef30689256') in 0.0156077 seconds
Number of updated asset objects reloaded before import = 0Number of asset objects unloaded after import = 7

========================================================================
Received Import Request.
  Time since last request: 0.000017 seconds.
  path: Assets/_Tanks/Art/Models/PowerUps/ShellBig.FBX
  artifactKey: Guid(4806327909c6abf40a2b882d37b006b9) Importer(2089858483,192608db42251d675da83286b1cce702)
Start importing Assets/_Tanks/Art/Models/PowerUps/ShellBig.FBX using Guid(4806327909c6abf40a2b882d37b006b9) Importer(2089858483,192608db42251d675da83286b1cce702) (ScriptedImporter) -> (artifact id: '77c4d25f180fb9f649c38cef96458139') in 0.0109296 seconds
Number of updated asset objects reloaded before import = 0Number of asset objects unloaded after import = 8

========================================================================
Received Import Request.
  Time since last request: 0.000029 seconds.
  path: Assets/_Tanks/Art/Models/PowerUps/Sheild.FBX
  artifactKey: Guid(3778ba1057e1d874b96f600521a1ef9c) Importer(2089858483,192608db42251d675da83286b1cce702)
Start importing Assets/_Tanks/Art/Models/PowerUps/Sheild.FBX using Guid(3778ba1057e1d874b96f600521a1ef9c) Importer(2089858483,192608db42251d675da83286b1cce702) (ScriptedImporter) -> (artifact id: 'ba8a2bc47b04682f0080dec97891eebc') in 0.012041 seconds
Number of updated asset objects reloaded before import = 0Number of asset objects unloaded after import = 20

========================================================================
Received Import Request.
  Time since last request: 0.000020 seconds.
  path: Assets/_Tanks/Art/Models/PowerUps/Star.FBX
  artifactKey: Guid(13c7de4baddb90a488d0a9f88e32e29c) Importer(2089858483,192608db42251d675da83286b1cce702)
Start importing Assets/_Tanks/Art/Models/PowerUps/Star.FBX using Guid(13c7de4baddb90a488d0a9f88e32e29c) Importer(2089858483,192608db42251d675da83286b1cce702) (ScriptedImporter) -> (artifact id: '8f28c77ad01519564d848d0eb98264f0') in 0.0120223 seconds
Number of updated asset objects reloaded before import = 0Number of asset objects unloaded after import = 8

========================================================================
Received Import Request.
  Time since last request: 0.000015 seconds.
  path: Assets/_Tanks/Art/Textures/UI/HeaderBigDeactivated.png
  artifactKey: Guid(466c9f055705c36478fba0925026d7d8) Importer(2089858483,192608db42251d675da83286b1cce702)
Start importing Assets/_Tanks/Art/Textures/UI/HeaderBigDeactivated.png using Guid(466c9f055705c36478fba0925026d7d8) Importer(2089858483,192608db42251d675da83286b1cce702) (ScriptedImporter) -> (artifact id: '7e1b894496ff4d6c1146506942faf097') in 0.0093389 seconds
Number of updated asset objects reloaded before import = 0Number of asset objects unloaded after import = 3

========================================================================
Received Import Request.
  Time since last request: 0.000016 seconds.
  path: Assets/_Tanks/Prefabs/Environment/Desert/CompletePumpJack.prefab
  artifactKey: Guid(b42de3640c54277468750ca555af9b52) Importer(2089858483,192608db42251d675da83286b1cce702)
Start importing Assets/_Tanks/Prefabs/Environment/Desert/CompletePumpJack.prefab using Guid(b42de3640c54277468750ca555af9b52) Importer(2089858483,192608db42251d675da83286b1cce702) (ScriptedImporter) -> (artifact id: 'b9a1625a2e4e7353825e0d3865627f28') in 0.0094046 seconds
Number of updated asset objects reloaded before import = 0Number of asset objects unloaded after import = 16

========================================================================
Received Import Request.
  Time since last request: 0.000024 seconds.
  path: Assets/_Tanks/Art/Sprites/UI/UI_Icon_Sprint.png
  artifactKey: Guid(b0fa70abd2a79904cb00b175dfd8ec7e) Importer(2089858483,192608db42251d675da83286b1cce702)
Start importing Assets/_Tanks/Art/Sprites/UI/UI_Icon_Sprint.png using Guid(b0fa70abd2a79904cb00b175dfd8ec7e) Importer(2089858483,192608db42251d675da83286b1cce702) (ScriptedImporter) -> (artifact id: '964a59489c5ccb21d2000d57e50609a4') in 0.0129427 seconds
Number of updated asset objects reloaded before import = 0Number of asset objects unloaded after import = 3

========================================================================
Received Import Request.
  Time since last request: 0.000029 seconds.
  path: Assets/_Tanks/Prefabs/Environment/Desert/Cow.prefab
  artifactKey: Guid(58753dad958b9314089dfba48cb1e767) Importer(2089858483,192608db42251d675da83286b1cce702)
Start importing Assets/_Tanks/Prefabs/Environment/Desert/Cow.prefab using Guid(58753dad958b9314089dfba48cb1e767) Importer(2089858483,192608db42251d675da83286b1cce702) (ScriptedImporter) -> (artifact id: 'dbfd6a56280726fcf7747b5c57bda724') in 0.0073308 seconds
Number of updated asset objects reloaded before import = 0Number of asset objects unloaded after import = 15

========================================================================
Received Import Request.
  Time since last request: 0.000015 seconds.
  path: Assets/_Tanks/Prefabs/Environment/Desert/BuildingSand04.prefab
  artifactKey: Guid(61901b0404133e643ab709af9e88f7e2) Importer(2089858483,192608db42251d675da83286b1cce702)
Start importing Assets/_Tanks/Prefabs/Environment/Desert/BuildingSand04.prefab using Guid(61901b0404133e643ab709af9e88f7e2) Importer(2089858483,192608db42251d675da83286b1cce702) (ScriptedImporter) -> (artifact id: '7bc08514ee9dec03cb76509ea372b179') in 0.0074773 seconds
Number of updated asset objects reloaded before import = 0Number of asset objects unloaded after import = 75

========================================================================
Received Import Request.
  Time since last request: 0.000018 seconds.
  path: Assets/_Tanks/Prefabs/Environment/Desert/Cactus.prefab
  artifactKey: Guid(5a728a1f000fbbd4ea68af43f74c6358) Importer(2089858483,192608db42251d675da83286b1cce702)
Start importing Assets/_Tanks/Prefabs/Environment/Desert/Cactus.prefab using Guid(5a728a1f000fbbd4ea68af43f74c6358) Importer(2089858483,192608db42251d675da83286b1cce702) (ScriptedImporter) -> (artifact id: 'a0116973eb2fa711c9729be694c89649') in 0.0104981 seconds
Number of updated asset objects reloaded before import = 0Number of asset objects unloaded after import = 15

========================================================================
Received Import Request.
  Time since last request: 0.000017 seconds.
  path: Assets/_Tanks/Prefabs/Environment/Desert/CliffSand.prefab
  artifactKey: Guid(cadd446d34065a546a1b13ed429dabe6) Importer(2089858483,192608db42251d675da83286b1cce702)
Start importing Assets/_Tanks/Prefabs/Environment/Desert/CliffSand.prefab using Guid(cadd446d34065a546a1b13ed429dabe6) Importer(2089858483,192608db42251d675da83286b1cce702) (ScriptedImporter) -> (artifact id: 'a38f6d350e10019d85a8f6d9156edfa8') in 0.0156366 seconds
Number of updated asset objects reloaded before import = 0Number of asset objects unloaded after import = 36

========================================================================
Received Import Request.
  Time since last request: 0.000019 seconds.
  path: Assets/_Tanks/Prefabs/Environment/Desert/ColumnSand01.prefab
  artifactKey: Guid(6f161e37c57c40a42aa5b738628551f0) Importer(2089858483,192608db42251d675da83286b1cce702)
Start importing Assets/_Tanks/Prefabs/Environment/Desert/ColumnSand01.prefab using Guid(6f161e37c57c40a42aa5b738628551f0) Importer(2089858483,192608db42251d675da83286b1cce702) (ScriptedImporter) -> (artifact id: '3e3db528d65d172fea6882d09c969271') in 0.0076646 seconds
Number of updated asset objects reloaded before import = 0Number of asset objects unloaded after import = 39

========================================================================
Received Import Request.
  Time since last request: 0.000027 seconds.
  path: Assets/_Tanks/Art/Sprites/UI/UI_Circle_Bevel_Base.png
  artifactKey: Guid(b74c31d447d2f5d41a61081bdf5e7126) Importer(2089858483,192608db42251d675da83286b1cce702)
Start importing Assets/_Tanks/Art/Sprites/UI/UI_Circle_Bevel_Base.png using Guid(b74c31d447d2f5d41a61081bdf5e7126) Importer(2089858483,192608db42251d675da83286b1cce702) (ScriptedImporter) -> (artifact id: '70530038acdbdced6d2481672e72cc88') in 0.0107462 seconds
Number of updated asset objects reloaded before import = 0Number of asset objects unloaded after import = 3

========================================================================
Received Import Request.
  Time since last request: 0.000016 seconds.
  path: Assets/_Tanks/Art/Textures/UI/HeaderSmall.png
  artifactKey: Guid(f01848e5002e4854b8e025e31b5917a0) Importer(2089858483,192608db42251d675da83286b1cce702)
Start importing Assets/_Tanks/Art/Textures/UI/HeaderSmall.png using Guid(f01848e5002e4854b8e025e31b5917a0) Importer(2089858483,192608db42251d675da83286b1cce702) (ScriptedImporter) -> (artifact id: '052ff5cb54bce3b650e9c7401d9e04ad') in 0.0107454 seconds
Number of updated asset objects reloaded before import = 0Number of asset objects unloaded after import = 3

========================================================================
Received Import Request.
  Time since last request: 0.000016 seconds.
  path: Assets/_Tanks/Art/Models/Environment/CratorsMoon01.FBX
  artifactKey: Guid(e4a9e22c76cecf04dac0913a2c714b20) Importer(2089858483,192608db42251d675da83286b1cce702)
Start importing Assets/_Tanks/Art/Models/Environment/CratorsMoon01.FBX using Guid(e4a9e22c76cecf04dac0913a2c714b20) Importer(2089858483,192608db42251d675da83286b1cce702) (ScriptedImporter) -> (artifact id: '69f635f49dcac5cc058ffda4e2313fb7') in 0.0110723 seconds
Number of updated asset objects reloaded before import = 0Number of asset objects unloaded after import = 7

========================================================================
Received Import Request.
  Time since last request: 0.000018 seconds.
  path: Assets/_Tanks/Prefabs/Environment/Desert/HelipadSand.prefab
  artifactKey: Guid(744ab83d8b4faac49acd3b888bc9c5c6) Importer(2089858483,192608db42251d675da83286b1cce702)
Start importing Assets/_Tanks/Prefabs/Environment/Desert/HelipadSand.prefab using Guid(744ab83d8b4faac49acd3b888bc9c5c6) Importer(2089858483,192608db42251d675da83286b1cce702) (ScriptedImporter) -> (artifact id: '4746b9ffa544f98206866ebfefe230b3') in 0.009248 seconds
Number of updated asset objects reloaded before import = 0Number of asset objects unloaded after import = 18

========================================================================
Received Import Request.
  Time since last request: 0.000020 seconds.
  path: Assets/_Tanks/Prefabs/Environment/Jungle/BuildingJungle02.prefab
  artifactKey: Guid(1e23da6ca4dacc74f9448240b1c7a118) Importer(2089858483,192608db42251d675da83286b1cce702)
Start importing Assets/_Tanks/Prefabs/Environment/Jungle/BuildingJungle02.prefab using Guid(1e23da6ca4dacc74f9448240b1c7a118) Importer(2089858483,192608db42251d675da83286b1cce702) (ScriptedImporter) -> (artifact id: 'fdbb7058054994711fd79c73591c21f2') in 0.0125599 seconds
Number of updated asset objects reloaded before import = 0Number of asset objects unloaded after import = 24

========================================================================
Received Import Request.
  Time since last request: 0.000040 seconds.
  path: Assets/_Tanks/Prefabs/Environment/Desert/RocksSand03.prefab
  artifactKey: Guid(29b46bde1324d834ea7dc79de8decf9d) Importer(2089858483,192608db42251d675da83286b1cce702)
Start importing Assets/_Tanks/Prefabs/Environment/Desert/RocksSand03.prefab using Guid(29b46bde1324d834ea7dc79de8decf9d) Importer(2089858483,192608db42251d675da83286b1cce702) (ScriptedImporter) -> (artifact id: 'e99e92d8f463044d45f2f4053bce9df5') in 0.0055093 seconds
Number of updated asset objects reloaded before import = 0Number of asset objects unloaded after import = 27

========================================================================
Received Import Request.
  Time since last request: 0.000017 seconds.
  path: Assets/_Tanks/Prefabs/Environment/Jungle/ClumpRockBig.prefab
  artifactKey: Guid(edcbd88adcc683841bbf44bc253e801f) Importer(2089858483,192608db42251d675da83286b1cce702)
Start importing Assets/_Tanks/Prefabs/Environment/Jungle/ClumpRockBig.prefab using Guid(edcbd88adcc683841bbf44bc253e801f) Importer(2089858483,192608db42251d675da83286b1cce702) (ScriptedImporter) -> (artifact id: '6f2ae059bb63165f2c64e1251880b536') in 0.0087231 seconds
Number of updated asset objects reloaded before import = 0Number of asset objects unloaded after import = 92

========================================================================
Received Import Request.
  Time since last request: 0.000018 seconds.
  path: Assets/_Tanks/Prefabs/Environment/Jungle/CliffJungle.prefab
  artifactKey: Guid(f679227769a543240a446c66acbf0f7b) Importer(2089858483,192608db42251d675da83286b1cce702)
Start importing Assets/_Tanks/Prefabs/Environment/Jungle/CliffJungle.prefab using Guid(f679227769a543240a446c66acbf0f7b) Importer(2089858483,192608db42251d675da83286b1cce702) (ScriptedImporter) -> (artifact id: '65f6a494700825e56ca4ffc85a17d57a') in 0.0087197 seconds
Number of updated asset objects reloaded before import = 0Number of asset objects unloaded after import = 152

========================================================================
Received Import Request.
  Time since last request: 0.000016 seconds.
  path: Assets/_Tanks/Prefabs/Environment/Desert/OasisSandTrees.prefab
  artifactKey: Guid(0550de9538cc56e44b1f45d09c2f2360) Importer(2089858483,192608db42251d675da83286b1cce702)
Start importing Assets/_Tanks/Prefabs/Environment/Desert/OasisSandTrees.prefab using Guid(0550de9538cc56e44b1f45d09c2f2360) Importer(2089858483,192608db42251d675da83286b1cce702) (ScriptedImporter) -> (artifact id: '44607b482e46cbbef42ade406c9d305d') in 0.0059367 seconds
Number of updated asset objects reloaded before import = 0Number of asset objects unloaded after import = 38

========================================================================
Received Import Request.
  Time since last request: 0.000017 seconds.
  path: Assets/_Tanks/Prefabs/Environment/Desert/OasisSand.prefab
  artifactKey: Guid(470878de0e6a9f4419279799e6591016) Importer(2089858483,192608db42251d675da83286b1cce702)
Start importing Assets/_Tanks/Prefabs/Environment/Desert/OasisSand.prefab using Guid(470878de0e6a9f4419279799e6591016) Importer(2089858483,192608db42251d675da83286b1cce702) (ScriptedImporter) -> (artifact id: '83e31368429fe7ac6f3b844082831a1b') in 0.0054144 seconds
Number of updated asset objects reloaded before import = 0Number of asset objects unloaded after import = 36

========================================================================
Received Import Request.
  Time since last request: 0.000020 seconds.
  path: Assets/_Tanks/Prefabs/Environment/Desert/RocksSand02.prefab
  artifactKey: Guid(0fed5528bc1165245a0b811f49fe9d89) Importer(2089858483,192608db42251d675da83286b1cce702)
Start importing Assets/_Tanks/Prefabs/Environment/Desert/RocksSand02.prefab using Guid(0fed5528bc1165245a0b811f49fe9d89) Importer(2089858483,192608db42251d675da83286b1cce702) (ScriptedImporter) -> (artifact id: 'c32e9783137f1164c96f433c53594928') in 0.0061555 seconds
Number of updated asset objects reloaded before import = 0Number of asset objects unloaded after import = 27

========================================================================
Received Import Request.
  Time since last request: 0.000030 seconds.
  path: Assets/_Tanks/Prefabs/Environment/Jungle/ConcreteJungle.prefab
  artifactKey: Guid(0469356a4589f8e41b51906eaf8dabba) Importer(2089858483,192608db42251d675da83286b1cce702)
Start importing Assets/_Tanks/Prefabs/Environment/Jungle/ConcreteJungle.prefab using Guid(0469356a4589f8e41b51906eaf8dabba) Importer(2089858483,192608db42251d675da83286b1cce702) (ScriptedImporter) -> (artifact id: '8b5eaeadaed1b92fc0a9b93b99152f84') in 0.0071945 seconds
Number of updated asset objects reloaded before import = 0Number of asset objects unloaded after import = 14

========================================================================
Received Import Request.
  Time since last request: 0.000019 seconds.
  path: Assets/_Tanks/Prefabs/Environment/Desert/PumpJackSand.prefab
  artifactKey: Guid(67c126ae54105994898f82c2588ef705) Importer(2089858483,192608db42251d675da83286b1cce702)
Start importing Assets/_Tanks/Prefabs/Environment/Desert/PumpJackSand.prefab using Guid(67c126ae54105994898f82c2588ef705) Importer(2089858483,192608db42251d675da83286b1cce702) (ScriptedImporter) -> (artifact id: '6974eb9ffc13411035571e41a2349848') in 0.0070198 seconds
Number of updated asset objects reloaded before import = 0Number of asset objects unloaded after import = 19

========================================================================
Received Import Request.
  Time since last request: 0.000019 seconds.
  path: Assets/_Tanks/Prefabs/Environment/Jungle/GroundJungle.prefab
  artifactKey: Guid(a5dd23466f160284ab381228844dc71d) Importer(2089858483,192608db42251d675da83286b1cce702)
Start importing Assets/_Tanks/Prefabs/Environment/Jungle/GroundJungle.prefab using Guid(a5dd23466f160284ab381228844dc71d) Importer(2089858483,192608db42251d675da83286b1cce702) (ScriptedImporter) -> (artifact id: '0e550b829b13f0d311bf1fba7471b5f0') in 0.0099361 seconds
Number of updated asset objects reloaded before import = 0Number of asset objects unloaded after import = 8

========================================================================
Received Import Request.
  Time since last request: 0.000019 seconds.
  path: Assets/_Tanks/Prefabs/Environment/Miscellaneous/BustedTank.prefab
  artifactKey: Guid(9b95c64e67366794580b25c36544a32c) Importer(2089858483,192608db42251d675da83286b1cce702)
Start importing Assets/_Tanks/Prefabs/Environment/Miscellaneous/BustedTank.prefab using Guid(9b95c64e67366794580b25c36544a32c) Importer(2089858483,192608db42251d675da83286b1cce702) (ScriptedImporter) -> (artifact id: '62f2ea85fa4c442de71b38cbe5e73b2e') in 0.0119481 seconds
Number of updated asset objects reloaded before import = 0Number of asset objects unloaded after import = 15

========================================================================
Received Import Request.
  Time since last request: 0.000016 seconds.
  path: Assets/_Tanks/Prefabs/Environment/Jungle/PathJungle02.prefab
  artifactKey: Guid(9fbc90cdee885094bbd9ef3fea92e975) Importer(2089858483,192608db42251d675da83286b1cce702)
Start importing Assets/_Tanks/Prefabs/Environment/Jungle/PathJungle02.prefab using Guid(9fbc90cdee885094bbd9ef3fea92e975) Importer(2089858483,192608db42251d675da83286b1cce702) (ScriptedImporter) -> (artifact id: '945d240c7e3c1b26e41eb3fe822bcb91') in 0.0053599 seconds
Number of updated asset objects reloaded before import = 0Number of asset objects unloaded after import = 30

========================================================================
Received Import Request.
  Time since last request: 0.000031 seconds.
  path: Assets/_Tanks/Prefabs/Environment/Jungle/RuinsJungle.prefab
  artifactKey: Guid(1d300dabefc241144b8970283d3b3c82) Importer(2089858483,192608db42251d675da83286b1cce702)
Start importing Assets/_Tanks/Prefabs/Environment/Jungle/RuinsJungle.prefab using Guid(1d300dabefc241144b8970283d3b3c82) Importer(2089858483,192608db42251d675da83286b1cce702) (ScriptedImporter) -> (artifact id: '27a5f70c2d72befa3ce64c3cf0477b0e') in 0.009044 seconds
Number of updated asset objects reloaded before import = 0Number of asset objects unloaded after import = 18

========================================================================
Received Import Request.
  Time since last request: 0.000017 seconds.
  path: Assets/_Tanks/Prefabs/Environment/Jungle/PathJungle01.prefab
  artifactKey: Guid(276ece57a7a8e36478b3b4797195eb8b) Importer(2089858483,192608db42251d675da83286b1cce702)
Start importing Assets/_Tanks/Prefabs/Environment/Jungle/PathJungle01.prefab using Guid(276ece57a7a8e36478b3b4797195eb8b) Importer(2089858483,192608db42251d675da83286b1cce702) (ScriptedImporter) -> (artifact id: '44188e0cf8296f337def61f684595d61') in 0.0061849 seconds
Number of updated asset objects reloaded before import = 0Number of asset objects unloaded after import = 34

========================================================================
Received Import Request.
  Time since last request: 0.000019 seconds.
  path: Assets/_Tanks/Prefabs/Environment/Jungle/Grass01.prefab
  artifactKey: Guid(5f047bc5fb3080b43b7d8b48cde4ea99) Importer(2089858483,192608db42251d675da83286b1cce702)
Start importing Assets/_Tanks/Prefabs/Environment/Jungle/Grass01.prefab using Guid(5f047bc5fb3080b43b7d8b48cde4ea99) Importer(2089858483,192608db42251d675da83286b1cce702) (ScriptedImporter) -> (artifact id: '8c0444eb978a3d25c315a6838db2c1f0') in 0.0078838 seconds
Number of updated asset objects reloaded before import = 0Number of asset objects unloaded after import = 14

========================================================================
Received Import Request.
  Time since last request: 0.000015 seconds.
  path: Assets/_Tanks/Prefabs/Environment/Jungle/FlowerJungle.prefab
  artifactKey: Guid(20ada3d142e9f8746aa8d1f1a02fd73d) Importer(2089858483,192608db42251d675da83286b1cce702)
Start importing Assets/_Tanks/Prefabs/Environment/Jungle/FlowerJungle.prefab using Guid(20ada3d142e9f8746aa8d1f1a02fd73d) Importer(2089858483,192608db42251d675da83286b1cce702) (ScriptedImporter) -> (artifact id: '1434dd610c44f902d8f30ae51fbacfc9') in 0.0044872 seconds
Number of updated asset objects reloaded before import = 0Number of asset objects unloaded after import = 62

========================================================================
Received Import Request.
  Time since last request: 0.000016 seconds.
  path: Assets/_Tanks/Prefabs/Environment/Jungle/DirectionalLightJungle.prefab
  artifactKey: Guid(b418e22f7c2bb4b4aa7b65fce4a25be2) Importer(2089858483,192608db42251d675da83286b1cce702)
Start importing Assets/_Tanks/Prefabs/Environment/Jungle/DirectionalLightJungle.prefab using Guid(b418e22f7c2bb4b4aa7b65fce4a25be2) Importer(2089858483,192608db42251d675da83286b1cce702) (ScriptedImporter) -> (artifact id: '34dac37faf65784a76ea95ba7abaf74a') in 0.0248684 seconds
Number of updated asset objects reloaded before import = 0Number of asset objects unloaded after import = 6

========================================================================
Received Import Request.
  Time since last request: 0.000015 seconds.
  path: Assets/_Tanks/Prefabs/Environment/Jungle/PumpJackJungle.prefab
  artifactKey: Guid(665a123771d13424fa5cdf7c8dadb905) Importer(2089858483,192608db42251d675da83286b1cce702)
Start importing Assets/_Tanks/Prefabs/Environment/Jungle/PumpJackJungle.prefab using Guid(665a123771d13424fa5cdf7c8dadb905) Importer(2089858483,192608db42251d675da83286b1cce702) (ScriptedImporter) -> (artifact id: '6cabf34aaa7fad512f04f65254bb3b15') in 0.006668 seconds
Number of updated asset objects reloaded before import = 0Number of asset objects unloaded after import = 19

========================================================================
Received Import Request.
  Time since last request: 0.000026 seconds.
  path: Assets/_Tanks/Prefabs/Environment/Jungle/PalmTree02.prefab
  artifactKey: Guid(ec76d8ce8bb7a6749bb89506fcc16ffd) Importer(2089858483,192608db42251d675da83286b1cce702)
Start importing Assets/_Tanks/Prefabs/Environment/Jungle/PalmTree02.prefab using Guid(ec76d8ce8bb7a6749bb89506fcc16ffd) Importer(2089858483,192608db42251d675da83286b1cce702) (ScriptedImporter) -> (artifact id: 'cb3e7f3bf29cf7ea5d6aef7cfcfdf21d') in 0.0079101 seconds
Number of updated asset objects reloaded before import = 0Number of asset objects unloaded after import = 16

========================================================================
Received Import Request.
  Time since last request: 0.000018 seconds.
  path: Assets/_Tanks/Prefabs/Environment/Moon/BuildingMoon04.prefab
  artifactKey: Guid(2e10120b4a814d44c8ef5246087bbb98) Importer(2089858483,192608db42251d675da83286b1cce702)
Start importing Assets/_Tanks/Prefabs/Environment/Moon/BuildingMoon04.prefab using Guid(2e10120b4a814d44c8ef5246087bbb98) Importer(2089858483,192608db42251d675da83286b1cce702) (ScriptedImporter) -> (artifact id: 'bdccf0fe07c7a55f920fb39aee703d06') in 0.0064955 seconds
Number of updated asset objects reloaded before import = 0Number of asset objects unloaded after import = 135

========================================================================
Received Import Request.
  Time since last request: 0.000013 seconds.
  path: Assets/_Tanks/Prefabs/Environment/Moon/BuildingMoon02.prefab
  artifactKey: Guid(492adbf66171b8a4883446aa1a644c46) Importer(2089858483,192608db42251d675da83286b1cce702)
Start importing Assets/_Tanks/Prefabs/Environment/Moon/BuildingMoon02.prefab using Guid(492adbf66171b8a4883446aa1a644c46) Importer(2089858483,192608db42251d675da83286b1cce702) (ScriptedImporter) -> (artifact id: 'f7985720992543ce9bbf80a71c5adfe2') in 0.0156163 seconds
Number of updated asset objects reloaded before import = 0Number of asset objects unloaded after import = 24

========================================================================
Received Import Request.
  Time since last request: 0.000017 seconds.
  path: Assets/_Tanks/Prefabs/Environment/Moon/RocksMoon02.prefab
  artifactKey: Guid(a4bd3b4517757d64d83d78fd49392faa) Importer(2089858483,192608db42251d675da83286b1cce702)
Start importing Assets/_Tanks/Prefabs/Environment/Moon/RocksMoon02.prefab using Guid(a4bd3b4517757d64d83d78fd49392faa) Importer(2089858483,192608db42251d675da83286b1cce702) (ScriptedImporter) -> (artifact id: '8b11988347f80485977515b9a01304b7') in 0.0048154 seconds
Number of updated asset objects reloaded before import = 0Number of asset objects unloaded after import = 27

========================================================================
Received Import Request.
  Time since last request: 0.000015 seconds.
  path: Assets/_Tanks/Prefabs/Environment/Moon/RocksMoon01.prefab
  artifactKey: Guid(ce96e2fc477f7794ebd036d7a5c2363c) Importer(2089858483,192608db42251d675da83286b1cce702)
Start importing Assets/_Tanks/Prefabs/Environment/Moon/RocksMoon01.prefab using Guid(ce96e2fc477f7794ebd036d7a5c2363c) Importer(2089858483,192608db42251d675da83286b1cce702) (ScriptedImporter) -> (artifact id: 'db9249bc5046c769da193881530ded72') in 0.0072576 seconds
Number of updated asset objects reloaded before import = 0Number of asset objects unloaded after import = 27

========================================================================
Received Import Request.
  Time since last request: 0.000021 seconds.
  path: Assets/_Tanks/Prefabs/Environment/Moon/PathMoon01.prefab
  artifactKey: Guid(807ff3179f1501043bee1e9ba58bb53c) Importer(2089858483,192608db42251d675da83286b1cce702)
Start importing Assets/_Tanks/Prefabs/Environment/Moon/PathMoon01.prefab using Guid(807ff3179f1501043bee1e9ba58bb53c) Importer(2089858483,192608db42251d675da83286b1cce702) (ScriptedImporter) -> (artifact id: '304663bf757639325db9663935883c06') in 0.009619 seconds
Number of updated asset objects reloaded before import = 0Number of asset objects unloaded after import = 34

========================================================================
Received Import Request.
  Time since last request: 0.000029 seconds.
  path: Assets/_Tanks/Prefabs/Environment/Moon/RocketMoon.prefab
  artifactKey: Guid(9a7f2947cc64694478f2bbf5a563c077) Importer(2089858483,192608db42251d675da83286b1cce702)
Start importing Assets/_Tanks/Prefabs/Environment/Moon/RocketMoon.prefab using Guid(9a7f2947cc64694478f2bbf5a563c077) Importer(2089858483,192608db42251d675da83286b1cce702) (ScriptedImporter) -> (artifact id: '99a6e791908025910a12c2309fd664a3') in 0.0076103 seconds
Number of updated asset objects reloaded before import = 0Number of asset objects unloaded after import = 54

========================================================================
Received Import Request.
  Time since last request: 0.000016 seconds.
  path: Assets/_Tanks/Prefabs/Environment/Moon/CliffMoon.prefab
  artifactKey: Guid(eddc386b78378314ebcfd239ea32d548) Importer(2089858483,192608db42251d675da83286b1cce702)
Start importing Assets/_Tanks/Prefabs/Environment/Moon/CliffMoon.prefab using Guid(eddc386b78378314ebcfd239ea32d548) Importer(2089858483,192608db42251d675da83286b1cce702) (ScriptedImporter) -> (artifact id: '35cebf48c500bf513b25c26719a3ba1d') in 0.0106269 seconds
Number of updated asset objects reloaded before import = 0Number of asset objects unloaded after import = 36

========================================================================
Received Import Request.
  Time since last request: 0.000015 seconds.
  path: Assets/_Tanks/Prefabs/Environment/Moon/CraterMoon01.prefab
  artifactKey: Guid(1bc9aad59a33e2540b1452b2d156accb) Importer(2089858483,192608db42251d675da83286b1cce702)
Start importing Assets/_Tanks/Prefabs/Environment/Moon/CraterMoon01.prefab using Guid(1bc9aad59a33e2540b1452b2d156accb) Importer(2089858483,192608db42251d675da83286b1cce702) (ScriptedImporter) -> (artifact id: '539b050ff15cc6584be921362e7008d5') in 0.0075032 seconds
Number of updated asset objects reloaded before import = 0Number of asset objects unloaded after import = 14

========================================================================
Received Import Request.
  Time since last request: 0.000017 seconds.
  path: Assets/_Tanks/Prefabs/Environment/Moon/TempleMoon01.prefab
  artifactKey: Guid(e8294796e64d27c48b9ac3dc1cc63f82) Importer(2089858483,192608db42251d675da83286b1cce702)
Start importing Assets/_Tanks/Prefabs/Environment/Moon/TempleMoon01.prefab using Guid(e8294796e64d27c48b9ac3dc1cc63f82) Importer(2089858483,192608db42251d675da83286b1cce702) (ScriptedImporter) -> (artifact id: '352cdc2e9ff4606e9a3bb43387433954') in 0.0070103 seconds
Number of updated asset objects reloaded before import = 0Number of asset objects unloaded after import = 153

========================================================================
Received Import Request.
  Time since last request: 0.000015 seconds.
  path: Assets/_Tanks/Prefabs/Environment/Moon/DunesMoon02.prefab
  artifactKey: Guid(3f751e07837b5044a850c6d98551cb10) Importer(2089858483,192608db42251d675da83286b1cce702)
Start importing Assets/_Tanks/Prefabs/Environment/Moon/DunesMoon02.prefab using Guid(3f751e07837b5044a850c6d98551cb10) Importer(2089858483,192608db42251d675da83286b1cce702) (ScriptedImporter) -> (artifact id: '6d68518a55d17552d65023669361a708') in 0.0159399 seconds
Number of updated asset objects reloaded before import = 0Number of asset objects unloaded after import = 14

========================================================================
Received Import Request.
  Time since last request: 0.000017 seconds.
  path: Assets/resources/Animations/Crossfade_end.anim
  artifactKey: Guid(0d1da3769fc8ddf46baa3dc7fd472f80) Importer(2089858483,192608db42251d675da83286b1cce702)
Start importing Assets/resources/Animations/Crossfade_end.anim using Guid(0d1da3769fc8ddf46baa3dc7fd472f80) Importer(2089858483,192608db42251d675da83286b1cce702) (ScriptedImporter) -> (artifact id: 'b530a04b9d1bda833128b9ab57ba283a') in 0.0044196 seconds
Number of updated asset objects reloaded before import = 0Number of asset objects unloaded after import = 1

========================================================================
Received Import Request.
  Time since last request: 0.000027 seconds.
  path: Assets/resources/Scenes/DeckBuilder.unity
  artifactKey: Guid(d22a1ad424de2514daa635b8b1cf7f95) Importer(2089858483,192608db42251d675da83286b1cce702)
Start importing Assets/resources/Scenes/DeckBuilder.unity using Guid(d22a1ad424de2514daa635b8b1cf7f95) Importer(2089858483,192608db42251d675da83286b1cce702) (ScriptedImporter) -> (artifact id: '5c8f5836d169981549c289cea93aa5e9') in 0.0103729 seconds
Number of updated asset objects reloaded before import = 0Number of asset objects unloaded after import = 1

========================================================================
Received Import Request.
  Time since last request: 0.000019 seconds.
  path: Assets/_Tanks/Tutorial_Demo/Demo_Prefabs/Demo_Tanks/Demo_Tank - Medium Variant.prefab
  artifactKey: Guid(7fdbd076ee75a4b21ae778c47c39db3e) Importer(2089858483,192608db42251d675da83286b1cce702)
Start importing Assets/_Tanks/Tutorial_Demo/Demo_Prefabs/Demo_Tanks/Demo_Tank - Medium Variant.prefab using Guid(7fdbd076ee75a4b21ae778c47c39db3e) Importer(2089858483,192608db42251d675da83286b1cce702) (ScriptedImporter) -> (artifact id: 'd1ad4315438c8821cf9edf056a4b8ca8') in 0.0954126 seconds
Number of updated asset objects reloaded before import = 0Number of asset objects unloaded after import = 283

========================================================================
Received Import Request.
  Time since last request: 0.000017 seconds.
  path: Assets/_Tanks/Tutorial_Demo/Demo_Prefabs/Demo_Explosions/Demo_CompleteShell Variant_Small.prefab
  artifactKey: Guid(8505615141bda43768818b449a0bf7c8) Importer(2089858483,192608db42251d675da83286b1cce702)
Start importing Assets/_Tanks/Tutorial_Demo/Demo_Prefabs/Demo_Explosions/Demo_CompleteShell Variant_Small.prefab using Guid(8505615141bda43768818b449a0bf7c8) Importer(2089858483,192608db42251d675da83286b1cce702) (ScriptedImporter) -> (artifact id: '3b4c66cebbafa4067782470445720e3b') in 0.0166473 seconds
Number of updated asset objects reloaded before import = 0Number of asset objects unloaded after import = 50

========================================================================
Received Import Request.
  Time since last request: 0.000021 seconds.
  path: Assets/_Tanks/Prefabs/Environment/Moon/TempleMoon02.prefab
  artifactKey: Guid(9344e16956651c647a7586da26481a03) Importer(2089858483,192608db42251d675da83286b1cce702)
Start importing Assets/_Tanks/Prefabs/Environment/Moon/TempleMoon02.prefab using Guid(9344e16956651c647a7586da26481a03) Importer(2089858483,192608db42251d675da83286b1cce702) (ScriptedImporter) -> (artifact id: '4415e8e7a996852839584e83492e13fb') in 0.0060957 seconds
Number of updated asset objects reloaded before import = 0Number of asset objects unloaded after import = 72

========================================================================
Received Import Request.
  Time since last request: 0.000024 seconds.
  path: Assets/Samples/XR Hands/1.6.1/HandVisualizer/Materials/Green.mat
  artifactKey: Guid(727f87098255ad04987a60f5f08390bc) Importer(2089858483,192608db42251d675da83286b1cce702)
Start importing Assets/Samples/XR Hands/1.6.1/HandVisualizer/Materials/Green.mat using Guid(727f87098255ad04987a60f5f08390bc) Importer(2089858483,192608db42251d675da83286b1cce702) (ScriptedImporter) -> (artifact id: '081ece00b7be48758265429833207014') in 0.0054143 seconds
Number of updated asset objects reloaded before import = 0Number of asset objects unloaded after import = 1

========================================================================
Received Import Request.
  Time since last request: 0.000020 seconds.
  path: Assets/_Tanks/Tutorial_Demo/Demo_Prefabs/Demo_Explosions/Demo_CompleteShell Variant_Large.prefab
  artifactKey: Guid(eb5f44e0e03874d63a3063b1423c65ae) Importer(2089858483,192608db42251d675da83286b1cce702)
Start importing Assets/_Tanks/Tutorial_Demo/Demo_Prefabs/Demo_Explosions/Demo_CompleteShell Variant_Large.prefab using Guid(eb5f44e0e03874d63a3063b1423c65ae) Importer(2089858483,192608db42251d675da83286b1cce702) (ScriptedImporter) -> (artifact id: '6dde34bd6df32cacda3fbac05e41f384') in 0.0175806 seconds
Number of updated asset objects reloaded before import = 0Number of asset objects unloaded after import = 50

========================================================================
Received Import Request.
  Time since last request: 0.000020 seconds.
  path: Assets/_Tanks/Tutorial_Demo/Demo_Prefabs/Demo_Tanks/Demo_Tank - Shark Variant.prefab
  artifactKey: Guid(1e8ed6dfd612e4b4d9c8b4459c750afa) Importer(2089858483,192608db42251d675da83286b1cce702)
Start importing Assets/_Tanks/Tutorial_Demo/Demo_Prefabs/Demo_Tanks/Demo_Tank - Shark Variant.prefab using Guid(1e8ed6dfd612e4b4d9c8b4459c750afa) Importer(2089858483,192608db42251d675da83286b1cce702) (ScriptedImporter) -> (artifact id: 'c5000f3724483625d7b22af0e3a8a33d') in 0.0795661 seconds
Number of updated asset objects reloaded before import = 0Number of asset objects unloaded after import = 313

========================================================================
Received Import Request.
  Time since last request: 0.000025 seconds.
  path: Assets/Samples/XR Interaction Toolkit/3.2.2/Hands Interaction Demo/AffordanceThemes/PinchPointUniformScaleScale.asset
  artifactKey: Guid(d22e48f34794ab9498d082f9713c2293) Importer(2089858483,192608db42251d675da83286b1cce702)
Start importing Assets/Samples/XR Interaction Toolkit/3.2.2/Hands Interaction Demo/AffordanceThemes/PinchPointUniformScaleScale.asset using Guid(d22e48f34794ab9498d082f9713c2293) Importer(2089858483,192608db42251d675da83286b1cce702) (ScriptedImporter) -> (artifact id: '3ccf9d5eb759704f08674b39975c8685') in 0.0424173 seconds
Number of updated asset objects reloaded before import = 0Number of asset objects unloaded after import = 1

========================================================================
Received Import Request.
  Time since last request: 0.000025 seconds.
  path: Assets/Samples/XR Hands/1.6.1/HandVisualizer/Prefabs/VelocityPrefab.prefab
  artifactKey: Guid(629fd7882ec6bfc499a5fcf20035282b) Importer(2089858483,192608db42251d675da83286b1cce702)
Start importing Assets/Samples/XR Hands/1.6.1/HandVisualizer/Prefabs/VelocityPrefab.prefab using Guid(629fd7882ec6bfc499a5fcf20035282b) Importer(2089858483,192608db42251d675da83286b1cce702) (ScriptedImporter) -> (artifact id: 'da2ad11aca81d35525e33a0d4b328752') in 0.0131822 seconds
Number of updated asset objects reloaded before import = 0Number of asset objects unloaded after import = 5

========================================================================
Received Import Request.
  Time since last request: 0.000014 seconds.
  path: Assets/Samples/XR Hands/1.6.1/HandVisualizer/Scripts/HandVisualizer.cs
  artifactKey: Guid(2e9813c68d7d6f44282ace8bd2d1fd46) Importer(2089858483,192608db42251d675da83286b1cce702)
Start importing Assets/Samples/XR Hands/1.6.1/HandVisualizer/Scripts/HandVisualizer.cs using Guid(2e9813c68d7d6f44282ace8bd2d1fd46) Importer(2089858483,192608db42251d675da83286b1cce702) (ScriptedImporter) -> (artifact id: '976013a0c53cd6cca5274baa495bec4f') in 0.0043257 seconds
Number of updated asset objects reloaded before import = 0Number of asset objects unloaded after import = 0

========================================================================
Received Import Request.
  Time since last request: 0.000012 seconds.
  path: Assets/Samples/XR Hands/1.6.1/HandVisualizer/Models/LeftHand.fbx
  artifactKey: Guid(bf7151579c38e2a44be94ba8773876c1) Importer(2089858483,192608db42251d675da83286b1cce702)
Start importing Assets/Samples/XR Hands/1.6.1/HandVisualizer/Models/LeftHand.fbx using Guid(bf7151579c38e2a44be94ba8773876c1) Importer(2089858483,192608db42251d675da83286b1cce702) (ScriptedImporter) -> (artifact id: '668c2d94ff5a26c5574055894f17df9f') in 0.0155829 seconds
Number of updated asset objects reloaded before import = 0Number of asset objects unloaded after import = 60

========================================================================
Received Import Request.
  Time since last request: 0.000018 seconds.
  path: Assets/Samples/XR Interaction Toolkit/3.2.2/Hands Interaction Demo/AffordanceThemes/PinchPointHighlightColor.asset
  artifactKey: Guid(6b0360f219436394b8519378cd55c7e3) Importer(2089858483,192608db42251d675da83286b1cce702)
Start importing Assets/Samples/XR Interaction Toolkit/3.2.2/Hands Interaction Demo/AffordanceThemes/PinchPointHighlightColor.asset using Guid(6b0360f219436394b8519378cd55c7e3) Importer(2089858483,192608db42251d675da83286b1cce702) (ScriptedImporter) -> (artifact id: 'f0f62e3cbbdecc6ce0c3b3efe8ebec9a') in 0.0070578 seconds
Number of updated asset objects reloaded before import = 0Number of asset objects unloaded after import = 1

========================================================================
Received Import Request.
  Time since last request: 0.000018 seconds.
  path: Assets/_Tanks/Prefabs/PowerUps/Indicators/EnhancedSpeedIndicator.prefab
  artifactKey: Guid(a9dfdfe14a49d774c9ee0ecfe99a96d9) Importer(2089858483,192608db42251d675da83286b1cce702)
Start importing Assets/_Tanks/Prefabs/PowerUps/Indicators/EnhancedSpeedIndicator.prefab using Guid(a9dfdfe14a49d774c9ee0ecfe99a96d9) Importer(2089858483,192608db42251d675da83286b1cce702) (ScriptedImporter) -> (artifact id: '8f09b066e20c56962c4bf2ac9c2a20db') in 0.0078413 seconds
Number of updated asset objects reloaded before import = 0Number of asset objects unloaded after import = 14

========================================================================
Received Import Request.
  Time since last request: 0.000022 seconds.
  path: Assets/Samples/XR Interaction Toolkit/3.2.2/Hands Interaction Demo/AffordanceThemes/HandEdgeColor.asset
  artifactKey: Guid(f94337e1a5a93c7438d8f8508b246e6d) Importer(2089858483,192608db42251d675da83286b1cce702)
Start importing Assets/Samples/XR Interaction Toolkit/3.2.2/Hands Interaction Demo/AffordanceThemes/HandEdgeColor.asset using Guid(f94337e1a5a93c7438d8f8508b246e6d) Importer(2089858483,192608db42251d675da83286b1cce702) (ScriptedImporter) -> (artifact id: '17f6c4d874100c894ee1d30bd3f8f469') in 0.0055218 seconds
Number of updated asset objects reloaded before import = 0Number of asset objects unloaded after import = 1

========================================================================
Received Import Request.
  Time since last request: 0.000031 seconds.
  path: Assets/Samples/XR Hands/1.6.1/HandVisualizer/Materials/TransparentRed.mat
  artifactKey: Guid(d149182fa7aa1dc47bd32b2a6da80ec9) Importer(2089858483,192608db42251d675da83286b1cce702)
Start importing Assets/Samples/XR Hands/1.6.1/HandVisualizer/Materials/TransparentRed.mat using Guid(d149182fa7aa1dc47bd32b2a6da80ec9) Importer(2089858483,192608db42251d675da83286b1cce702) (ScriptedImporter) -> (artifact id: '91c39f77fa405bfa26564f89d21e3c90') in 0.0049619 seconds
Number of updated asset objects reloaded before import = 0Number of asset objects unloaded after import = 1

========================================================================
Received Import Request.
  Time since last request: 0.000016 seconds.
  path: Assets/Samples/XR Interaction Toolkit/3.2.2/Hands Interaction Demo/Materials/Unity_Hand_Medium.mat
  artifactKey: Guid(61d033f3a51f40647a5458ea14f3b4af) Importer(2089858483,192608db42251d675da83286b1cce702)
Start importing Assets/Samples/XR Interaction Toolkit/3.2.2/Hands Interaction Demo/Materials/Unity_Hand_Medium.mat using Guid(61d033f3a51f40647a5458ea14f3b4af) Importer(2089858483,192608db42251d675da83286b1cce702) (ScriptedImporter) -> (artifact id: '27ece67271f733320d5b5616c007a4b9') in 0.2281801 seconds
Number of updated asset objects reloaded before import = 0Number of asset objects unloaded after import = 11

========================================================================
Received Import Request.
  Time since last request: 0.000021 seconds.
  path: Assets/Samples/XR Interaction Toolkit/3.2.2/Hands Interaction Demo/DatumPresets/Menu Controller Follow Preset.asset
  artifactKey: Guid(2899508b1645c5e4fa421b4217da9539) Importer(2089858483,192608db42251d675da83286b1cce702)
Start importing Assets/Samples/XR Interaction Toolkit/3.2.2/Hands Interaction Demo/DatumPresets/Menu Controller Follow Preset.asset using Guid(2899508b1645c5e4fa421b4217da9539) Importer(2089858483,192608db42251d675da83286b1cce702) (ScriptedImporter) -> (artifact id: 'd3ec966906a478d9f69d3fad53c4d289') in 0.0057664 seconds
Number of updated asset objects reloaded before import = 0Number of asset objects unloaded after import = 1

========================================================================
Received Import Request.
  Time since last request: 0.000028 seconds.
  path: Assets/Samples/XR Interaction Toolkit/3.2.2/Hands Interaction Demo/Prefabs/HandInteractorAffordances.prefab
  artifactKey: Guid(67c52e745f2766644ba16bfb165e2659) Importer(2089858483,192608db42251d675da83286b1cce702)
Start importing Assets/Samples/XR Interaction Toolkit/3.2.2/Hands Interaction Demo/Prefabs/HandInteractorAffordances.prefab using Guid(67c52e745f2766644ba16bfb165e2659) Importer(2089858483,192608db42251d675da83286b1cce702) (ScriptedImporter) -> (artifact id: 'a07503e178eff78263351c5d29e5b47a') in 0.0399471 seconds
Number of updated asset objects reloaded before import = 0Number of asset objects unloaded after import = 11

========================================================================
Received Import Request.
  Time since last request: 0.000017 seconds.
  path: Assets/Samples/XR Interaction Toolkit/3.2.2/Hands Interaction Demo/Materials/Unity_Hand_Dark.mat
  artifactKey: Guid(c1c1d86181c00bf4dabbad3ca0b191e7) Importer(2089858483,192608db42251d675da83286b1cce702)
Start importing Assets/Samples/XR Interaction Toolkit/3.2.2/Hands Interaction Demo/Materials/Unity_Hand_Dark.mat using Guid(c1c1d86181c00bf4dabbad3ca0b191e7) Importer(2089858483,192608db42251d675da83286b1cce702) (ScriptedImporter) -> (artifact id: 'a9908e9256ea750accd2be521c76bff7') in 0.0158277 seconds
Number of updated asset objects reloaded before import = 0Number of asset objects unloaded after import = 11

========================================================================
Received Import Request.
  Time since last request: 0.000019 seconds.
  path: Assets/Samples/XR Interaction Toolkit/3.2.2/Hands Interaction Demo/Prefabs/RightHandAndroidXRVisual.prefab
  artifactKey: Guid(db3e5aca7f72adb40a12ecd3ce5c17f3) Importer(2089858483,192608db42251d675da83286b1cce702)
Start importing Assets/Samples/XR Interaction Toolkit/3.2.2/Hands Interaction Demo/Prefabs/RightHandAndroidXRVisual.prefab using Guid(db3e5aca7f72adb40a12ecd3ce5c17f3) Importer(2089858483,192608db42251d675da83286b1cce702) (ScriptedImporter) -> (artifact id: '2f0c30b5b59aecdf4f7acb057599ebb4') in 0.0160714 seconds
Number of updated asset objects reloaded before import = 0Number of asset objects unloaded after import = 177

========================================================================
Received Import Request.
  Time since last request: 0.000019 seconds.
  path: Assets/Samples/XR Interaction Toolkit/3.2.2/Starter Assets/Filters/AnyGazedAtTeleportAnchorFilter.asset
  artifactKey: Guid(0f906c94e2aa0c3488832acc1db04295) Importer(2089858483,192608db42251d675da83286b1cce702)
Start importing Assets/Samples/XR Interaction Toolkit/3.2.2/Starter Assets/Filters/AnyGazedAtTeleportAnchorFilter.asset using Guid(0f906c94e2aa0c3488832acc1db04295) Importer(2089858483,192608db42251d675da83286b1cce702) (ScriptedImporter) -> (artifact id: '3e166d3711a7d5752cdb5608e291ee00') in 0.0054925 seconds
Number of updated asset objects reloaded before import = 0Number of asset objects unloaded after import = 1

========================================================================
Received Import Request.
  Time since last request: 0.000021 seconds.
  path: Assets/Samples/XR Interaction Toolkit/3.2.2/Hands Interaction Demo/Textures/CombinedFingerIndexHighlight.png
  artifactKey: Guid(323e734c56102e643a829e6f33533314) Importer(2089858483,192608db42251d675da83286b1cce702)
Start importing Assets/Samples/XR Interaction Toolkit/3.2.2/Hands Interaction Demo/Textures/CombinedFingerIndexHighlight.png using Guid(323e734c56102e643a829e6f33533314) Importer(2089858483,192608db42251d675da83286b1cce702) (ScriptedImporter) -> (artifact id: 'd054b5ab06bce3316b635c684a3ed5e5') in 0.0088932 seconds
Number of updated asset objects reloaded before import = 0Number of asset objects unloaded after import = 1

========================================================================
Received Import Request.
  Time since last request: 0.000024 seconds.
  path: Assets/Samples/XR Interaction Toolkit/3.2.2/Starter Assets/AffordanceThemes/HighlightInteractionColor.asset
  artifactKey: Guid(8b0b5aede76faac438e02d2a468f4805) Importer(2089858483,192608db42251d675da83286b1cce702)
Start importing Assets/Samples/XR Interaction Toolkit/3.2.2/Starter Assets/AffordanceThemes/HighlightInteractionColor.asset using Guid(8b0b5aede76faac438e02d2a468f4805) Importer(2089858483,192608db42251d675da83286b1cce702) (ScriptedImporter) -> (artifact id: '2043f5cacd379062c482ddeaeaf177ec') in 0.0316012 seconds
Number of updated asset objects reloaded before import = 0Number of asset objects unloaded after import = 1

========================================================================
Received Import Request.
  Time since last request: 0.000012 seconds.
  path: Assets/Samples/XR Interaction Toolkit/3.2.2/Starter Assets/Materials/FresnelHighlight.mat
  artifactKey: Guid(f5ccd52dc494e054fbe7d7161dcabe25) Importer(2089858483,192608db42251d675da83286b1cce702)
Start importing Assets/Samples/XR Interaction Toolkit/3.2.2/Starter Assets/Materials/FresnelHighlight.mat using Guid(f5ccd52dc494e054fbe7d7161dcabe25) Importer(2089858483,192608db42251d675da83286b1cce702) (ScriptedImporter) -> (artifact id: 'e5cb2e87e2c3397fd0c0de939aefef82') in 0.1418547 seconds
Number of updated asset objects reloaded before import = 0Number of asset objects unloaded after import = 6

========================================================================
Received Import Request.
  Time since last request: 0.000020 seconds.
  path: Assets/Samples/XR Interaction Toolkit/3.2.2/Hands Interaction Demo/Shaders/Unity_Hand.shadergraph
  artifactKey: Guid(bd11349dc99f3fd4083ef2f86cee9c1f) Importer(2089858483,192608db42251d675da83286b1cce702)
Start importing Assets/Samples/XR Interaction Toolkit/3.2.2/Hands Interaction Demo/Shaders/Unity_Hand.shadergraph using Guid(bd11349dc99f3fd4083ef2f86cee9c1f) Importer(2089858483,192608db42251d675da83286b1cce702) (ScriptedImporter) -> (artifact id: '55ec993e4b291641873d8f9dff2f37e9') in 0.1564154 seconds
Number of updated asset objects reloaded before import = 0Number of asset objects unloaded after import = 10

========================================================================
Received Import Request.
  Time since last request: 0.000034 seconds.
  path: Assets/Samples/XR Interaction Toolkit/3.2.2/Starter Assets/Models/UniversalController.fbx
  artifactKey: Guid(147ae308eec018b40a7b312ae58f44c7) Importer(2089858483,192608db42251d675da83286b1cce702)
Start importing Assets/Samples/XR Interaction Toolkit/3.2.2/Starter Assets/Models/UniversalController.fbx using Guid(147ae308eec018b40a7b312ae58f44c7) Importer(2089858483,192608db42251d675da83286b1cce702) (ScriptedImporter) -> (artifact id: '1957e9125498163f0eb183a277e93e96') in 0.0174768 seconds
Number of updated asset objects reloaded before import = 0Number of asset objects unloaded after import = 51

========================================================================
Received Import Request.
  Time since last request: 0.000017 seconds.
  path: Assets/Samples/XR Interaction Toolkit/3.2.2/Starter Assets/Presets/XRI Default Continuous Move.preset
  artifactKey: Guid(27c5945ad36f6f147bc402250679a228) Importer(2089858483,192608db42251d675da83286b1cce702)
Start importing Assets/Samples/XR Interaction Toolkit/3.2.2/Starter Assets/Presets/XRI Default Continuous Move.preset using Guid(27c5945ad36f6f147bc402250679a228) Importer(2089858483,192608db42251d675da83286b1cce702) (ScriptedImporter) -> (artifact id: '87127faaf1983ffacfa98aa9f6def30a') in 0.0243372 seconds
Number of updated asset objects reloaded before import = 0Number of asset objects unloaded after import = 4

========================================================================
Received Import Request.
  Time since last request: 0.000015 seconds.
  path: Assets/Samples/XR Interaction Toolkit/3.2.2/Starter Assets/Materials/Flat Blue.mat
  artifactKey: Guid(91ff3830fc4055a4fb0d0d2be32101a7) Importer(2089858483,192608db42251d675da83286b1cce702)
Start importing Assets/Samples/XR Interaction Toolkit/3.2.2/Starter Assets/Materials/Flat Blue.mat using Guid(91ff3830fc4055a4fb0d0d2be32101a7) Importer(2089858483,192608db42251d675da83286b1cce702) (ScriptedImporter) -> (artifact id: 'b26738df9201232438793b996b32f6a7') in 0.0047847 seconds
Number of updated asset objects reloaded before import = 0Number of asset objects unloaded after import = 1

========================================================================
Received Import Request.
  Time since last request: 0.000014 seconds.
  path: Assets/Samples/XR Interaction Toolkit/3.2.2/Starter Assets/Presets/XRI Default Dynamic Move.preset
  artifactKey: Guid(da25954ba1a2e604294f2ccda1d6372c) Importer(2089858483,192608db42251d675da83286b1cce702)
Start importing Assets/Samples/XR Interaction Toolkit/3.2.2/Starter Assets/Presets/XRI Default Dynamic Move.preset using Guid(da25954ba1a2e604294f2ccda1d6372c) Importer(2089858483,192608db42251d675da83286b1cce702) (ScriptedImporter) -> (artifact id: '052247bc01ec797c5f720b10743c70dd') in 0.0063514 seconds
Number of updated asset objects reloaded before import = 0Number of asset objects unloaded after import = 4

========================================================================
Received Import Request.
  Time since last request: 0.000021 seconds.
  path: Assets/Samples/XR Interaction Toolkit/3.2.2/Starter Assets/Materials/MaterialPipelineHandler.asset
  artifactKey: Guid(dbe8dcb68b75cd2498ab6c1d96e072a4) Importer(2089858483,192608db42251d675da83286b1cce702)
Start importing Assets/Samples/XR Interaction Toolkit/3.2.2/Starter Assets/Materials/MaterialPipelineHandler.asset using Guid(dbe8dcb68b75cd2498ab6c1d96e072a4) Importer(2089858483,192608db42251d675da83286b1cce702) (ScriptedImporter) -> (artifact id: '25d37a678202d8a1f017424483bd127d') in 0.0085293 seconds
Number of updated asset objects reloaded before import = 0Number of asset objects unloaded after import = 8

========================================================================
Received Import Request.
  Time since last request: 0.000031 seconds.
  path: Assets/Samples/XR Interaction Toolkit/3.2.2/Starter Assets/AffordanceThemes/HighlightStrengthInteraction.asset
  artifactKey: Guid(795305341a8dbbd46ae54e9a01d6ea95) Importer(2089858483,192608db42251d675da83286b1cce702)
Start importing Assets/Samples/XR Interaction Toolkit/3.2.2/Starter Assets/AffordanceThemes/HighlightStrengthInteraction.asset using Guid(795305341a8dbbd46ae54e9a01d6ea95) Importer(2089858483,192608db42251d675da83286b1cce702) (ScriptedImporter) -> (artifact id: 'f320fa0c934d6d104d221f3656098b06') in 0.0052441 seconds
Number of updated asset objects reloaded before import = 0Number of asset objects unloaded after import = 1

========================================================================
Received Import Request.
  Time since last request: 0.000018 seconds.
  path: Assets/Samples/XR Interaction Toolkit/3.2.2/Hands Interaction Demo/Scripts/ValueDerivedButtonReader.cs
  artifactKey: Guid(bf47ae772fb3421292887025bf9b5820) Importer(2089858483,192608db42251d675da83286b1cce702)
Start importing Assets/Samples/XR Interaction Toolkit/3.2.2/Hands Interaction Demo/Scripts/ValueDerivedButtonReader.cs using Guid(bf47ae772fb3421292887025bf9b5820) Importer(2089858483,192608db42251d675da83286b1cce702) (ScriptedImporter) -> (artifact id: '7cd03a5aa8830deb705e0ebe3b2ac47a') in 0.0038616 seconds
Number of updated asset objects reloaded before import = 0Number of asset objects unloaded after import = 0

========================================================================
Received Import Request.
  Time since last request: 0.000019 seconds.
  path: Assets/Samples/XR Interaction Toolkit/3.2.2/Hands Interaction Demo/Shaders/Unity_Hand_Noise.shadergraph
  artifactKey: Guid(89a6790c28795dd4987bb267c3d05338) Importer(2089858483,192608db42251d675da83286b1cce702)
Start importing Assets/Samples/XR Interaction Toolkit/3.2.2/Hands Interaction Demo/Shaders/Unity_Hand_Noise.shadergraph using Guid(89a6790c28795dd4987bb267c3d05338) Importer(2089858483,192608db42251d675da83286b1cce702) (ScriptedImporter) -> (artifact id: '1aa21bcf2c94dd614f827d73a0bea6c9') in 0.0809872 seconds
Number of updated asset objects reloaded before import = 0Number of asset objects unloaded after import = 10

========================================================================
Received Import Request.
  Time since last request: 0.000019 seconds.
  path: Assets/Samples/XR Interaction Toolkit/3.2.2/Starter Assets/Presets/XRI Default Left Controller InputActionManager.preset
  artifactKey: Guid(c3d4ecc12d5e0f14c93fd734af32ab63) Importer(2089858483,192608db42251d675da83286b1cce702)
Start importing Assets/Samples/XR Interaction Toolkit/3.2.2/Starter Assets/Presets/XRI Default Left Controller InputActionManager.preset using Guid(c3d4ecc12d5e0f14c93fd734af32ab63) Importer(2089858483,192608db42251d675da83286b1cce702) (ScriptedImporter) -> (artifact id: '86e80a007b08ff30d6a69bdb4304ca05') in 0.0063428 seconds
Number of updated asset objects reloaded before import = 0Number of asset objects unloaded after import = 8

========================================================================
Received Import Request.
  Time since last request: 0.000030 seconds.
  path: Assets/Samples/XR Interaction Toolkit/3.2.2/Starter Assets/Scripts/ControllerAnimator.cs
  artifactKey: Guid(4a5f76f9ea8c80547973ab01877f9567) Importer(2089858483,192608db42251d675da83286b1cce702)
Start importing Assets/Samples/XR Interaction Toolkit/3.2.2/Starter Assets/Scripts/ControllerAnimator.cs using Guid(4a5f76f9ea8c80547973ab01877f9567) Importer(2089858483,192608db42251d675da83286b1cce702) (ScriptedImporter) -> (artifact id: '337f950551bd85effd275b80106955ea') in 0.0042475 seconds
Number of updated asset objects reloaded before import = 0Number of asset objects unloaded after import = 0

========================================================================
Received Import Request.
  Time since last request: 0.000015 seconds.
  path: Assets/Samples/XR Interaction Toolkit/3.2.2/Starter Assets/Scripts/MaterialPipelineHandler.cs
  artifactKey: Guid(e7883133e628dff4a86f50c082f77055) Importer(2089858483,192608db42251d675da83286b1cce702)
Start importing Assets/Samples/XR Interaction Toolkit/3.2.2/Starter Assets/Scripts/MaterialPipelineHandler.cs using Guid(e7883133e628dff4a86f50c082f77055) Importer(2089858483,192608db42251d675da83286b1cce702) (ScriptedImporter) -> (artifact id: '7493c5f82f373d3d7f288d4a3a56857a') in 0.0041736 seconds
Number of updated asset objects reloaded before import = 0Number of asset objects unloaded after import = 0

========================================================================
Received Import Request.
  Time since last request: 0.000017 seconds.
  path: Assets/Samples/XR Interaction Toolkit/3.2.2/Starter Assets/Scripts/DynamicMoveProvider.cs
  artifactKey: Guid(9b1e8c997df241c1a67045eeac79b41b) Importer(2089858483,192608db42251d675da83286b1cce702)
Start importing Assets/Samples/XR Interaction Toolkit/3.2.2/Starter Assets/Scripts/DynamicMoveProvider.cs using Guid(9b1e8c997df241c1a67045eeac79b41b) Importer(2089858483,192608db42251d675da83286b1cce702) (ScriptedImporter) -> (artifact id: 'b809db4f3b76f3bf05f3256a4f6f2a39') in 0.0036922 seconds
Number of updated asset objects reloaded before import = 0Number of asset objects unloaded after import = 0

========================================================================
Received Import Request.
  Time since last request: 0.000013 seconds.
  path: Assets/Samples/XR Interaction Toolkit/3.2.2/Starter Assets/Scripts/TeleportVolumeAnchorAffordanceStateLink.cs
  artifactKey: Guid(7da98a0edd844d83b9b4de3f91de030c) Importer(2089858483,192608db42251d675da83286b1cce702)
Start importing Assets/Samples/XR Interaction Toolkit/3.2.2/Starter Assets/Scripts/TeleportVolumeAnchorAffordanceStateLink.cs using Guid(7da98a0edd844d83b9b4de3f91de030c) Importer(2089858483,192608db42251d675da83286b1cce702) (ScriptedImporter) -> (artifact id: '522203b1a1dffb123e5d9b6153e2c0b1') in 0.004486 seconds
Number of updated asset objects reloaded before import = 0Number of asset objects unloaded after import = 0

========================================================================
Received Import Request.
  Time since last request: 0.000013 seconds.
  path: Assets/Samples/XR Interaction Toolkit/3.2.2/Starter Assets/Scripts/ControllerInputActionManager.cs
  artifactKey: Guid(f9ac216f0eb04754b1d938aac6380b31) Importer(2089858483,192608db42251d675da83286b1cce702)
Start importing Assets/Samples/XR Interaction Toolkit/3.2.2/Starter Assets/Scripts/ControllerInputActionManager.cs using Guid(f9ac216f0eb04754b1d938aac6380b31) Importer(2089858483,192608db42251d675da83286b1cce702) (ScriptedImporter) -> (artifact id: '3ba0c20e11d1c6ad4fb7b6088292fb3d') in 0.0044851 seconds
Number of updated asset objects reloaded before import = 0Number of asset objects unloaded after import = 0

========================================================================
Received Import Request.
  Time since last request: 0.000022 seconds.
  path: Assets/Samples/XR Interaction Toolkit/3.2.2/Starter Assets/Scripts/ClimbTeleportDestinationIndicator.cs
  artifactKey: Guid(e766f86cb7d2461683eb37d8a971fb14) Importer(2089858483,192608db42251d675da83286b1cce702)
Start importing Assets/Samples/XR Interaction Toolkit/3.2.2/Starter Assets/Scripts/ClimbTeleportDestinationIndicator.cs using Guid(e766f86cb7d2461683eb37d8a971fb14) Importer(2089858483,192608db42251d675da83286b1cce702) (ScriptedImporter) -> (artifact id: '79b088f91551b2a26e2c13032f315b58') in 0.0045663 seconds
Number of updated asset objects reloaded before import = 0Number of asset objects unloaded after import = 0

========================================================================
Received Import Request.
  Time since last request: 0.000028 seconds.
  path: Assets/Samples/XR Interaction Toolkit/3.2.2/Hands Interaction Demo/Prefabs/HandPokeInteractorAffordances.prefab
  artifactKey: Guid(eed9e61964b17194d94ce56bffabb610) Importer(2089858483,192608db42251d675da83286b1cce702)
Start importing Assets/Samples/XR Interaction Toolkit/3.2.2/Hands Interaction Demo/Prefabs/HandPokeInteractorAffordances.prefab using Guid(eed9e61964b17194d94ce56bffabb610) Importer(2089858483,192608db42251d675da83286b1cce702) (ScriptedImporter) -> (artifact id: '7f7917875df13ee11ebb14b620f6aaa1') in 0.0132395 seconds
Number of updated asset objects reloaded before import = 0Number of asset objects unloaded after import = 10

========================================================================
Received Import Request.
  Time since last request: 0.000018 seconds.
  path: Assets/Samples/XR Interaction Toolkit/3.2.2/Starter Assets/Presets/XRI Default Left Grab Move.preset
  artifactKey: Guid(e2e08fffc3edfbb47a429bae0c5a6343) Importer(2089858483,192608db42251d675da83286b1cce702)
Start importing Assets/Samples/XR Interaction Toolkit/3.2.2/Starter Assets/Presets/XRI Default Left Grab Move.preset using Guid(e2e08fffc3edfbb47a429bae0c5a6343) Importer(2089858483,192608db42251d675da83286b1cce702) (ScriptedImporter) -> (artifact id: 'f91d086f5e94d342d5cdd7f7672483b0') in 0.0084541 seconds
Number of updated asset objects reloaded before import = 0Number of asset objects unloaded after import = 3

========================================================================
Received Import Request.
  Time since last request: 0.000015 seconds.
  path: Assets/Samples/XR Hands/1.6.1/HandVisualizer/Models/LeftHandAndroidXR.fbx
  artifactKey: Guid(7eff605df5fc69141bad762b74fb9228) Importer(2089858483,192608db42251d675da83286b1cce702)
Start importing Assets/Samples/XR Hands/1.6.1/HandVisualizer/Models/LeftHandAndroidXR.fbx using Guid(7eff605df5fc69141bad762b74fb9228) Importer(2089858483,192608db42251d675da83286b1cce702) (ScriptedImporter) -> (artifact id: 'bc8961d28e506ff51dcc9b4c609ac7a8') in 0.0100023 seconds
Number of updated asset objects reloaded before import = 0Number of asset objects unloaded after import = 80

========================================================================
Received Import Request.
  Time since last request: 0.000015 seconds.
  path: Assets/Samples/XR Interaction Toolkit/3.2.2/Starter Assets/Presets/XRI Default Continuous Turn.preset
  artifactKey: Guid(735a78fc7c2a98a4e85e0e42bf895f48) Importer(2089858483,192608db42251d675da83286b1cce702)
Start importing Assets/Samples/XR Interaction Toolkit/3.2.2/Starter Assets/Presets/XRI Default Continuous Turn.preset using Guid(735a78fc7c2a98a4e85e0e42bf895f48) Importer(2089858483,192608db42251d675da83286b1cce702) (ScriptedImporter) -> (artifact id: '322d4f72c3577771f2b525d80ec5fa1c') in 0.0069171 seconds
Number of updated asset objects reloaded before import = 0Number of asset objects unloaded after import = 4

========================================================================
Received Import Request.
  Time since last request: 0.000020 seconds.
  path: Assets/resources/UI/Fonts/NORTON__ SDF.asset
  artifactKey: Guid(0977435f0616e304e911208a5aa80bc5) Importer(2089858483,192608db42251d675da83286b1cce702)
Start importing Assets/resources/UI/Fonts/NORTON__ SDF.asset using Guid(0977435f0616e304e911208a5aa80bc5) Importer(2089858483,192608db42251d675da83286b1cce702) (ScriptedImporter) -> (artifact id: '8dd4b02e59033b6db420cf2e018e1b19') in 0.0238591 seconds
Number of updated asset objects reloaded before import = 0Number of asset objects unloaded after import = 3

========================================================================
Received Import Request.
  Time since last request: 0.000016 seconds.
  path: Assets/resources/Scripts/Deck/DeckBuilderManager.cs
  artifactKey: Guid(21b984b227627b84c8d8fc69d2a3fa3a) Importer(2089858483,192608db42251d675da83286b1cce702)
Start importing Assets/resources/Scripts/Deck/DeckBuilderManager.cs using Guid(21b984b227627b84c8d8fc69d2a3fa3a) Importer(2089858483,192608db42251d675da83286b1cce702) (ScriptedImporter) -> (artifact id: 'cfa2b19f2db1083f12707791608672f8') in 0.0044161 seconds
Number of updated asset objects reloaded before import = 0Number of asset objects unloaded after import = 0

========================================================================
Received Import Request.
  Time since last request: 0.000025 seconds.
  path: Assets/Samples/XR Interaction Toolkit/3.2.2/World Space UI/UI Toolkit Documents/UIToolkitHeaderDocument.uxml
  artifactKey: Guid(1d7df8ebf042043478078c57e5233f04) Importer(2089858483,192608db42251d675da83286b1cce702)
Start importing Assets/Samples/XR Interaction Toolkit/3.2.2/World Space UI/UI Toolkit Documents/UIToolkitHeaderDocument.uxml using Guid(1d7df8ebf042043478078c57e5233f04) Importer(2089858483,192608db42251d675da83286b1cce702) (ScriptedImporter) -> (artifact id: 'a80f4f9376d993090c565d28b4d45078') in 0.0140225 seconds
Number of updated asset objects reloaded before import = 0Number of asset objects unloaded after import = 2

========================================================================
Received Import Request.
  Time since last request: 0.000013 seconds.
  path: Assets/Samples/XR Interaction Toolkit/3.2.2/World Space UI/Prefabs/UI Toolkit Grab UI.prefab
  artifactKey: Guid(c6b4b184963f45b4f82ef507fe7e2e5c) Importer(2089858483,192608db42251d675da83286b1cce702)
Start importing Assets/Samples/XR Interaction Toolkit/3.2.2/World Space UI/Prefabs/UI Toolkit Grab UI.prefab using Guid(c6b4b184963f45b4f82ef507fe7e2e5c) Importer(2089858483,192608db42251d675da83286b1cce702) (ScriptedImporter) -> (artifact id: '5aca79e669051ef79942e531a906a76d') in 0.0647748 seconds
Number of updated asset objects reloaded before import = 0Number of asset objects unloaded after import = 52

========================================================================
Received Import Request.
  Time since last request: 0.000019 seconds.
  path: Assets/Samples/XR Interaction Toolkit/3.2.2/World Space UI/UI Toolkit Documents/XRIModalButtonDocument.uxml
  artifactKey: Guid(052827bd06643e94b9fc2ffd5a3f8dae) Importer(2089858483,192608db42251d675da83286b1cce702)
Start importing Assets/Samples/XR Interaction Toolkit/3.2.2/World Space UI/UI Toolkit Documents/XRIModalButtonDocument.uxml using Guid(052827bd06643e94b9fc2ffd5a3f8dae) Importer(2089858483,192608db42251d675da83286b1cce702) (ScriptedImporter) -> (artifact id: 'dd2f440210fe9bbeb0509ac00572e6ba') in 0.009133 seconds
Number of updated asset objects reloaded before import = 0Number of asset objects unloaded after import = 4

========================================================================
Received Import Request.
  Time since last request: 0.000018 seconds.
  path: Assets/Samples/XR Interaction Toolkit/3.2.2/World Space UI/Prefabs/UI Toolkit Scrollview.prefab
  artifactKey: Guid(6951322fbc274ec459ef3efecd1891a7) Importer(2089858483,192608db42251d675da83286b1cce702)
Start importing Assets/Samples/XR Interaction Toolkit/3.2.2/World Space UI/Prefabs/UI Toolkit Scrollview.prefab using Guid(6951322fbc274ec459ef3efecd1891a7) Importer(2089858483,192608db42251d675da83286b1cce702) (ScriptedImporter) -> (artifact id: '341e79be95482454f57222e397b761b5') in 0.0454326 seconds
Number of updated asset objects reloaded before import = 0Number of asset objects unloaded after import = 41

========================================================================
Received Import Request.
  Time since last request: 0.000030 seconds.
  path: Assets/Samples/XR Interaction Toolkit/3.2.2/World Space UI/UI Toolkit Panel Settings/WorldSpacePanel_Auto.asset
  artifactKey: Guid(c6633e3622bb99649b1f3ffa07217cf2) Importer(2089858483,192608db42251d675da83286b1cce702)
Start importing Assets/Samples/XR Interaction Toolkit/3.2.2/World Space UI/UI Toolkit Panel Settings/WorldSpacePanel_Auto.asset using Guid(c6633e3622bb99649b1f3ffa07217cf2) Importer(2089858483,192608db42251d675da83286b1cce702) (ScriptedImporter) -> (artifact id: 'eb72bdf75c7ab19b8e0d5e3a40a7f76c') in 0.0322451 seconds
Number of updated asset objects reloaded before import = 0Number of asset objects unloaded after import = 29

========================================================================
Received Import Request.
  Time since last request: 0.000038 seconds.
  path: Assets/_Tanks/Tutorial_Demo/Demo_Scenes/Demo_Scene_Data/Demo_LightingData/Lightmap-0_comp_dir.png
  artifactKey: Guid(d83722e33c4e24d8b82e1aeb05f3bde1) Importer(2089858483,192608db42251d675da83286b1cce702)
Start importing Assets/_Tanks/Tutorial_Demo/Demo_Scenes/Demo_Scene_Data/Demo_LightingData/Lightmap-0_comp_dir.png using Guid(d83722e33c4e24d8b82e1aeb05f3bde1) Importer(2089858483,192608db42251d675da83286b1cce702) (ScriptedImporter) -> (artifact id: '8c89f901df85034d6faecfe3eec88dd9') in 0.0133646 seconds
Number of updated asset objects reloaded before import = 0Number of asset objects unloaded after import = 1

========================================================================
Received Import Request.
  Time since last request: 0.000020 seconds.
  path: Assets/_Tanks/Tutorial_Demo/Demo_Scenes/Demo_Scene_Data/Demo_LightingData/Lightmap-3_comp_dir.png
  artifactKey: Guid(bde59d815a4e341ddb4fbc67f7252c4e) Importer(2089858483,192608db42251d675da83286b1cce702)
Start importing Assets/_Tanks/Tutorial_Demo/Demo_Scenes/Demo_Scene_Data/Demo_LightingData/Lightmap-3_comp_dir.png using Guid(bde59d815a4e341ddb4fbc67f7252c4e) Importer(2089858483,192608db42251d675da83286b1cce702) (ScriptedImporter) -> (artifact id: 'b334abcca80e8e647bd85b581990311d') in 0.012666 seconds
Number of updated asset objects reloaded before import = 0Number of asset objects unloaded after import = 1

========================================================================
Received Import Request.
  Time since last request: 0.000024 seconds.
  path: Assets/Samples/XR Interaction Toolkit/3.2.2/XR Device Simulator/Scripts/XRDeviceSimulatorControllerUI.cs
  artifactKey: Guid(a907ece591e731e49b5d7be45f089972) Importer(2089858483,192608db42251d675da83286b1cce702)
Start importing Assets/Samples/XR Interaction Toolkit/3.2.2/XR Device Simulator/Scripts/XRDeviceSimulatorControllerUI.cs using Guid(a907ece591e731e49b5d7be45f089972) Importer(2089858483,192608db42251d675da83286b1cce702) (ScriptedImporter) -> (artifact id: '1789e2ed8c6a6df7aab0358f8d11903d') in 0.0054091 seconds
Number of updated asset objects reloaded before import = 0Number of asset objects unloaded after import = 0

========================================================================
Received Import Request.
  Time since last request: 0.000034 seconds.
  path: Assets/Samples/XR Interaction Toolkit/3.2.2/XR Device Simulator/Hand Expression Captures/Poke Expression Capture.asset
  artifactKey: Guid(95c319715e9d2644da8ae09af8ccfee6) Importer(2089858483,192608db42251d675da83286b1cce702)
Start importing Assets/Samples/XR Interaction Toolkit/3.2.2/XR Device Simulator/Hand Expression Captures/Poke Expression Capture.asset using Guid(95c319715e9d2644da8ae09af8ccfee6) Importer(2089858483,192608db42251d675da83286b1cce702) (ScriptedImporter) -> (artifact id: '562d3c36b6f04a5e7656f3aa8f331c5e') in 0.0442149 seconds
Number of updated asset objects reloaded before import = 0Number of asset objects unloaded after import = 2

========================================================================
Received Import Request.
  Time since last request: 0.000012 seconds.
  path: Assets/_Tanks/Tutorial_Demo/Demo_Scenes/Demo_Scene_Data/Demo_LightingData/Lightmap-3_comp_light.exr
  artifactKey: Guid(2a1ffa0ad6bb34b67a939ed9875b5174) Importer(2089858483,192608db42251d675da83286b1cce702)
Start importing Assets/_Tanks/Tutorial_Demo/Demo_Scenes/Demo_Scene_Data/Demo_LightingData/Lightmap-3_comp_light.exr using Guid(2a1ffa0ad6bb34b67a939ed9875b5174) Importer(2089858483,192608db42251d675da83286b1cce702) (ScriptedImporter) -> (artifact id: '99a14b175ecda1a0d3e9419c11f801ed') in 0.0089554 seconds
Number of updated asset objects reloaded before import = 0Number of asset objects unloaded after import = 1

========================================================================
Received Import Request.
  Time since last request: 0.000017 seconds.
  path: Assets/Samples/XR Interaction Toolkit/3.2.2/Starter Assets/Textures/DefaultMaterial_AO.png
  artifactKey: Guid(85e675893a909864d9c237e20202651b) Importer(2089858483,192608db42251d675da83286b1cce702)
Start importing Assets/Samples/XR Interaction Toolkit/3.2.2/Starter Assets/Textures/DefaultMaterial_AO.png using Guid(85e675893a909864d9c237e20202651b) Importer(2089858483,192608db42251d675da83286b1cce702) (ScriptedImporter) -> (artifact id: '9e9c1c6436df646f3c456924345e5fcd') in 0.0103236 seconds
Number of updated asset objects reloaded before import = 0Number of asset objects unloaded after import = 1

========================================================================
Received Import Request.
  Time since last request: 0.000016 seconds.
  path: Assets/_Tanks/Tutorial_Demo/Demo_Scenes/Demo_Scene_Data/Demo_LightingData/Lightmap-2_comp_dir.png
  artifactKey: Guid(36e37689553634ef6ac79fc08d0bafec) Importer(2089858483,192608db42251d675da83286b1cce702)
Start importing Assets/_Tanks/Tutorial_Demo/Demo_Scenes/Demo_Scene_Data/Demo_LightingData/Lightmap-2_comp_dir.png using Guid(36e37689553634ef6ac79fc08d0bafec) Importer(2089858483,192608db42251d675da83286b1cce702) (ScriptedImporter) -> (artifact id: '2b4f232d2bfed4cb74b489dbb3bfe6ae') in 0.0094639 seconds
Number of updated asset objects reloaded before import = 0Number of asset objects unloaded after import = 1

========================================================================
Received Import Request.
  Time since last request: 0.000017 seconds.
  path: Assets/Samples/XR Interaction Toolkit/3.2.2/XR Device Simulator/UI/XR Device Simulator UI.prefab
  artifactKey: Guid(ead42e0472b7547fbba6c229aeaf37d3) Importer(2089858483,192608db42251d675da83286b1cce702)
Start importing Assets/Samples/XR Interaction Toolkit/3.2.2/XR Device Simulator/UI/XR Device Simulator UI.prefab using Guid(ead42e0472b7547fbba6c229aeaf37d3) Importer(2089858483,192608db42251d675da83286b1cce702) (ScriptedImporter) -> (artifact id: '3cf23828579a2f78439c14be3971106f') in 0.0619023 seconds
Number of updated asset objects reloaded before import = 0Number of asset objects unloaded after import = 765

========================================================================
Received Import Request.
  Time since last request: 0.000038 seconds.
  path: Assets/_Tanks/Tutorial_Demo/Demo_Scenes/Demo_Scene_Data/Demo_LightingData/Lightmap-4_comp_light.exr
  artifactKey: Guid(f9b0a40d3053f4becbe2c4973fd69285) Importer(2089858483,192608db42251d675da83286b1cce702)
Start importing Assets/_Tanks/Tutorial_Demo/Demo_Scenes/Demo_Scene_Data/Demo_LightingData/Lightmap-4_comp_light.exr using Guid(f9b0a40d3053f4becbe2c4973fd69285) Importer(2089858483,192608db42251d675da83286b1cce702) (ScriptedImporter) -> (artifact id: '9426479caa3dec99592166863c7ed587') in 0.0138992 seconds
Number of updated asset objects reloaded before import = 0Number of asset objects unloaded after import = 1

========================================================================
Received Import Request.
  Time since last request: 0.000017 seconds.
  path: Assets/Samples/XR Interaction Toolkit/3.2.2/Hands Interaction Demo/HandsDemoSceneAssets/Materials/AccentButton.mat
  artifactKey: Guid(53c16fb5d5c516b40a1f6a8fc34132f3) Importer(2089858483,192608db42251d675da83286b1cce702)
Start importing Assets/Samples/XR Interaction Toolkit/3.2.2/Hands Interaction Demo/HandsDemoSceneAssets/Materials/AccentButton.mat using Guid(53c16fb5d5c516b40a1f6a8fc34132f3) Importer(2089858483,192608db42251d675da83286b1cce702) (ScriptedImporter) -> (artifact id: 'ea3962f0500f58f1a5e2d902eee023d8') in 0.0089111 seconds
Number of updated asset objects reloaded before import = 0Number of asset objects unloaded after import = 2

========================================================================
Received Import Request.
  Time since last request: 0.000022 seconds.
  path: Assets/Samples/XR Interaction Toolkit/3.2.2/Hands Interaction Demo/HandsDemoSceneAssets/Models/Frame.fbx
  artifactKey: Guid(171affcd2d7ddf545ae966acd2de57c2) Importer(2089858483,192608db42251d675da83286b1cce702)
Start importing Assets/Samples/XR Interaction Toolkit/3.2.2/Hands Interaction Demo/HandsDemoSceneAssets/Models/Frame.fbx using Guid(171affcd2d7ddf545ae966acd2de57c2) Importer(2089858483,192608db42251d675da83286b1cce702) (ScriptedImporter) -> (artifact id: 'b756ab6c08bf8afa3078cf7df32ecb2c') in 0.0196365 seconds
Number of updated asset objects reloaded before import = 0Number of asset objects unloaded after import = 30

========================================================================
Received Import Request.
  Time since last request: 0.000014 seconds.
  path: Assets/_Tanks/Tutorial_Demo/Demo_Scenes/Demo_Scene_Data/Demo_LightingData/ReflectionProbe-0.exr
  artifactKey: Guid(2ef6009c433054f5e8f025031ec00e59) Importer(2089858483,192608db42251d675da83286b1cce702)
Start importing Assets/_Tanks/Tutorial_Demo/Demo_Scenes/Demo_Scene_Data/Demo_LightingData/ReflectionProbe-0.exr using Guid(2ef6009c433054f5e8f025031ec00e59) Importer(2089858483,192608db42251d675da83286b1cce702) (ScriptedImporter) -> (artifact id: 'a2e9503638fe85094f5ff2033eb552c0') in 0.0074305 seconds
Number of updated asset objects reloaded before import = 0Number of asset objects unloaded after import = 1

========================================================================
Received Import Request.
  Time since last request: 0.000017 seconds.
  path: Assets/Samples/XR Interaction Toolkit/3.2.2/Hands Interaction Demo/HandsDemoSceneAssets/Materials/Controls_Black.mat
  artifactKey: Guid(f95c205049f12cc4cb5bd57dbded286c) Importer(2089858483,192608db42251d675da83286b1cce702)
Start importing Assets/Samples/XR Interaction Toolkit/3.2.2/Hands Interaction Demo/HandsDemoSceneAssets/Materials/Controls_Black.mat using Guid(f95c205049f12cc4cb5bd57dbded286c) Importer(2089858483,192608db42251d675da83286b1cce702) (ScriptedImporter) -> (artifact id: 'aade6b3861465a4ebdfef12b2657a3ec') in 0.0610705 seconds
Number of updated asset objects reloaded before import = 0Number of asset objects unloaded after import = 1

========================================================================
Received Import Request.
  Time since last request: 0.000026 seconds.
  path: Assets/Samples/XR Interaction Toolkit/3.2.2/Hands Interaction Demo/HandsDemoSceneAssets/Materials/Chrome.mat
  artifactKey: Guid(2edb876ca20f6ea40b4ebb61f96f1df1) Importer(2089858483,192608db42251d675da83286b1cce702)
Start importing Assets/Samples/XR Interaction Toolkit/3.2.2/Hands Interaction Demo/HandsDemoSceneAssets/Materials/Chrome.mat using Guid(2edb876ca20f6ea40b4ebb61f96f1df1) Importer(2089858483,192608db42251d675da83286b1cce702) (ScriptedImporter) -> (artifact id: 'ab7afdf22455171d2fa2b817d5613cd2') in 0.0055099 seconds
Number of updated asset objects reloaded before import = 0Number of asset objects unloaded after import = 1

========================================================================
Received Import Request.
  Time since last request: 0.000016 seconds.
  path: Assets/Samples/XR Interaction Toolkit/3.2.2/Hands Interaction Demo/HandsDemoSceneAssets/Affordances/CapsuleScale.asset
  artifactKey: Guid(e5acc2ade2588d44fb53e968cd702099) Importer(2089858483,192608db42251d675da83286b1cce702)
Start importing Assets/Samples/XR Interaction Toolkit/3.2.2/Hands Interaction Demo/HandsDemoSceneAssets/Affordances/CapsuleScale.asset using Guid(e5acc2ade2588d44fb53e968cd702099) Importer(2089858483,192608db42251d675da83286b1cce702) (ScriptedImporter) -> (artifact id: 'ba30be76925654a7d8243306b29074a6') in 0.0061964 seconds
Number of updated asset objects reloaded before import = 0Number of asset objects unloaded after import = 1

========================================================================
Received Import Request.
  Time since last request: 0.000018 seconds.
  path: Assets/Samples/XR Interaction Toolkit/3.2.2/Starter Assets/TunnelingVignette/TunnelingVignetteSG.shadergraph
  artifactKey: Guid(c109fab5d2bf5f64598ed69d2c16ceb3) Importer(2089858483,192608db42251d675da83286b1cce702)
Start importing Assets/Samples/XR Interaction Toolkit/3.2.2/Starter Assets/TunnelingVignette/TunnelingVignetteSG.shadergraph using Guid(c109fab5d2bf5f64598ed69d2c16ceb3) Importer(2089858483,192608db42251d675da83286b1cce702) (ScriptedImporter) -> (artifact id: 'cce7a5ed2cb55a1732c5aa90c88645ad') in 0.0071692 seconds
Number of updated asset objects reloaded before import = 0Number of asset objects unloaded after import = 5

========================================================================
Received Import Request.
  Time since last request: 0.000014 seconds.
  path: Assets/Samples/XR Interaction Toolkit/3.2.2/Hands Interaction Demo/HandsDemoSceneAssets/Prefabs/PokeButton.prefab
  artifactKey: Guid(d661f645c81f29b4aa596207971ae441) Importer(2089858483,192608db42251d675da83286b1cce702)
Start importing Assets/Samples/XR Interaction Toolkit/3.2.2/Hands Interaction Demo/HandsDemoSceneAssets/Prefabs/PokeButton.prefab using Guid(d661f645c81f29b4aa596207971ae441) Importer(2089858483,192608db42251d675da83286b1cce702) (ScriptedImporter) -> (artifact id: 'cf79dccc4a3c933358e9781d50fc7526') in 0.0123281 seconds
Number of updated asset objects reloaded before import = 0Number of asset objects unloaded after import = 46

========================================================================
Received Import Request.
  Time since last request: 0.000015 seconds.
  path: Assets/Samples/XR Interaction Toolkit/3.2.2/Hands Interaction Demo/HandsDemoSceneAssets/Scripts/TransformSync.cs
  artifactKey: Guid(f22671673eaaae848b70290eb3a1350c) Importer(2089858483,192608db42251d675da83286b1cce702)
Start importing Assets/Samples/XR Interaction Toolkit/3.2.2/Hands Interaction Demo/HandsDemoSceneAssets/Scripts/TransformSync.cs using Guid(f22671673eaaae848b70290eb3a1350c) Importer(2089858483,192608db42251d675da83286b1cce702) (ScriptedImporter) -> (artifact id: 'a08ee9c9be7c3f64c6ef5e52f32c0acc') in 0.0050854 seconds
Number of updated asset objects reloaded before import = 0Number of asset objects unloaded after import = 0

========================================================================
Received Import Request.
  Time since last request: 0.000038 seconds.
  path: Assets/Samples/XR Interaction Toolkit/3.2.2/Hands Interaction Demo/HandsDemoSceneAssets/Prefabs/DiscController.prefab
  artifactKey: Guid(6b7188f9e149bd64cb26cec516eb470c) Importer(2089858483,192608db42251d675da83286b1cce702)
Start importing Assets/Samples/XR Interaction Toolkit/3.2.2/Hands Interaction Demo/HandsDemoSceneAssets/Prefabs/DiscController.prefab using Guid(6b7188f9e149bd64cb26cec516eb470c) Importer(2089858483,192608db42251d675da83286b1cce702) (ScriptedImporter) -> (artifact id: '98f18695fff259f315755098a192cc9a') in 0.019422 seconds
Number of updated asset objects reloaded before import = 0Number of asset objects unloaded after import = 28

========================================================================
Received Import Request.
  Time since last request: 0.000028 seconds.
  path: Assets/Samples/XR Interaction Toolkit/3.2.2/Hands Interaction Demo/Shaders/Subgraphs/FadeFromCenter.shadersubgraph
  artifactKey: Guid(42ba907d16ca12e4ea44090883108545) Importer(2089858483,192608db42251d675da83286b1cce702)
Start importing Assets/Samples/XR Interaction Toolkit/3.2.2/Hands Interaction Demo/Shaders/Subgraphs/FadeFromCenter.shadersubgraph using Guid(42ba907d16ca12e4ea44090883108545) Importer(2089858483,192608db42251d675da83286b1cce702) (ScriptedImporter) -> (artifact id: '1495f859b15f5623222f176c2b9fae75') in 0.0101275 seconds
Number of updated asset objects reloaded before import = 0Number of asset objects unloaded after import = 1

========================================================================
Received Import Request.
  Time since last request: 0.000019 seconds.
  path: Assets/Samples/XR Interaction Toolkit/3.2.2/Starter Assets/DemoSceneAssets/Audio/Button Pop.wav
  artifactKey: Guid(16fba6d30ed741d4a9fdd6e79ee2f3ac) Importer(2089858483,192608db42251d675da83286b1cce702)
Start importing Assets/Samples/XR Interaction Toolkit/3.2.2/Starter Assets/DemoSceneAssets/Audio/Button Pop.wav using Guid(16fba6d30ed741d4a9fdd6e79ee2f3ac) Importer(2089858483,192608db42251d675da83286b1cce702) (ScriptedImporter) -> (artifact id: '0470d55a7ed5ec82fb7b8e4cbc8d8a3e') in 0.036834 seconds
Number of updated asset objects reloaded before import = 0Number of asset objects unloaded after import = 1

========================================================================
Received Import Request.
  Time since last request: 0.000016 seconds.
  path: Assets/Samples/XR Interaction Toolkit/3.2.2/Hands Interaction Demo/HandsDemoSceneAssets/Scripts/PokeBlendShapeAnimator.cs
  artifactKey: Guid(78373ff495dc8234887e0cbdc7140022) Importer(2089858483,192608db42251d675da83286b1cce702)
Start importing Assets/Samples/XR Interaction Toolkit/3.2.2/Hands Interaction Demo/HandsDemoSceneAssets/Scripts/PokeBlendShapeAnimator.cs using Guid(78373ff495dc8234887e0cbdc7140022) Importer(2089858483,192608db42251d675da83286b1cce702) (ScriptedImporter) -> (artifact id: '3ad2fbd6e2ad1a14818c4e3420f7ed0a') in 0.0036893 seconds
Number of updated asset objects reloaded before import = 0Number of asset objects unloaded after import = 0

========================================================================
Received Import Request.
  Time since last request: 0.000018 seconds.
  path: Assets/Samples/XR Interaction Toolkit/3.2.2/Starter Assets/DemoSceneAssets/AffordanceThemes/InteractionColor.asset
  artifactKey: Guid(3ec238cb3e80e274c844d7b56f585392) Importer(2089858483,192608db42251d675da83286b1cce702)
Start importing Assets/Samples/XR Interaction Toolkit/3.2.2/Starter Assets/DemoSceneAssets/AffordanceThemes/InteractionColor.asset using Guid(3ec238cb3e80e274c844d7b56f585392) Importer(2089858483,192608db42251d675da83286b1cce702) (ScriptedImporter) -> (artifact id: 'e3bd61d99bb438179f13f8d180361d76') in 0.0048619 seconds
Number of updated asset objects reloaded before import = 0Number of asset objects unloaded after import = 1

========================================================================
Received Import Request.
  Time since last request: 0.000019 seconds.
  path: Assets/Samples/XR Interaction Toolkit/3.2.2/XR Device Simulator/Scripts/XRDeviceSimulatorUI.cs
  artifactKey: Guid(e8b922481d9264546b97958b2c7cf0a0) Importer(2089858483,192608db42251d675da83286b1cce702)
Start importing Assets/Samples/XR Interaction Toolkit/3.2.2/XR Device Simulator/Scripts/XRDeviceSimulatorUI.cs using Guid(e8b922481d9264546b97958b2c7cf0a0) Importer(2089858483,192608db42251d675da83286b1cce702) (ScriptedImporter) -> (artifact id: 'ce2b26555ddfa00bbde802ffcdead332') in 0.0037841 seconds
Number of updated asset objects reloaded before import = 0Number of asset objects unloaded after import = 0

========================================================================
Received Import Request.
  Time since last request: 0.000029 seconds.
  path: Assets/Samples/XR Interaction Toolkit/3.2.2/World Space UI/Models/Spatial Panel Manipulator Model.fbx
  artifactKey: Guid(529fcee213f6ba44e8158287e9daee49) Importer(2089858483,192608db42251d675da83286b1cce702)
Start importing Assets/Samples/XR Interaction Toolkit/3.2.2/World Space UI/Models/Spatial Panel Manipulator Model.fbx using Guid(529fcee213f6ba44e8158287e9daee49) Importer(2089858483,192608db42251d675da83286b1cce702) (ScriptedImporter) -> (artifact id: 'b35e92657edb340cf45b57586ec6653a') in 0.0111511 seconds
Number of updated asset objects reloaded before import = 0Number of asset objects unloaded after import = 7

========================================================================
Received Import Request.
  Time since last request: 0.000019 seconds.
  path: Assets/Samples/XR Interaction Toolkit/3.2.2/Hands Interaction Demo/HandsDemoSceneAssets/Scripts/ObjectResetPlane.cs
  artifactKey: Guid(54ce4268a4182384da360e6e2654d3a6) Importer(2089858483,192608db42251d675da83286b1cce702)
Start importing Assets/Samples/XR Interaction Toolkit/3.2.2/Hands Interaction Demo/HandsDemoSceneAssets/Scripts/ObjectResetPlane.cs using Guid(54ce4268a4182384da360e6e2654d3a6) Importer(2089858483,192608db42251d675da83286b1cce702) (ScriptedImporter) -> (artifact id: '90615ebd8619fdece270bc4459bdb22a') in 0.0819141 seconds
Number of updated asset objects reloaded before import = 0Number of asset objects unloaded after import = 0

========================================================================
Received Import Request.
  Time since last request: 0.000012 seconds.
  path: Assets/Samples/XR Interaction Toolkit/3.2.2/Starter Assets/DemoSceneAssets/Prefabs/Gaze Interactables.prefab
  artifactKey: Guid(e05cd47ab8981f64badd3bfe29af8f4e) Importer(2089858483,192608db42251d675da83286b1cce702)
Start importing Assets/Samples/XR Interaction Toolkit/3.2.2/Starter Assets/DemoSceneAssets/Prefabs/Gaze Interactables.prefab using Guid(e05cd47ab8981f64badd3bfe29af8f4e) Importer(2089858483,192608db42251d675da83286b1cce702) (ScriptedImporter) -> (artifact id: '1acf3fe1d81c6b614625ba52552f10f1') in 0.0065308 seconds
Number of updated asset objects reloaded before import = 0Number of asset objects unloaded after import = 41

========================================================================
Received Import Request.
  Time since last request: 0.000018 seconds.
  path: Assets/Samples/XR Interaction Toolkit/3.2.2/Starter Assets/DemoSceneAssets/Scripts/MultiAnchorTeleportReticle.cs
  artifactKey: Guid(e001d3dc91354f8f8c590b4e1d1d3da9) Importer(2089858483,192608db42251d675da83286b1cce702)
Start importing Assets/Samples/XR Interaction Toolkit/3.2.2/Starter Assets/DemoSceneAssets/Scripts/MultiAnchorTeleportReticle.cs using Guid(e001d3dc91354f8f8c590b4e1d1d3da9) Importer(2089858483,192608db42251d675da83286b1cce702) (ScriptedImporter) -> (artifact id: 'a788ff375b2c91cbf6cb7e1f553a831d') in 0.0039004 seconds
Number of updated asset objects reloaded before import = 0Number of asset objects unloaded after import = 0

========================================================================
Received Import Request.
  Time since last request: 0.000029 seconds.
  path: Assets/Samples/XR Interaction Toolkit/3.2.2/Starter Assets/DemoSceneAssets/Prefabs/Far Grab Samples.prefab
  artifactKey: Guid(f5ee409d69254d64da7a3b74d31a5a40) Importer(2089858483,192608db42251d675da83286b1cce702)
Start importing Assets/Samples/XR Interaction Toolkit/3.2.2/Starter Assets/DemoSceneAssets/Prefabs/Far Grab Samples.prefab using Guid(f5ee409d69254d64da7a3b74d31a5a40) Importer(2089858483,192608db42251d675da83286b1cce702) (ScriptedImporter) -> (artifact id: '2a0d432ccbeb2950f6f47894a802b88a') in 0.0078004 seconds
Number of updated asset objects reloaded before import = 0Number of asset objects unloaded after import = 84

========================================================================
Received Import Request.
  Time since last request: 0.000019 seconds.
  path: Assets/Samples/XR Interaction Toolkit/3.2.2/Starter Assets/DemoSceneAssets/Settings/GazeTeleportAnchorFilter.asset
  artifactKey: Guid(14af1242b4be8e2458dd5bee35c06ae5) Importer(2089858483,192608db42251d675da83286b1cce702)
Start importing Assets/Samples/XR Interaction Toolkit/3.2.2/Starter Assets/DemoSceneAssets/Settings/GazeTeleportAnchorFilter.asset using Guid(14af1242b4be8e2458dd5bee35c06ae5) Importer(2089858483,192608db42251d675da83286b1cce702) (ScriptedImporter) -> (artifact id: 'a8d63087fa5cb628700fac7e5a9389bb') in 0.0048101 seconds
Number of updated asset objects reloaded before import = 0Number of asset objects unloaded after import = 1

========================================================================
Received Import Request.
  Time since last request: 0.000017 seconds.
  path: Assets/Samples/XR Interaction Toolkit/3.2.2/Starter Assets/DemoSceneAssets/Materials/MaterialPipelineHandler.asset
  artifactKey: Guid(fcbe69f7b69204d43b67d30e2487c37c) Importer(2089858483,192608db42251d675da83286b1cce702)
Start importing Assets/Samples/XR Interaction Toolkit/3.2.2/Starter Assets/DemoSceneAssets/Materials/MaterialPipelineHandler.asset using Guid(fcbe69f7b69204d43b67d30e2487c37c) Importer(2089858483,192608db42251d675da83286b1cce702) (ScriptedImporter) -> (artifact id: '9569443b2ab1518250ed1d9f4a0b245d') in 0.0063639 seconds
Number of updated asset objects reloaded before import = 0Number of asset objects unloaded after import = 5

========================================================================
Received Import Request.
  Time since last request: 0.000014 seconds.
  path: Assets/Samples/XR Interaction Toolkit/3.2.2/Starter Assets/DemoSceneAssets/Prefabs/Interactables Sample.prefab
  artifactKey: Guid(6821e1b7f44d8c44b8a2ba02f37309d5) Importer(2089858483,192608db42251d675da83286b1cce702)
Start importing Assets/Samples/XR Interaction Toolkit/3.2.2/Starter Assets/DemoSceneAssets/Prefabs/Interactables Sample.prefab using Guid(6821e1b7f44d8c44b8a2ba02f37309d5) Importer(2089858483,192608db42251d675da83286b1cce702) (ScriptedImporter) -> (artifact id: '05ff12205290d43a52436d97153ae5bf') in 0.0077563 seconds
Number of updated asset objects reloaded before import = 0Number of asset objects unloaded after import = 68

========================================================================
Received Import Request.
  Time since last request: 0.000015 seconds.
  path: Assets/Samples/XR Interaction Toolkit/3.2.2/Starter Assets/DemoSceneAssets/Sprites/Asset.png
  artifactKey: Guid(17d565bb4a7744b41b7e4dc7e3a09e35) Importer(2089858483,192608db42251d675da83286b1cce702)
Start importing Assets/Samples/XR Interaction Toolkit/3.2.2/Starter Assets/DemoSceneAssets/Sprites/Asset.png using Guid(17d565bb4a7744b41b7e4dc7e3a09e35) Importer(2089858483,192608db42251d675da83286b1cce702) (ScriptedImporter) -> (artifact id: '0969d65782154dc0452489cb3c56b774') in 0.0102649 seconds
Number of updated asset objects reloaded before import = 0Number of asset objects unloaded after import = 3

========================================================================
Received Import Request.
  Time since last request: 0.000016 seconds.
  path: Assets/Samples/XR Interaction Toolkit/3.2.2/Starter Assets/DemoSceneAssets/Materials/Concrete Light Blue.mat
  artifactKey: Guid(830d28b607e09a2479e2005c2eb5c75e) Importer(2089858483,192608db42251d675da83286b1cce702)
Start importing Assets/Samples/XR Interaction Toolkit/3.2.2/Starter Assets/DemoSceneAssets/Materials/Concrete Light Blue.mat using Guid(830d28b607e09a2479e2005c2eb5c75e) Importer(2089858483,192608db42251d675da83286b1cce702) (ScriptedImporter) -> (artifact id: '4029dd8b323d64eb691be561bec81562') in 0.0071388 seconds
Number of updated asset objects reloaded before import = 0Number of asset objects unloaded after import = 3

========================================================================
Received Import Request.
  Time since last request: 0.000029 seconds.
  path: Assets/Samples/XR Interaction Toolkit/3.2.2/Starter Assets/DemoSceneAssets/Materials/Concrete Grey.mat
  artifactKey: Guid(842f1b88643f1bb458ba6243088e344e) Importer(2089858483,192608db42251d675da83286b1cce702)
Start importing Assets/Samples/XR Interaction Toolkit/3.2.2/Starter Assets/DemoSceneAssets/Materials/Concrete Grey.mat using Guid(842f1b88643f1bb458ba6243088e344e) Importer(2089858483,192608db42251d675da83286b1cce702) (ScriptedImporter) -> (artifact id: '33984ee1689eed57df9db46d81710feb') in 0.0082896 seconds
Number of updated asset objects reloaded before import = 0Number of asset objects unloaded after import = 3

========================================================================
Received Import Request.
  Time since last request: 0.000022 seconds.
  path: Assets/Samples/XR Interaction Toolkit/3.2.2/Starter Assets/Prefabs/Interactors/Ray Interactor.prefab
  artifactKey: Guid(ad818c36731146e994540a1896ad8f24) Importer(2089858483,192608db42251d675da83286b1cce702)
Start importing Assets/Samples/XR Interaction Toolkit/3.2.2/Starter Assets/Prefabs/Interactors/Ray Interactor.prefab using Guid(ad818c36731146e994540a1896ad8f24) Importer(2089858483,192608db42251d675da83286b1cce702) (ScriptedImporter) -> (artifact id: 'a05470680c567e4fce74a2bc5caa924d') in 0.1094263 seconds
Number of updated asset objects reloaded before import = 0Number of asset objects unloaded after import = 10

========================================================================
Received Import Request.
  Time since last request: 0.000015 seconds.
  path: Assets/Samples/XR Interaction Toolkit/3.2.2/Starter Assets/Prefabs/Teleport/Blocking Teleport Reticle.prefab
  artifactKey: Guid(a3fde713df4d99042a0403c4be9eea32) Importer(2089858483,192608db42251d675da83286b1cce702)
Start importing Assets/Samples/XR Interaction Toolkit/3.2.2/Starter Assets/Prefabs/Teleport/Blocking Teleport Reticle.prefab using Guid(a3fde713df4d99042a0403c4be9eea32) Importer(2089858483,192608db42251d675da83286b1cce702) (ScriptedImporter) -> (artifact id: '19b9ca84d939681faf209983e700c685') in 0.0055486 seconds
Number of updated asset objects reloaded before import = 0Number of asset objects unloaded after import = 17

========================================================================
Received Import Request.
  Time since last request: 0.000019 seconds.
  path: Assets/Samples/XR Interaction Toolkit/3.2.2/Starter Assets/DemoSceneAssets/Textures/Concrete_Albedo.tif
  artifactKey: Guid(5a327724a94a9674a8a93e6b4e9a6eee) Importer(2089858483,192608db42251d675da83286b1cce702)
Start importing Assets/Samples/XR Interaction Toolkit/3.2.2/Starter Assets/DemoSceneAssets/Textures/Concrete_Albedo.tif using Guid(5a327724a94a9674a8a93e6b4e9a6eee) Importer(2089858483,192608db42251d675da83286b1cce702) (ScriptedImporter) -> (artifact id: '607e4f8e02664843a9ca57514645fc10') in 0.0100753 seconds
Number of updated asset objects reloaded before import = 0Number of asset objects unloaded after import = 1

========================================================================
Received Import Request.
  Time since last request: 0.000028 seconds.
  path: Assets/Samples/XR Interaction Toolkit/3.2.2/Starter Assets/Prefabs/Controllers/XR Controller Left.prefab
  artifactKey: Guid(1392f805216c47742996d4742c80721c) Importer(2089858483,192608db42251d675da83286b1cce702)
Start importing Assets/Samples/XR Interaction Toolkit/3.2.2/Starter Assets/Prefabs/Controllers/XR Controller Left.prefab using Guid(1392f805216c47742996d4742c80721c) Importer(2089858483,192608db42251d675da83286b1cce702) (ScriptedImporter) -> (artifact id: 'd17735bf16b4dbf0cdf6cb2528c61b69') in 0.0122839 seconds
Number of updated asset objects reloaded before import = 0Number of asset objects unloaded after import = 59

========================================================================
Received Import Request.
  Time since last request: 0.000017 seconds.
  path: Assets/Samples/XR Interaction Toolkit/3.2.2/Starter Assets/Prefabs/Controllers/XR Controller Right.prefab
  artifactKey: Guid(9f3369e30fbd31f4bb596b1a99babe83) Importer(2089858483,192608db42251d675da83286b1cce702)
Start importing Assets/Samples/XR Interaction Toolkit/3.2.2/Starter Assets/Prefabs/Controllers/XR Controller Right.prefab using Guid(9f3369e30fbd31f4bb596b1a99babe83) Importer(2089858483,192608db42251d675da83286b1cce702) (ScriptedImporter) -> (artifact id: '158198a66ab04c65dc19d1dee2f4acf8') in 0.011765 seconds
Number of updated asset objects reloaded before import = 0Number of asset objects unloaded after import = 58

========================================================================
Received Import Request.
  Time since last request: 0.000016 seconds.
  path: Assets/Samples/XR Interaction Toolkit/3.2.2/Starter Assets/Prefabs/Interactors/Poke Interactor.prefab
  artifactKey: Guid(27024f5809f4a4347b9cd7f26a1bdf93) Importer(2089858483,192608db42251d675da83286b1cce702)
Start importing Assets/Samples/XR Interaction Toolkit/3.2.2/Starter Assets/Prefabs/Interactors/Poke Interactor.prefab using Guid(27024f5809f4a4347b9cd7f26a1bdf93) Importer(2089858483,192608db42251d675da83286b1cce702) (ScriptedImporter) -> (artifact id: '80cf7fc23204caf337ee7ad69f41ee34') in 0.0144428 seconds
Number of updated asset objects reloaded before import = 0Number of asset objects unloaded after import = 12

========================================================================
Received Import Request.
  Time since last request: 0.000017 seconds.
  path: Assets/Samples/XR Interaction Toolkit/3.2.2/Starter Assets/Prefabs/Teleport/Climb Teleport Arrow.prefab
  artifactKey: Guid(ae1968658b9687b47976fe86c062168f) Importer(2089858483,192608db42251d675da83286b1cce702)
Start importing Assets/Samples/XR Interaction Toolkit/3.2.2/Starter Assets/Prefabs/Teleport/Climb Teleport Arrow.prefab using Guid(ae1968658b9687b47976fe86c062168f) Importer(2089858483,192608db42251d675da83286b1cce702) (ScriptedImporter) -> (artifact id: '2aecc21e0dba7ecc8e6cf51278d04cde') in 0.0082256 seconds
Number of updated asset objects reloaded before import = 0Number of asset objects unloaded after import = 27

========================================================================
Received Import Request.
  Time since last request: 0.000018 seconds.
  path: Assets/Samples/XR Interaction Toolkit/3.2.2/Starter Assets/Prefabs/Teleport/Directional Teleport Reticle.prefab
  artifactKey: Guid(893219773891c784ab469a39151879b4) Importer(2089858483,192608db42251d675da83286b1cce702)
Start importing Assets/Samples/XR Interaction Toolkit/3.2.2/Starter Assets/Prefabs/Teleport/Directional Teleport Reticle.prefab using Guid(893219773891c784ab469a39151879b4) Importer(2089858483,192608db42251d675da83286b1cce702) (ScriptedImporter) -> (artifact id: '72c4236f760f0b4ea5120ed2195f2ec0') in 0.0058139 seconds
Number of updated asset objects reloaded before import = 0Number of asset objects unloaded after import = 13

========================================================================
Received Import Request.
  Time since last request: 0.000044 seconds.
  path: Assets/resources/UI/Img-Melee.jpeg
  artifactKey: Guid(5a9f911041af4304ea6c9c0facf91bb9) Importer(2089858483,192608db42251d675da83286b1cce702)
Start importing Assets/resources/UI/Img-Melee.jpeg using Guid(5a9f911041af4304ea6c9c0facf91bb9) Importer(2089858483,192608db42251d675da83286b1cce702) (ScriptedImporter) -> (artifact id: '24c22a86273b9fd43c76e2666fd2336d') in 0.0132225 seconds
Number of updated asset objects reloaded before import = 0Number of asset objects unloaded after import = 1

========================================================================
Received Import Request.
  Time since last request: 0.000018 seconds.
  path: Assets/Samples/XR Interaction Toolkit/3.2.2/XR Device Simulator/UI/General/Locked.png
  artifactKey: Guid(3aad042fcb57b4bed9d9a46b932df060) Importer(2089858483,192608db42251d675da83286b1cce702)
Start importing Assets/Samples/XR Interaction Toolkit/3.2.2/XR Device Simulator/UI/General/Locked.png using Guid(3aad042fcb57b4bed9d9a46b932df060) Importer(2089858483,192608db42251d675da83286b1cce702) (ScriptedImporter) -> (artifact id: '2408ffdb206a98221a277c361a0a3c98') in 0.0132998 seconds
Number of updated asset objects reloaded before import = 0Number of asset objects unloaded after import = 3

========================================================================
Received Import Request.
  Time since last request: 0.000018 seconds.
  path: Assets/Samples/XR Interaction Toolkit/3.2.2/XR Device Simulator/UI/General/DeviceSimUI_bg.png
  artifactKey: Guid(d7348fb3f11ba4f6f933462328963785) Importer(2089858483,192608db42251d675da83286b1cce702)
Start importing Assets/Samples/XR Interaction Toolkit/3.2.2/XR Device Simulator/UI/General/DeviceSimUI_bg.png using Guid(d7348fb3f11ba4f6f933462328963785) Importer(2089858483,192608db42251d675da83286b1cce702) (ScriptedImporter) -> (artifact id: 'a4c3bc175ba7bdacf298665becb97a4d') in 0.0211099 seconds
Number of updated asset objects reloaded before import = 0Number of asset objects unloaded after import = 3

========================================================================
Received Import Request.
  Time since last request: 0.000017 seconds.
  path: Assets/Samples/XR Interaction Toolkit/3.2.2/XR Device Simulator/UI/General/OpenWindow.png
  artifactKey: Guid(633d1ace045fe402a9b307cb58251aa4) Importer(2089858483,192608db42251d675da83286b1cce702)
Start importing Assets/Samples/XR Interaction Toolkit/3.2.2/XR Device Simulator/UI/General/OpenWindow.png using Guid(633d1ace045fe402a9b307cb58251aa4) Importer(2089858483,192608db42251d675da83286b1cce702) (ScriptedImporter) -> (artifact id: '012c5a2eefd29ab8ad9ee40bc6a7fc70') in 0.0310759 seconds
Number of updated asset objects reloaded before import = 0Number of asset objects unloaded after import = 3

========================================================================
Received Import Request.
  Time since last request: 0.000022 seconds.
  path: Assets/Samples/XR Interaction Toolkit/3.2.2/XR Device Simulator/UI/Head/HMD.png
  artifactKey: Guid(4eb43321e418951499417cda6141b31a) Importer(2089858483,192608db42251d675da83286b1cce702)
Start importing Assets/Samples/XR Interaction Toolkit/3.2.2/XR Device Simulator/UI/Head/HMD.png using Guid(4eb43321e418951499417cda6141b31a) Importer(2089858483,192608db42251d675da83286b1cce702) (ScriptedImporter) -> (artifact id: 'b73d3821588632a41aff51c36bb7a47c') in 0.0212984 seconds
Number of updated asset objects reloaded before import = 0Number of asset objects unloaded after import = 3

========================================================================
Received Import Request.
  Time since last request: 0.000025 seconds.
  path: Assets/Samples/XR Interaction Toolkit/3.2.2/XR Device Simulator/UI/General/KeyboardIcon.png
  artifactKey: Guid(76dc0abb2ebb44c9a9bd39266f0b3c91) Importer(2089858483,192608db42251d675da83286b1cce702)
Start importing Assets/Samples/XR Interaction Toolkit/3.2.2/XR Device Simulator/UI/General/KeyboardIcon.png using Guid(76dc0abb2ebb44c9a9bd39266f0b3c91) Importer(2089858483,192608db42251d675da83286b1cce702) (ScriptedImporter) -> (artifact id: 'ad8ee7e33a3c8b29ad8d96157a85d1af') in 0.0153038 seconds
Number of updated asset objects reloaded before import = 0Number of asset objects unloaded after import = 3

========================================================================
Received Import Request.
  Time since last request: 0.000015 seconds.
  path: Assets/Samples/XR Interaction Toolkit/3.2.2/XR Device Simulator/UI/Hands/hand.png
  artifactKey: Guid(290d158031622c645aa55f8bd981be12) Importer(2089858483,192608db42251d675da83286b1cce702)
Start importing Assets/Samples/XR Interaction Toolkit/3.2.2/XR Device Simulator/UI/Hands/hand.png using Guid(290d158031622c645aa55f8bd981be12) Importer(2089858483,192608db42251d675da83286b1cce702) (ScriptedImporter) -> (artifact id: 'ba4ec82e9986ffd96856be1acd691aff') in 0.010109 seconds
Number of updated asset objects reloaded before import = 0Number of asset objects unloaded after import = 3

========================================================================
Received Import Request.
  Time since last request: 0.000017 seconds.
  path: Assets/Samples/XR Interaction Toolkit/3.2.2/XR Device Simulator/UI/Mouse/Mouse.png
  artifactKey: Guid(f997d60d79a4e45cab6b1814e377a1b3) Importer(2089858483,192608db42251d675da83286b1cce702)
Start importing Assets/Samples/XR Interaction Toolkit/3.2.2/XR Device Simulator/UI/Mouse/Mouse.png using Guid(f997d60d79a4e45cab6b1814e377a1b3) Importer(2089858483,192608db42251d675da83286b1cce702) (ScriptedImporter) -> (artifact id: '996bce3a2facd252e5542b600771661e') in 0.008264 seconds
Number of updated asset objects reloaded before import = 0Number of asset objects unloaded after import = 3

========================================================================
Received Import Request.
  Time since last request: 0.000016 seconds.
  path: Assets/Samples/XR Interaction Toolkit/3.2.2/XR Device Simulator/UI/Mouse/MouseR.png
  artifactKey: Guid(14e910c1fb9c7514a8106ffd25f1d892) Importer(2089858483,192608db42251d675da83286b1cce702)
Start importing Assets/Samples/XR Interaction Toolkit/3.2.2/XR Device Simulator/UI/Mouse/MouseR.png using Guid(14e910c1fb9c7514a8106ffd25f1d892) Importer(2089858483,192608db42251d675da83286b1cce702) (ScriptedImporter) -> (artifact id: '21ecfbc2fcf91baf906c476c9382ee57') in 0.0096255 seconds
Number of updated asset objects reloaded before import = 0Number of asset objects unloaded after import = 3

========================================================================
Received Import Request.
  Time since last request: 0.000016 seconds.
  path: Assets/Samples/XR Interaction Toolkit/3.2.2/Hands Interaction Demo/HandsDemoSceneAssets/Prefabs/UI/ScrollView.prefab
  artifactKey: Guid(cc0d6bd3aca3b5d4a986e27ce112e071) Importer(2089858483,192608db42251d675da83286b1cce702)
Start importing Assets/Samples/XR Interaction Toolkit/3.2.2/Hands Interaction Demo/HandsDemoSceneAssets/Prefabs/UI/ScrollView.prefab using Guid(cc0d6bd3aca3b5d4a986e27ce112e071) Importer(2089858483,192608db42251d675da83286b1cce702) (ScriptedImporter) -> (artifact id: 'a0cd92442b15e4e1eba9ac15149b59f6') in 0.024 seconds
Number of updated asset objects reloaded before import = 0Number of asset objects unloaded after import = 191

========================================================================
Received Import Request.
  Time since last request: 0.000023 seconds.
  path: Assets/Samples/XR Interaction Toolkit/3.2.2/XR Device Simulator/UI/Mouse/Cursor.png
  artifactKey: Guid(9e4e923f2e0534a56b6a0c2321388194) Importer(2089858483,192608db42251d675da83286b1cce702)
Start importing Assets/Samples/XR Interaction Toolkit/3.2.2/XR Device Simulator/UI/Mouse/Cursor.png using Guid(9e4e923f2e0534a56b6a0c2321388194) Importer(2089858483,192608db42251d675da83286b1cce702) (ScriptedImporter) -> (artifact id: 'a9935748b7a7b6d56f5b0a435517f0e8') in 0.0128434 seconds
Number of updated asset objects reloaded before import = 0Number of asset objects unloaded after import = 3

========================================================================
Received Import Request.
  Time since last request: 0.000027 seconds.
  path: Assets/Samples/XR Interaction Toolkit/3.2.2/Starter Assets/DemoSceneAssets/Prefabs/Climb/ClimbTeleportReticle.prefab
  artifactKey: Guid(6eb816e9b7ce30f4cadff3d4ad7ad10c) Importer(2089858483,192608db42251d675da83286b1cce702)
Start importing Assets/Samples/XR Interaction Toolkit/3.2.2/Starter Assets/DemoSceneAssets/Prefabs/Climb/ClimbTeleportReticle.prefab using Guid(6eb816e9b7ce30f4cadff3d4ad7ad10c) Importer(2089858483,192608db42251d675da83286b1cce702) (ScriptedImporter) -> (artifact id: '7c6db0880e0c44b49437a708fbf01c18') in 0.0086681 seconds
Number of updated asset objects reloaded before import = 0Number of asset objects unloaded after import = 40

========================================================================
Received Import Request.
  Time since last request: 0.000021 seconds.
  path: Assets/Samples/XR Interaction Toolkit/3.2.2/Hands Interaction Demo/HandsDemoSceneAssets/Models/Primitives/Cylinder.fbx
  artifactKey: Guid(bf65382e5e6d14e7f8140e4204ce07e2) Importer(2089858483,192608db42251d675da83286b1cce702)
Start importing Assets/Samples/XR Interaction Toolkit/3.2.2/Hands Interaction Demo/HandsDemoSceneAssets/Models/Primitives/Cylinder.fbx using Guid(bf65382e5e6d14e7f8140e4204ce07e2) Importer(2089858483,192608db42251d675da83286b1cce702) (ScriptedImporter) -> (artifact id: '55a8e5297ccd892c7f7b282a5c2f1c2e') in 0.0203511 seconds
Number of updated asset objects reloaded before import = 0Number of asset objects unloaded after import = 8

========================================================================
Received Import Request.
  Time since last request: 0.000016 seconds.
  path: Assets/Samples/XR Interaction Toolkit/3.2.2/Hands Interaction Demo/HandsDemoSceneAssets/Prefabs/UI/TouchPadButton.prefab
  artifactKey: Guid(b0c78422845bac948a9080175e57ffff) Importer(2089858483,192608db42251d675da83286b1cce702)
Start importing Assets/Samples/XR Interaction Toolkit/3.2.2/Hands Interaction Demo/HandsDemoSceneAssets/Prefabs/UI/TouchPadButton.prefab using Guid(b0c78422845bac948a9080175e57ffff) Importer(2089858483,192608db42251d675da83286b1cce702) (ScriptedImporter) -> (artifact id: '3e7316d1c37c27b68c2c2df6af41e83d') in 0.0155531 seconds
Number of updated asset objects reloaded before import = 0Number of asset objects unloaded after import = 24

========================================================================
Received Import Request.
  Time since last request: 0.000015 seconds.
  path: Assets/Samples/XR Interaction Toolkit/3.2.2/Starter Assets/DemoSceneAssets/Prefabs/Climb/Ladder.prefab
  artifactKey: Guid(b3830b3b2f190ee46a9c88433e985221) Importer(2089858483,192608db42251d675da83286b1cce702)
Start importing Assets/Samples/XR Interaction Toolkit/3.2.2/Starter Assets/DemoSceneAssets/Prefabs/Climb/Ladder.prefab using Guid(b3830b3b2f190ee46a9c88433e985221) Importer(2089858483,192608db42251d675da83286b1cce702) (ScriptedImporter) -> (artifact id: '684c958cc8481e737547a8dc5dcd86e0') in 0.0103596 seconds
Number of updated asset objects reloaded before import = 0Number of asset objects unloaded after import = 141

========================================================================
Received Import Request.
  Time since last request: 0.000022 seconds.
  path: Assets/Samples/XR Interaction Toolkit/3.2.2/Starter Assets/DemoSceneAssets/Sprites/LegibilityMask.png
  artifactKey: Guid(a85d80c1edb5d2f458d42e79f78055b9) Importer(2089858483,192608db42251d675da83286b1cce702)
Start importing Assets/Samples/XR Interaction Toolkit/3.2.2/Starter Assets/DemoSceneAssets/Sprites/LegibilityMask.png using Guid(a85d80c1edb5d2f458d42e79f78055b9) Importer(2089858483,192608db42251d675da83286b1cce702) (ScriptedImporter) -> (artifact id: '2f256bb3e046ad5b657c9560ba3a049a') in 0.0134205 seconds
Number of updated asset objects reloaded before import = 0Number of asset objects unloaded after import = 3

========================================================================
Received Import Request.
  Time since last request: 0.000024 seconds.
  path: Assets/Samples/XR Interaction Toolkit/3.2.2/Starter Assets/DemoSceneAssets/Prefabs/Teleport/Teleport Area.prefab
  artifactKey: Guid(beb4e2871579447497fe41dfb108e2cd) Importer(2089858483,192608db42251d675da83286b1cce702)
Start importing Assets/Samples/XR Interaction Toolkit/3.2.2/Starter Assets/DemoSceneAssets/Prefabs/Teleport/Teleport Area.prefab using Guid(beb4e2871579447497fe41dfb108e2cd) Importer(2089858483,192608db42251d675da83286b1cce702) (ScriptedImporter) -> (artifact id: 'd0c87d4698ae066b022fd5538508cde8') in 0.0203923 seconds
Number of updated asset objects reloaded before import = 0Number of asset objects unloaded after import = 10

========================================================================
Received Import Request.
  Time since last request: 0.000018 seconds.
  path: Assets/Samples/XR Interaction Toolkit/3.2.2/Starter Assets/DemoSceneAssets/Prefabs/UI/Text Toggle.prefab
  artifactKey: Guid(6a448845c7017044e8a9f3d711cfe825) Importer(2089858483,192608db42251d675da83286b1cce702)
Start importing Assets/Samples/XR Interaction Toolkit/3.2.2/Starter Assets/DemoSceneAssets/Prefabs/UI/Text Toggle.prefab using Guid(6a448845c7017044e8a9f3d711cfe825) Importer(2089858483,192608db42251d675da83286b1cce702) (ScriptedImporter) -> (artifact id: '6f8c3bd74b6e294f652909e613dc6341') in 0.0318862 seconds
Number of updated asset objects reloaded before import = 0Number of asset objects unloaded after import = 25

========================================================================
Received Import Request.
  Time since last request: 0.000016 seconds.
  path: Assets/Samples/XR Interaction Toolkit/3.2.2/Starter Assets/DemoSceneAssets/Prefabs/Interactables/Cylinder.prefab
  artifactKey: Guid(2ed984a58a974166bf92c82a74380454) Importer(2089858483,192608db42251d675da83286b1cce702)
Start importing Assets/Samples/XR Interaction Toolkit/3.2.2/Starter Assets/DemoSceneAssets/Prefabs/Interactables/Cylinder.prefab using Guid(2ed984a58a974166bf92c82a74380454) Importer(2089858483,192608db42251d675da83286b1cce702) (ScriptedImporter) -> (artifact id: 'b13c5f103fc1891782a285dc43bb148b') in 0.0130741 seconds
Number of updated asset objects reloaded before import = 0Number of asset objects unloaded after import = 25

========================================================================
Received Import Request.
  Time since last request: 0.000019 seconds.
  path: Assets/Samples/XR Interaction Toolkit/3.2.2/Starter Assets/DemoSceneAssets/Prefabs/Climb/Multi Floor Ladder.prefab
  artifactKey: Guid(652585f331bff7e44afb8fe71ec2119f) Importer(2089858483,192608db42251d675da83286b1cce702)
Start importing Assets/Samples/XR Interaction Toolkit/3.2.2/Starter Assets/DemoSceneAssets/Prefabs/Climb/Multi Floor Ladder.prefab using Guid(652585f331bff7e44afb8fe71ec2119f) Importer(2089858483,192608db42251d675da83286b1cce702) (ScriptedImporter) -> (artifact id: 'b4cb1f60d2c2a5f0c401557d0259d151') in 0.0152864 seconds
Number of updated asset objects reloaded before import = 0Number of asset objects unloaded after import = 292

========================================================================
Received Import Request.
  Time since last request: 0.000021 seconds.
  path: Assets/Samples/XR Interaction Toolkit/3.2.2/Starter Assets/DemoSceneAssets/Prefabs/UI/Icon Button.prefab
  artifactKey: Guid(56686f82f64b0af4688a89676403a500) Importer(2089858483,192608db42251d675da83286b1cce702)
Start importing Assets/Samples/XR Interaction Toolkit/3.2.2/Starter Assets/DemoSceneAssets/Prefabs/UI/Icon Button.prefab using Guid(56686f82f64b0af4688a89676403a500) Importer(2089858483,192608db42251d675da83286b1cce702) (ScriptedImporter) -> (artifact id: '94ee7ec6b1d2070286922aa9816abfec') in 0.0122254 seconds
Number of updated asset objects reloaded before import = 0Number of asset objects unloaded after import = 24

========================================================================
Received Import Request.
  Time since last request: 0.000025 seconds.
  path: Assets/Samples/XR Interaction Toolkit/3.2.2/Starter Assets/DemoSceneAssets/Prefabs/UI/Scroll UI Sample.prefab
  artifactKey: Guid(0cbc0856f0fb8d84a81be5dea463c369) Importer(2089858483,192608db42251d675da83286b1cce702)
Start importing Assets/Samples/XR Interaction Toolkit/3.2.2/Starter Assets/DemoSceneAssets/Prefabs/UI/Scroll UI Sample.prefab using Guid(0cbc0856f0fb8d84a81be5dea463c369) Importer(2089858483,192608db42251d675da83286b1cce702) (ScriptedImporter) -> (artifact id: '403dfc341105d28f3b36339366f1586c') in 0.0102186 seconds
Number of updated asset objects reloaded before import = 0Number of asset objects unloaded after import = 72

========================================================================
Received Import Request.
  Time since last request: 0.000015 seconds.
  path: Assets/Samples/XR Interaction Toolkit/3.2.2/Starter Assets/DemoSceneAssets/Prefabs/UI/MinMaxSlider.prefab
  artifactKey: Guid(657321a07c3561043af55547ec4b0ed7) Importer(2089858483,192608db42251d675da83286b1cce702)
Start importing Assets/Samples/XR Interaction Toolkit/3.2.2/Starter Assets/DemoSceneAssets/Prefabs/UI/MinMaxSlider.prefab using Guid(657321a07c3561043af55547ec4b0ed7) Importer(2089858483,192608db42251d675da83286b1cce702) (ScriptedImporter) -> (artifact id: 'f2ee446262b0c09cbc6a013b5847af5d') in 0.0105365 seconds
Number of updated asset objects reloaded before import = 0Number of asset objects unloaded after import = 26

========================================================================
Received Import Request.
  Time since last request: 0.000017 seconds.
  path: Assets/Samples/XR Interaction Toolkit/3.2.2/XR Device Simulator/UI/Head/XR.png
  artifactKey: Guid(0265e2b6afccd49de9c1f0b3a1fb4285) Importer(2089858483,192608db42251d675da83286b1cce702)
Start importing Assets/Samples/XR Interaction Toolkit/3.2.2/XR Device Simulator/UI/Head/XR.png using Guid(0265e2b6afccd49de9c1f0b3a1fb4285) Importer(2089858483,192608db42251d675da83286b1cce702) (ScriptedImporter) -> (artifact id: 'eddd1944a26351682a63eb9fbc21b715') in 0.0126526 seconds
Number of updated asset objects reloaded before import = 0Number of asset objects unloaded after import = 3

========================================================================
Received Import Request.
  Time since last request: 0.000015 seconds.
  path: Assets/Samples/XR Interaction Toolkit/3.2.2/Starter Assets/DemoSceneAssets/Models/Primitive_Torus.fbx
  artifactKey: Guid(f077c919501a44778a0c2edb6eb1a54a) Importer(2089858483,192608db42251d675da83286b1cce702)
Start importing Assets/Samples/XR Interaction Toolkit/3.2.2/Starter Assets/DemoSceneAssets/Models/Primitive_Torus.fbx using Guid(f077c919501a44778a0c2edb6eb1a54a) Importer(2089858483,192608db42251d675da83286b1cce702) (ScriptedImporter) -> (artifact id: '0334be38910a6818775f6176e017e3eb') in 0.018069 seconds
Number of updated asset objects reloaded before import = 0Number of asset objects unloaded after import = 9

========================================================================
Received Import Request.
  Time since last request: 0.000023 seconds.
  path: Assets/Samples/XR Interaction Toolkit/3.2.2/Starter Assets/DemoSceneAssets/Textures/Concrete_Normal.tif
  artifactKey: Guid(cdebec39dbf81a14688e1de8d12897b4) Importer(2089858483,192608db42251d675da83286b1cce702)
Start importing Assets/Samples/XR Interaction Toolkit/3.2.2/Starter Assets/DemoSceneAssets/Textures/Concrete_Normal.tif using Guid(cdebec39dbf81a14688e1de8d12897b4) Importer(2089858483,192608db42251d675da83286b1cce702) (ScriptedImporter) -> (artifact id: '46e84ccaeef92357504d4fb8091c55b8') in 0.0090989 seconds
Number of updated asset objects reloaded before import = 0Number of asset objects unloaded after import = 1

========================================================================
Received Import Request.
  Time since last request: 0.000033 seconds.
  path: Assets/_Tanks/Art/Models/Environment/Rocks03.fbx
  artifactKey: Guid(fd0d7091fe3f1d24e81321bc2e4209df) Importer(2089858483,192608db42251d675da83286b1cce702)
Start importing Assets/_Tanks/Art/Models/Environment/Rocks03.fbx using Guid(fd0d7091fe3f1d24e81321bc2e4209df) Importer(2089858483,192608db42251d675da83286b1cce702) (ScriptedImporter) -> (artifact id: '1ec51d6845affcb4815c3f5c961f9e3d') in 0.0100687 seconds
Number of updated asset objects reloaded before import = 0Number of asset objects unloaded after import = 14

========================================================================
Received Import Request.
  Time since last request: 0.000017 seconds.
  path: Assets/_Tanks/Art/Models/Environment/Bush 01.FBX
  artifactKey: Guid(982af6ed57dba58489c57e3f7e6b9442) Importer(2089858483,192608db42251d675da83286b1cce702)
Start importing Assets/_Tanks/Art/Models/Environment/Bush 01.FBX using Guid(982af6ed57dba58489c57e3f7e6b9442) Importer(2089858483,192608db42251d675da83286b1cce702) (ScriptedImporter) -> (artifact id: '30e2cefe976c505ec7b14450b8b3c46b') in 0.0114129 seconds
Number of updated asset objects reloaded before import = 0Number of asset objects unloaded after import = 9

========================================================================
Received Import Request.
  Time since last request: 0.000016 seconds.
  path: Assets/_Tanks/Art/Sprites/Aim Arrow.png
  artifactKey: Guid(ab943d3d5ac38bb448fabe3cdc9516d1) Importer(2089858483,192608db42251d675da83286b1cce702)
Start importing Assets/_Tanks/Art/Sprites/Aim Arrow.png using Guid(ab943d3d5ac38bb448fabe3cdc9516d1) Importer(2089858483,192608db42251d675da83286b1cce702) (ScriptedImporter) -> (artifact id: '6d31e397d29c0b1c84642547b1c9eabe') in 0.0109156 seconds
Number of updated asset objects reloaded before import = 0Number of asset objects unloaded after import = 3

========================================================================
Received Import Request.
  Time since last request: 0.000017 seconds.
  path: Assets/_Tanks/Art/Textures/UI/Highlight_Select.png
  artifactKey: Guid(b2fc9cfefa2d15d41ac68067cc0b7a5a) Importer(2089858483,192608db42251d675da83286b1cce702)
Start importing Assets/_Tanks/Art/Textures/UI/Highlight_Select.png using Guid(b2fc9cfefa2d15d41ac68067cc0b7a5a) Importer(2089858483,192608db42251d675da83286b1cce702) (ScriptedImporter) -> (artifact id: 'f7805a45527abf9d4e7ddd349641e772') in 0.0076557 seconds
Number of updated asset objects reloaded before import = 0Number of asset objects unloaded after import = 3

========================================================================
Received Import Request.
  Time since last request: 0.000018 seconds.
  path: Assets/_Tanks/Art/Textures/rock Jungle.png
  artifactKey: Guid(97af640113b980e44b70bf726f939231) Importer(2089858483,192608db42251d675da83286b1cce702)
Start importing Assets/_Tanks/Art/Textures/rock Jungle.png using Guid(97af640113b980e44b70bf726f939231) Importer(2089858483,192608db42251d675da83286b1cce702) (ScriptedImporter) -> (artifact id: 'a8d46550a428b5172e2b0ea3f314e88c') in 0.0100532 seconds
Number of updated asset objects reloaded before import = 0Number of asset objects unloaded after import = 1

========================================================================
Received Import Request.
  Time since last request: 0.000021 seconds.
  path: Assets/_Tanks/Tutorial_Demo/Demo_Scenes/Demo_Game_Desert.unity
  artifactKey: Guid(37c9d2c08de91d04183fed69ef45a7bc) Importer(2089858483,192608db42251d675da83286b1cce702)
Start importing Assets/_Tanks/Tutorial_Demo/Demo_Scenes/Demo_Game_Desert.unity using Guid(37c9d2c08de91d04183fed69ef45a7bc) Importer(2089858483,192608db42251d675da83286b1cce702) (ScriptedImporter) -> (artifact id: '60a12fb0c705c692523f25219cc9e29e') in 0.0112969 seconds
Number of updated asset objects reloaded before import = 0Number of asset objects unloaded after import = 1

========================================================================
Received Import Request.
  Time since last request: 0.000032 seconds.
  path: Assets/_Tanks/Art/Models/Environment/Tree.fbx
  artifactKey: Guid(50912a5d3c9322a46afa5ca162962a5c) Importer(2089858483,192608db42251d675da83286b1cce702)
Start importing Assets/_Tanks/Art/Models/Environment/Tree.fbx using Guid(50912a5d3c9322a46afa5ca162962a5c) Importer(2089858483,192608db42251d675da83286b1cce702) (ScriptedImporter) -> (artifact id: '8024cda5630eef7af07c0e2d55792edb') in 0.0156035 seconds
Number of updated asset objects reloaded before import = 0Number of asset objects unloaded after import = 8

========================================================================
Received Import Request.
  Time since last request: 0.000016 seconds.
  path: Assets/_Tanks/Prefabs/UI/Fonts/Moonscape Demo SDF.asset
  artifactKey: Guid(5dce1b1ae921cbb4fa6f2e84f6a71494) Importer(2089858483,192608db42251d675da83286b1cce702)
Start importing Assets/_Tanks/Prefabs/UI/Fonts/Moonscape Demo SDF.asset using Guid(5dce1b1ae921cbb4fa6f2e84f6a71494) Importer(2089858483,192608db42251d675da83286b1cce702) (ScriptedImporter) -> (artifact id: '2a520ea9091996d6f7660abc3f0d178f') in 0.0143408 seconds
Number of updated asset objects reloaded before import = 0Number of asset objects unloaded after import = 3

========================================================================
Received Import Request.
  Time since last request: 0.000015 seconds.
  path: Assets/resources/Prefab/EnvironmentComp.prefab
  artifactKey: Guid(c975509d035c4554fb1c1ff7f4d8ead8) Importer(2089858483,192608db42251d675da83286b1cce702)
Start importing Assets/resources/Prefab/EnvironmentComp.prefab using Guid(c975509d035c4554fb1c1ff7f4d8ead8) Importer(2089858483,192608db42251d675da83286b1cce702) (ScriptedImporter) -> (artifact id: '60dfb04aac06567c101059ac7db0dfd1') in 0.0165274 seconds
Number of updated asset objects reloaded before import = 0Number of asset objects unloaded after import = 755

========================================================================
Received Import Request.
  Time since last request: 0.000020 seconds.
  path: Assets/Settings/SampleSceneProfile.asset
  artifactKey: Guid(10fc4df2da32a41aaa32d77bc913491c) Importer(2089858483,192608db42251d675da83286b1cce702)
Start importing Assets/Settings/SampleSceneProfile.asset using Guid(10fc4df2da32a41aaa32d77bc913491c) Importer(2089858483,192608db42251d675da83286b1cce702) (ScriptedImporter) -> (artifact id: 'd0951795531ceb19e661014d233435fb') in 0.0038221 seconds
Number of updated asset objects reloaded before import = 0Number of asset objects unloaded after import = 1

========================================================================
Received Import Request.
  Time since last request: 0.000018 seconds.
  path: Assets/_Tanks/Art/Materials/Environment/BuildingMetal.mat
  artifactKey: Guid(e7df269b1d6121e4787b2f27aab18dbe) Importer(2089858483,192608db42251d675da83286b1cce702)
Start importing Assets/_Tanks/Art/Materials/Environment/BuildingMetal.mat using Guid(e7df269b1d6121e4787b2f27aab18dbe) Importer(2089858483,192608db42251d675da83286b1cce702) (ScriptedImporter) -> (artifact id: '93a43085ff729359013bc9553a7084c6') in 0.0054043 seconds
Number of updated asset objects reloaded before import = 0Number of asset objects unloaded after import = 1

========================================================================
Received Import Request.
  Time since last request: 0.000028 seconds.
  path: Assets/Samples/XR Interaction Toolkit/3.2.2/Starter Assets/Shaders/Interactable.shadergraph
  artifactKey: Guid(0927d29e476ce5843b1f7d2a96943c51) Importer(2089858483,192608db42251d675da83286b1cce702)
Start importing Assets/Samples/XR Interaction Toolkit/3.2.2/Starter Assets/Shaders/Interactable.shadergraph using Guid(0927d29e476ce5843b1f7d2a96943c51) Importer(2089858483,192608db42251d675da83286b1cce702) (ScriptedImporter) -> (artifact id: '9d3a6c33389e140009f3b86e16898bc5') in 0.17058 seconds
Number of updated asset objects reloaded before import = 0Number of asset objects unloaded after import = 6

========================================================================
Received Import Request.
  Time since last request: 0.000018 seconds.
  path: Assets/TextMesh Pro/Shaders/TMP_SDF-HDRP UNLIT.shadergraph
  artifactKey: Guid(f63d574838ccfb44f84acc05fed0af48) Importer(2089858483,192608db42251d675da83286b1cce702)
Start importing Assets/TextMesh Pro/Shaders/TMP_SDF-HDRP UNLIT.shadergraph using Guid(f63d574838ccfb44f84acc05fed0af48) Importer(2089858483,192608db42251d675da83286b1cce702) (ScriptedImporter) -> (artifact id: 'd1b7613b952d0dd09ade1723f74f7122') in 0.0108953 seconds
Number of updated asset objects reloaded before import = 0Number of asset objects unloaded after import = 3

========================================================================
Received Import Request.
  Time since last request: 0.000031 seconds.
  path: Assets/_Tanks/Prefabs/PowerUps/Indicators/HealingIndicator.prefab
  artifactKey: Guid(b92a11b51bfb1bd439bd1536a9d86351) Importer(2089858483,192608db42251d675da83286b1cce702)
Start importing Assets/_Tanks/Prefabs/PowerUps/Indicators/HealingIndicator.prefab using Guid(b92a11b51bfb1bd439bd1536a9d86351) Importer(2089858483,192608db42251d675da83286b1cce702) (ScriptedImporter) -> (artifact id: 'fe4099a1657d101845906f0d483c6914') in 0.006148 seconds
Number of updated asset objects reloaded before import = 0Number of asset objects unloaded after import = 26

========================================================================
Received Import Request.
  Time since last request: 0.000017 seconds.
  path: Assets/resources/Prefab/Cube.prefab
  artifactKey: Guid(899aa78143b68a14e9693d7f0eb5d963) Importer(2089858483,192608db42251d675da83286b1cce702)
Start importing Assets/resources/Prefab/Cube.prefab using Guid(899aa78143b68a14e9693d7f0eb5d963) Importer(2089858483,192608db42251d675da83286b1cce702) (ScriptedImporter) -> (artifact id: 'dabd9b0e4932f48e5ec7b949041c8b22') in 0.0074427 seconds
Number of updated asset objects reloaded before import = 0Number of asset objects unloaded after import = 10

========================================================================
Received Import Request.
  Time since last request: 0.000019 seconds.
  path: Assets/Plugins/AssetUsageDetector/Editor/AssetUsageDetectorSettings.cs
  artifactKey: Guid(13295073724765e45aa3b77486e515f4) Importer(2089858483,192608db42251d675da83286b1cce702)
Start importing Assets/Plugins/AssetUsageDetector/Editor/AssetUsageDetectorSettings.cs using Guid(13295073724765e45aa3b77486e515f4) Importer(2089858483,192608db42251d675da83286b1cce702) (ScriptedImporter) -> (artifact id: 'ac1bfec537ce4117f0dd6df837e1f06c') in 0.0045321 seconds
Number of updated asset objects reloaded before import = 0Number of asset objects unloaded after import = 0

========================================================================
Received Import Request.
  Time since last request: 0.000017 seconds.
  path: Assets/TextMesh Pro/Shaders/TMP_SDF-Mobile Masking.shader
  artifactKey: Guid(bc1ede39bf3643ee8e493720e4259791) Importer(2089858483,192608db42251d675da83286b1cce702)
Start importing Assets/TextMesh Pro/Shaders/TMP_SDF-Mobile Masking.shader using Guid(bc1ede39bf3643ee8e493720e4259791) Importer(2089858483,192608db42251d675da83286b1cce702) (ScriptedImporter) -> (artifact id: '8d9192aac6402390df6fdefebcfd9597') in 0.004616 seconds
Number of updated asset objects reloaded before import = 0Number of asset objects unloaded after import = 1

========================================================================
Received Import Request.
  Time since last request: 0.000014 seconds.
  path: Assets/XR/Loaders/OpenXRLoader.asset
  artifactKey: Guid(e0da030d5e6a4d94a8a6b2f95010b686) Importer(2089858483,192608db42251d675da83286b1cce702)
Start importing Assets/XR/Loaders/OpenXRLoader.asset using Guid(e0da030d5e6a4d94a8a6b2f95010b686) Importer(2089858483,192608db42251d675da83286b1cce702) (ScriptedImporter) -> (artifact id: '2fb7bbaa42e815e3359f68ba15adf480') in 0.0044171 seconds
Number of updated asset objects reloaded before import = 0Number of asset objects unloaded after import = 1

========================================================================
Received Import Request.
  Time since last request: 0.000019 seconds.
  path: Assets/_Tanks/Prefabs/PowerUps/Indicators/EnhancedShellIndicator.prefab
  artifactKey: Guid(7be7fa772e491c5498361d62e8af3942) Importer(2089858483,192608db42251d675da83286b1cce702)
Start importing Assets/_Tanks/Prefabs/PowerUps/Indicators/EnhancedShellIndicator.prefab using Guid(7be7fa772e491c5498361d62e8af3942) Importer(2089858483,192608db42251d675da83286b1cce702) (ScriptedImporter) -> (artifact id: '542359339109fa2baca6a2f8df44338a') in 0.0062474 seconds
Number of updated asset objects reloaded before import = 0Number of asset objects unloaded after import = 14

========================================================================
Received Import Request.
  Time since last request: 0.000027 seconds.
  path: Assets/_Tanks/Prefabs/Explosives/TankExplosion.prefab
  artifactKey: Guid(6bc6d0dd8b8428e4ca316513f2cf13c6) Importer(2089858483,192608db42251d675da83286b1cce702)
Start importing Assets/_Tanks/Prefabs/Explosives/TankExplosion.prefab using Guid(6bc6d0dd8b8428e4ca316513f2cf13c6) Importer(2089858483,192608db42251d675da83286b1cce702) (ScriptedImporter) -> (artifact id: '8c1ea04ce0573e3b2e9d923187810f66') in 0.0370633 seconds
Number of updated asset objects reloaded before import = 0Number of asset objects unloaded after import = 16

